,date,T2M,PRECIP,RH2M
0,1986-06-01,31.13,1.25,25.48
1,1986-06-02,31.35,3.38,30.59
2,1986-06-03,33.0,0.0,25.53
3,1986-06-04,32.54,1.91,23.78
4,1986-06-05,33.34,0.0,21.83
5,1986-06-06,33.58,0.04,19.57
6,1986-06-07,34.81,0.0,16.61
7,1986-06-08,35.13,0.0,13.7
8,1986-06-09,36.25,0.0,11.99
9,1986-06-10,37.49,0.0,10.98
10,1986-06-11,36.88,0.0,15.41
11,1986-06-12,37.62,0.0,16.88
12,1986-06-13,37.94,0.0,16.78
13,1986-06-14,38.63,0.0,14.86
14,1986-06-15,39.68,0.0,11.99
15,1986-06-16,39.46,0.0,13.99
16,1986-06-17,39.72,0.0,15.78
17,1986-06-18,39.38,0.0,21.39
18,1986-06-19,40.83,0.0,14.73
19,1986-06-20,40.98,0.0,12.37
20,1986-06-21,39.61,0.0,22.76
21,1986-06-22,40.2,0.0,25.09
22,1986-06-23,40.96,0.48,24.03
23,1986-06-24,39.85,3.87,28.88
24,1986-06-25,37.25,6.64,42.76
25,1986-06-26,34.35,15.7,50.89
26,1986-06-27,32.58,4.27,54.0
27,1986-06-28,35.29,0.1,41.26
28,1986-06-29,32.28,5.38,48.12
29,1986-06-30,31.97,3.53,53.97
30,1986-07-01,31.7,5.27,51.57
31,1986-07-02,32.34,3.19,48.78
32,1986-07-03,33.48,0.0,42.37
33,1986-07-04,34.83,0.0,36.77
34,1986-07-05,35.45,0.0,39.79
35,1986-07-06,36.58,0.0,39.4
36,1986-07-07,34.29,9.83,46.7
37,1986-07-08,32.97,14.11,55.36
38,1986-07-09,32.7,11.82,57.36
39,1986-07-10,32.64,4.64,51.89
40,1986-07-11,32.85,12.48,50.91
41,1986-07-12,32.77,9.18,52.66
42,1986-07-13,34.16,0.0,47.11
43,1986-07-14,35.27,0.0,43.31
44,1986-07-15,36.04,0.0,40.45
45,1986-07-16,36.51,0.0,37.24
46,1986-07-17,36.4,0.16,43.78
47,1986-07-18,34.55,1.68,45.93
48,1986-07-19,33.02,0.81,52.36
49,1986-07-20,33.73,2.34,49.99
50,1986-07-21,34.33,3.38,47.59
51,1986-07-22,32.42,1.93,53.06
52,1986-07-23,33.13,2.18,54.16
53,1986-07-24,32.95,4.07,50.81
54,1986-07-25,33.24,3.29,50.24
55,1986-07-26,33.28,0.86,51.85
56,1986-07-27,31.08,2.97,56.84
57,1986-07-28,31.89,8.03,55.33
58,1986-07-29,31.51,10.79,59.8
59,1986-07-30,32.39,0.75,54.38
60,1986-07-31,30.87,0.04,60.5
61,1986-08-01,29.26,12.65,72.04
62,1986-08-02,29.83,32.57,73.44
63,1986-08-03,32.25,0.12,60.48
64,1986-08-04,31.48,2.46,58.16
65,1986-08-05,30.81,4.84,63.41
66,1986-08-06,31.66,0.07,60.57
67,1986-08-07,31.48,0.14,61.62
68,1986-08-08,31.78,28.35,61.61
69,1986-08-09,31.65,10.08,66.11
70,1986-08-10,32.7,0.72,61.11
71,1986-08-11,32.38,0.0,59.98
72,1986-08-12,33.41,0.0,55.8
73,1986-08-13,31.0,2.06,64.59
74,1986-08-14,30.46,20.57,68.16
75,1986-08-15,31.06,6.27,68.2
76,1986-08-16,32.42,2.19,61.67
77,1986-08-17,32.28,1.79,60.39
78,1986-08-18,32.5,0.77,58.5
79,1986-08-19,31.67,0.17,61.05
80,1986-08-20,31.61,0.11,59.94
81,1986-08-21,30.98,7.26,60.7
82,1986-08-22,31.76,1.54,57.62
83,1986-08-23,31.74,0.47,57.74
84,1986-08-24,31.73,2.57,56.64
85,1986-08-25,31.36,0.07,46.09
86,1986-08-26,30.72,0.05,45.68
87,1986-08-27,30.8,0.0,45.66
88,1986-08-28,31.44,0.0,45.62
89,1986-08-29,31.59,0.0,46.4
90,1986-08-30,31.65,0.0,43.94
91,1986-08-31,31.32,1.6,45.88
92,1986-09-01,31.66,0.0,42.3
93,1986-09-02,31.6,0.0,41.01
94,1986-09-03,31.62,0.0,39.89
95,1986-09-04,31.65,0.0,38.64
96,1986-09-05,31.35,0.0,37.85
97,1986-09-06,30.77,0.0,38.08
98,1986-09-07,31.07,0.0,38.57
99,1986-09-08,31.92,0.0,34.11
100,1986-09-09,30.85,0.0,32.54
101,1986-09-10,30.84,0.14,35.0
102,1986-09-11,31.38,0.09,37.75
103,1986-09-12,30.68,0.0,42.98
104,1986-09-13,30.09,0.0,42.57
105,1986-09-14,27.82,18.92,50.12
106,1986-09-15,28.13,0.01,47.98
107,1986-09-16,28.46,0.0,43.4
108,1986-09-17,29.39,0.0,37.59
109,1986-09-18,30.05,0.0,33.58
110,1986-09-19,29.84,0.0,32.51
111,1986-09-20,29.9,0.0,33.14
112,1986-09-21,30.26,0.0,32.44
113,1986-09-22,29.58,0.0,34.42
114,1986-09-23,29.65,0.56,34.37
115,1986-09-24,29.25,3.02,41.24
116,1986-09-25,29.15,0.04,43.77
117,1986-09-26,29.06,0.02,47.1
118,1986-09-27,28.57,1.96,49.62
119,1986-09-28,28.07,0.16,54.47
120,1986-09-29,26.53,13.88,57.77
121,1986-09-30,27.63,0.0,49.24
122,1986-10-01,27.71,0.0,44.09
123,1986-10-02,27.69,0.0,44.19
124,1986-10-03,28.61,0.0,41.27
125,1986-10-04,28.83,0.0,39.45
126,1986-10-05,28.6,1.97,43.07
127,1986-10-06,27.89,5.3,51.09
128,1986-10-07,28.25,1.39,44.09
129,1986-10-08,28.76,0.0,39.21
130,1986-10-09,28.51,0.0,36.17
131,1986-10-10,27.06,0.0,37.18
132,1986-10-11,27.26,0.0,37.07
133,1986-10-12,27.25,0.04,35.21
134,1986-10-13,26.36,0.01,36.29
135,1986-10-14,26.99,0.0,33.9
136,1986-10-15,26.84,0.38,34.32
137,1986-10-16,26.2,0.17,38.93
138,1986-10-17,25.42,0.41,41.37
139,1986-10-18,23.82,1.05,38.0
140,1986-10-19,23.26,0.2,36.55
141,1986-10-20,21.87,0.0,36.56
142,1986-10-21,21.55,0.0,34.9
143,1986-10-22,22.53,0.0,28.45
144,1986-10-23,22.45,0.0,26.89
145,1986-10-24,22.58,0.0,25.69
146,1986-10-25,22.44,0.0,27.01
147,1986-10-26,22.23,0.0,29.04
148,1986-10-27,23.62,0.0,24.74
149,1986-10-28,23.46,0.0,25.53
150,1986-10-29,23.34,0.0,25.94
151,1986-10-30,23.66,0.0,25.3
152,1986-10-31,24.13,0.0,25.72
153,1986-11-01,23.63,0.0,25.23
154,1986-11-02,22.8,0.0,24.96
155,1986-11-03,22.52,0.0,25.05
156,1986-11-04,22.77,0.0,22.5
157,1986-11-05,22.59,0.0,20.68
158,1986-11-06,22.6,0.0,19.34
159,1986-11-07,22.19,0.0,17.8
160,1986-11-08,22.15,0.0,16.41
161,1986-11-09,21.71,0.0,17.05
162,1986-11-10,22.57,0.0,18.54
163,1986-11-11,22.5,0.0,18.8
164,1986-11-12,22.52,0.0,19.45
165,1986-11-13,22.22,0.0,20.38
166,1986-11-14,22.6,0.0,22.09
167,1986-11-15,22.87,0.08,24.77
168,1986-11-16,21.78,1.42,29.07
169,1986-11-17,19.51,1.21,32.83
170,1986-11-18,17.76,0.0,30.64
171,1986-11-19,17.39,0.0,21.8
172,1986-11-20,17.79,0.0,20.32
173,1986-11-21,19.55,0.0,16.79
174,1986-11-22,20.52,0.0,19.22
175,1986-11-23,19.3,0.0,24.29
176,1986-11-24,16.86,0.0,26.1
177,1986-11-25,17.01,0.0,27.27
178,1986-11-26,18.81,1.67,29.24
179,1986-11-27,16.63,3.06,40.14
180,1986-11-28,16.92,0.0,43.0
181,1986-11-29,16.99,0.17,38.41
182,1986-11-30,15.77,0.0,41.59
183,1986-12-01,14.77,1.39,45.76
184,1986-12-02,14.6,0.0,42.9
185,1986-12-03,15.56,0.0,40.41
186,1986-12-04,16.92,0.0,34.87
187,1986-12-05,15.72,0.0,35.48
188,1986-12-06,17.28,0.0,34.42
189,1986-12-07,17.2,0.0,36.59
190,1986-12-08,16.54,0.0,37.05
191,1986-12-09,16.82,0.0,29.51
192,1986-12-10,17.34,0.0,28.84
193,1986-12-11,17.99,0.0,30.65
194,1986-12-12,16.63,0.26,38.51
195,1986-12-13,14.95,12.29,48.69
196,1986-12-14,10.46,0.05,38.32
197,1986-12-15,8.58,0.2,32.28
198,1986-12-16,8.03,0.04,44.85
199,1986-12-17,9.65,0.0,49.7
200,1986-12-18,9.67,0.0,44.59
201,1986-12-19,9.01,0.0,42.13
202,1986-12-20,9.17,0.0,45.33
203,1986-12-21,11.02,0.0,41.65
204,1986-12-22,11.12,0.0,41.27
205,1986-12-23,11.11,0.03,47.26
206,1986-12-24,11.53,0.0,43.68
207,1986-12-25,11.49,0.0,42.87
208,1986-12-26,10.88,0.0,43.44
209,1986-12-27,11.58,0.0,35.97
210,1986-12-28,10.43,0.0,37.82
211,1986-12-29,11.14,0.0,38.18
212,1986-12-30,11.42,0.0,37.29
213,1986-12-31,11.5,0.0,40.15
214,1987-01-01,11.74,0.0,35.53
215,1987-01-02,11.36,0.0,39.08
216,1987-01-03,11.86,0.0,42.47
217,1987-01-04,13.7,0.0,35.05
218,1987-01-05,10.18,0.09,49.64
219,1987-01-06,14.47,0.43,38.77
220,1987-01-07,15.09,1.73,40.22
221,1987-01-08,15.22,0.09,39.34
222,1987-01-09,15.01,0.01,39.25
223,1987-01-10,15.96,0.0,37.69
224,1987-01-11,16.4,0.18,42.77
225,1987-01-12,15.28,0.03,65.94
226,1987-01-13,13.75,0.08,69.2
227,1987-01-14,13.42,0.0,67.73
228,1987-01-15,12.5,4.88,59.26
229,1987-01-16,14.7,0.0,48.26
230,1987-01-17,10.8,10.06,86.31
231,1987-01-18,11.63,0.0,67.16
232,1987-01-19,11.69,7.47,53.3
233,1987-01-20,11.98,0.0,43.81
234,1987-01-21,11.93,0.0,37.82
235,1987-01-22,13.78,0.0,29.79
236,1987-01-23,12.75,0.0,32.89
237,1987-01-24,11.36,0.0,41.58
238,1987-01-25,12.07,0.0,39.42
239,1987-01-26,14.47,0.0,30.42
240,1987-01-27,15.55,0.0,29.78
241,1987-01-28,14.99,0.0,32.8
242,1987-01-29,15.25,0.0,34.13
243,1987-01-30,16.66,0.0,30.27
244,1987-01-31,16.87,0.0,33.18
245,1987-02-01,17.78,0.0,35.98
246,1987-02-02,18.29,0.0,34.35
247,1987-02-03,16.79,0.0,39.13
248,1987-02-04,16.36,0.0,38.93
249,1987-02-05,16.19,0.0,36.65
250,1987-02-06,17.24,0.0,32.41
251,1987-02-07,17.59,0.0,30.46
252,1987-02-08,16.58,0.0,32.88
253,1987-02-09,16.22,0.0,34.12
254,1987-02-10,15.55,0.01,34.91
255,1987-02-11,16.6,0.0,29.71
256,1987-02-12,16.78,0.0,28.18
257,1987-02-13,17.14,0.0,29.77
258,1987-02-14,17.31,0.0,31.16
259,1987-02-15,17.97,0.6,32.82
260,1987-02-16,17.31,0.82,43.5
261,1987-02-17,16.93,4.29,55.26
262,1987-02-18,16.75,1.54,52.49
263,1987-02-19,17.83,1.93,45.15
264,1987-02-20,18.66,0.0,48.99
265,1987-02-21,16.71,0.0,51.01
266,1987-02-22,15.45,0.0,52.62
267,1987-02-23,18.94,0.0,45.33
268,1987-02-24,19.62,2.29,53.18
269,1987-02-25,17.21,4.8,63.22
270,1987-02-26,16.23,10.04,63.43
271,1987-02-27,17.52,0.0,49.39
272,1987-02-28,17.69,0.0,45.12
273,1987-03-01,17.75,0.0,46.12
274,1987-03-02,19.69,0.0,35.16
275,1987-03-03,20.37,0.0,33.26
276,1987-03-04,20.61,0.0,35.79
277,1987-03-05,18.35,0.0,41.75
278,1987-03-06,22.53,0.0,33.54
279,1987-03-07,22.01,0.0,38.35
280,1987-03-08,20.89,0.0,43.02
281,1987-03-09,20.68,0.02,40.97
282,1987-03-10,20.88,0.0,36.83
283,1987-03-11,21.17,0.01,32.37
284,1987-03-12,20.41,0.0,34.26
285,1987-03-13,17.92,3.74,49.27
286,1987-03-14,19.75,0.1,48.76
287,1987-03-15,20.2,0.28,50.76
288,1987-03-16,23.46,0.09,43.57
289,1987-03-17,22.25,0.0,40.56
290,1987-03-18,22.52,0.02,35.65
291,1987-03-19,23.12,1.31,36.3
292,1987-03-20,22.81,0.16,39.74
293,1987-03-21,23.5,4.85,38.8
294,1987-03-22,23.48,1.83,44.33
295,1987-03-23,21.65,2.25,53.9
296,1987-03-24,22.35,1.04,50.2
297,1987-03-25,24.52,0.0,39.32
298,1987-03-26,24.13,0.73,44.65
299,1987-03-27,24.14,0.29,44.08
300,1987-03-28,23.91,0.0,40.23
301,1987-03-29,25.43,0.0,35.01
302,1987-03-30,24.94,0.0,38.86
303,1987-03-31,27.1,0.0,35.46
304,1987-04-01,27.21,0.0,36.15
305,1987-04-02,28.17,0.0,30.74
306,1987-04-03,27.75,0.02,30.57
307,1987-04-04,27.52,0.47,28.88
308,1987-04-05,26.47,0.19,30.4
309,1987-04-06,26.44,0.16,30.45
310,1987-04-07,28.94,0.0,25.94
311,1987-04-08,30.29,0.34,24.44
312,1987-04-09,27.48,0.03,26.99
313,1987-04-10,24.05,0.24,26.29
314,1987-04-11,24.47,0.16,22.84
315,1987-04-12,25.58,0.0,17.2
316,1987-04-13,25.31,0.0,18.8
317,1987-04-14,26.67,0.0,20.45
318,1987-04-15,27.33,0.0,23.89
319,1987-04-16,28.51,0.0,25.23
320,1987-04-17,30.84,0.0,19.96
321,1987-04-18,30.52,0.0,21.52
322,1987-04-19,30.42,0.0,18.63
323,1987-04-20,32.35,0.0,14.44
324,1987-04-21,33.74,0.0,11.51
325,1987-04-22,32.64,0.0,10.21
326,1987-04-23,32.64,0.08,12.17
327,1987-04-24,29.91,0.01,22.35
328,1987-04-25,30.25,0.12,18.62
329,1987-04-26,30.89,0.0,13.55
330,1987-04-27,32.06,0.0,11.88
331,1987-04-28,31.35,0.0,11.94
332,1987-04-29,32.27,0.0,19.76
333,1987-04-30,32.38,0.01,16.63
334,1987-05-01,31.4,2.12,22.29
335,1987-05-02,25.98,24.97,48.6
336,1987-05-03,24.66,0.0,37.2
337,1987-05-04,26.53,9.65,34.37
338,1987-05-05,28.69,0.0,29.08
339,1987-05-06,27.24,0.0,33.36
340,1987-05-07,27.12,3.97,46.58
341,1987-05-08,26.34,6.43,55.33
342,1987-05-09,22.64,9.91,69.92
343,1987-05-10,25.82,0.85,52.58
344,1987-05-11,27.6,0.87,38.34
345,1987-05-12,27.48,1.81,36.5
346,1987-05-13,27.35,1.96,37.04
347,1987-05-14,27.15,0.8,37.09
348,1987-05-15,28.74,0.11,33.17
349,1987-05-16,28.98,0.0,34.33
350,1987-05-17,30.05,0.0,31.69
351,1987-05-18,30.59,0.0,30.04
352,1987-05-19,31.94,0.0,31.37
353,1987-05-20,34.77,0.0,27.99
354,1987-05-21,34.44,0.0,30.56
355,1987-05-22,31.46,0.01,37.55
356,1987-05-23,31.92,0.01,35.93
357,1987-05-24,29.93,1.67,35.14
358,1987-05-25,31.35,1.0,34.28
359,1987-05-26,33.06,0.0,29.23
360,1987-05-27,33.68,0.0,27.14
361,1987-05-28,34.93,0.0,23.39
362,1987-05-29,35.49,0.0,21.69
363,1987-05-30,36.09,0.0,21.85
364,1987-05-31,37.27,0.0,22.28
365,1987-06-01,36.19,0.0,25.84
366,1987-06-02,34.27,27.98,40.53
367,1987-06-03,35.61,0.23,32.98
368,1987-06-04,34.21,0.0,34.11
369,1987-06-05,35.6,0.09,28.26
370,1987-06-06,37.42,0.0,20.97
371,1987-06-07,37.49,0.0,20.42
372,1987-06-08,37.64,0.0,23.08
373,1987-06-09,36.87,0.05,29.55
374,1987-06-10,33.22,8.61,39.84
375,1987-06-11,33.51,1.2,37.94
376,1987-06-12,34.27,1.15,32.34
377,1987-06-13,35.36,0.0,32.19
378,1987-06-14,36.17,0.01,35.51
379,1987-06-15,36.0,0.01,33.39
380,1987-06-16,35.92,0.0,28.15
381,1987-06-17,35.05,1.81,24.49
382,1987-06-18,35.97,0.32,20.46
383,1987-06-19,36.04,0.0,21.38
384,1987-06-20,37.55,0.0,22.19
385,1987-06-21,35.93,2.92,26.68
386,1987-06-22,35.49,1.77,29.44
387,1987-06-23,35.13,0.01,26.34
388,1987-06-24,35.24,1.8,25.56
389,1987-06-25,36.48,0.0,22.62
390,1987-06-26,36.6,0.0,20.51
391,1987-06-27,37.89,0.0,15.65
392,1987-06-28,38.32,0.0,17.09
393,1987-06-29,39.14,0.0,17.24
394,1987-06-30,39.37,0.0,18.31
395,1987-07-01,39.8,0.01,19.88
396,1987-07-02,39.67,0.02,21.67
397,1987-07-03,39.57,0.0,17.69
398,1987-07-04,39.98,0.0,21.24
399,1987-07-05,40.26,0.0,24.12
400,1987-07-06,39.91,0.0,24.08
401,1987-07-07,38.87,1.11,24.81
402,1987-07-08,38.01,1.83,25.17
403,1987-07-09,38.27,0.44,24.16
404,1987-07-10,38.74,0.01,22.99
405,1987-07-11,39.13,0.07,23.16
406,1987-07-12,38.03,0.11,24.26
407,1987-07-13,36.87,0.4,23.69
408,1987-07-14,36.94,0.37,20.33
409,1987-07-15,36.94,0.83,18.37
410,1987-07-16,37.08,0.03,25.95
411,1987-07-17,37.51,0.0,22.5
412,1987-07-18,37.96,0.76,23.9
413,1987-07-19,37.02,3.52,29.72
414,1987-07-20,37.13,1.51,31.37
415,1987-07-21,37.52,0.0,27.42
416,1987-07-22,38.02,0.0,26.71
417,1987-07-23,38.84,0.0,27.4
418,1987-07-24,37.1,0.0,34.01
419,1987-07-25,38.38,0.0,29.0
420,1987-07-26,37.16,0.08,32.55
421,1987-07-27,33.82,29.4,46.72
422,1987-07-28,34.27,0.0,45.3
423,1987-07-29,36.32,0.0,36.91
424,1987-07-30,37.14,0.4,34.45
425,1987-07-31,36.31,0.0,34.91
426,1987-08-01,36.29,0.01,32.42
427,1987-08-02,36.79,0.0,27.2
428,1987-08-03,36.57,0.0,29.15
429,1987-08-04,36.45,0.0,29.14
430,1987-08-05,35.95,0.91,29.45
431,1987-08-06,33.01,4.79,44.54
432,1987-08-07,34.8,0.0,40.72
433,1987-08-08,35.63,0.05,41.69
434,1987-08-09,36.94,1.49,33.01
435,1987-08-10,37.61,0.03,28.64
436,1987-08-11,38.38,0.0,29.18
437,1987-08-12,37.96,0.0,29.6
438,1987-08-13,35.7,1.27,32.32
439,1987-08-14,31.08,46.04,57.2
440,1987-08-15,32.52,0.33,52.15
441,1987-08-16,33.44,0.04,46.68
442,1987-08-17,34.35,0.0,42.38
443,1987-08-18,34.77,0.0,38.26
444,1987-08-19,34.96,0.72,36.97
445,1987-08-20,35.21,0.03,37.09
446,1987-08-21,34.19,0.0,37.71
447,1987-08-22,34.78,0.03,38.24
448,1987-08-23,35.84,0.0,38.57
449,1987-08-24,34.56,2.47,44.87
450,1987-08-25,35.1,2.26,43.44
451,1987-08-26,36.0,0.0,41.05
452,1987-08-27,36.35,2.43,40.11
453,1987-08-28,33.37,6.61,51.03
454,1987-08-29,30.9,5.65,60.99
455,1987-08-30,32.22,0.3,56.25
456,1987-08-31,33.44,0.12,50.21
457,1987-09-01,34.24,2.85,46.59
458,1987-09-02,34.56,0.0,41.86
459,1987-09-03,34.66,0.0,39.86
460,1987-09-04,35.53,0.0,35.51
461,1987-09-05,34.02,0.0,36.7
462,1987-09-06,33.74,0.0,37.23
463,1987-09-07,34.54,0.0,35.69
464,1987-09-08,34.25,0.0,33.22
465,1987-09-09,32.87,0.01,37.87
466,1987-09-10,32.96,0.04,38.64
467,1987-09-11,33.05,0.04,34.66
468,1987-09-12,32.63,0.0,33.63
469,1987-09-13,32.81,0.01,32.19
470,1987-09-14,32.9,0.0,29.25
471,1987-09-15,32.55,0.0,25.45
472,1987-09-16,33.09,0.0,26.01
473,1987-09-17,33.4,0.0,24.6
474,1987-09-18,33.21,0.0,25.36
475,1987-09-19,33.49,0.0,22.09
476,1987-09-20,32.85,0.01,22.33
477,1987-09-21,33.24,0.0,21.49
478,1987-09-22,32.62,0.0,23.42
479,1987-09-23,32.79,0.0,23.18
480,1987-09-24,32.79,0.0,19.51
481,1987-09-25,33.07,0.0,15.56
482,1987-09-26,32.41,0.0,13.65
483,1987-09-27,31.59,0.0,14.6
484,1987-09-28,31.62,0.0,18.65
485,1987-09-29,30.26,0.41,25.11
486,1987-09-30,30.69,0.42,23.69
487,1987-10-01,30.91,0.0,20.38
488,1987-10-02,31.15,0.0,19.3
489,1987-10-03,30.07,0.24,22.68
490,1987-10-04,29.32,0.06,22.48
491,1987-10-05,29.96,0.01,18.32
492,1987-10-06,29.44,0.0,19.42
493,1987-10-07,29.58,0.0,19.27
494,1987-10-08,29.2,0.0,18.18
495,1987-10-09,28.66,0.0,18.87
496,1987-10-10,29.59,0.0,19.43
497,1987-10-11,29.92,0.0,20.68
498,1987-10-12,29.28,0.2,21.16
499,1987-10-13,28.2,0.06,18.47
500,1987-10-14,27.21,0.03,16.95
501,1987-10-15,26.63,0.02,15.11
502,1987-10-16,28.59,0.0,19.51
503,1987-10-17,29.07,0.0,23.46
504,1987-10-18,27.08,2.64,32.47
505,1987-10-19,21.57,17.35,69.86
506,1987-10-20,21.58,0.0,49.14
507,1987-10-21,20.38,3.76,40.17
508,1987-10-22,22.02,0.0,30.71
509,1987-10-23,23.48,0.0,27.81
510,1987-10-24,23.32,0.0,29.45
511,1987-10-25,23.38,0.0,30.97
512,1987-10-26,23.76,0.0,31.22
513,1987-10-27,23.9,0.0,32.94
514,1987-10-28,23.96,0.0,35.04
515,1987-10-29,25.5,0.0,31.94
516,1987-10-30,24.7,0.0,28.72
517,1987-10-31,23.23,0.0,31.88
518,1987-11-01,20.95,0.0,28.23
519,1987-11-02,20.9,0.0,22.97
520,1987-11-03,21.36,0.0,21.18
521,1987-11-04,22.01,0.0,20.29
522,1987-11-05,21.35,0.0,21.48
523,1987-11-06,20.95,0.0,23.9
524,1987-11-07,22.73,0.0,20.71
525,1987-11-08,22.19,0.0,20.32
526,1987-11-09,22.15,0.0,20.75
527,1987-11-10,21.74,0.0,20.31
528,1987-11-11,22.04,0.0,19.72
529,1987-11-12,21.6,0.0,17.55
530,1987-11-13,21.18,0.0,18.69
531,1987-11-14,20.43,0.0,20.33
532,1987-11-15,21.54,0.0,14.26
533,1987-11-16,21.22,0.0,13.05
534,1987-11-17,20.17,0.0,13.89
535,1987-11-18,19.98,0.0,15.68
536,1987-11-19,19.61,0.0,15.9
537,1987-11-20,18.77,0.0,15.27
538,1987-11-21,18.39,0.0,12.91
539,1987-11-22,19.83,0.0,10.24
540,1987-11-23,19.43,0.0,10.77
541,1987-11-24,18.65,0.0,10.46
542,1987-11-25,18.58,0.0,10.07
543,1987-11-26,17.15,0.0,10.79
544,1987-11-27,17.03,0.0,12.41
545,1987-11-28,15.93,0.0,14.51
546,1987-11-29,16.64,0.0,15.82
547,1987-11-30,18.91,0.0,13.55
548,1987-12-01,18.93,0.0,14.78
549,1987-12-02,18.0,0.0,18.79
550,1987-12-03,15.1,0.0,19.72
551,1987-12-04,13.2,0.0,15.16
552,1987-12-05,12.98,0.0,17.75
553,1987-12-06,14.44,0.0,11.15
554,1987-12-07,15.12,0.0,11.23
555,1987-12-08,16.0,0.0,9.45
556,1987-12-09,15.98,0.0,10.82
557,1987-12-10,16.08,0.0,10.9
558,1987-12-11,17.3,0.0,10.86
559,1987-12-12,16.09,0.0,30.15
560,1987-12-13,13.16,4.18,24.68
561,1987-12-14,14.23,0.12,26.96
562,1987-12-15,16.12,0.0,21.43
563,1987-12-16,15.55,0.0,21.32
564,1987-12-17,15.07,0.0,22.97
565,1987-12-18,15.1,0.0,23.8
566,1987-12-19,15.44,0.0,20.09
567,1987-12-20,15.03,0.0,18.48
568,1987-12-21,15.04,0.0,18.17
569,1987-12-22,14.15,0.0,20.26
570,1987-12-23,13.69,0.0,20.16
571,1987-12-24,14.67,0.0,18.69
572,1987-12-25,15.12,0.0,17.54
573,1987-12-26,14.74,0.0,17.93
574,1987-12-27,14.53,0.0,18.01
575,1987-12-28,14.45,0.0,18.11
576,1987-12-29,14.31,0.0,19.05
577,1987-12-30,13.21,0.0,20.38
578,1987-12-31,12.61,0.01,23.95
579,1988-01-01,12.66,0.01,32.24
580,1988-01-02,11.34,0.0,37.58
581,1988-01-03,14.55,0.0,47.31
582,1988-01-04,15.77,0.05,42.51
583,1988-01-05,18.1,0.0,30.04
584,1988-01-06,16.78,0.0,35.01
585,1988-01-07,15.23,0.18,39.94
586,1988-01-08,15.54,0.0,34.57
587,1988-01-09,16.42,0.0,32.4
588,1988-01-10,16.49,0.0,40.83
589,1988-01-11,12.75,0.0,67.43
590,1988-01-12,15.1,0.0,63.62
591,1988-01-13,15.11,1.54,60.76
592,1988-01-14,13.46,0.08,57.42
593,1988-01-15,14.23,0.01,46.41
594,1988-01-16,14.41,0.0,42.34
595,1988-01-17,13.38,0.0,37.21
596,1988-01-18,14.14,0.0,28.2
597,1988-01-19,14.58,0.0,26.53
598,1988-01-20,16.11,0.0,23.06
599,1988-01-21,17.15,0.0,24.64
600,1988-01-22,15.96,0.0,33.14
601,1988-01-23,13.56,3.49,42.64
602,1988-01-24,11.32,0.0,40.41
603,1988-01-25,11.19,0.0,36.07
604,1988-01-26,11.94,0.0,30.69
605,1988-01-27,14.2,0.0,25.61
606,1988-01-28,13.86,0.01,49.03
607,1988-01-29,13.19,0.0,49.14
608,1988-01-30,13.1,0.55,43.94
609,1988-01-31,14.47,0.0,34.41
610,1988-02-01,14.64,0.0,33.88
611,1988-02-02,14.0,0.0,27.99
612,1988-02-03,14.72,0.0,25.43
613,1988-02-04,17.23,0.0,22.43
614,1988-02-05,19.51,0.0,20.02
615,1988-02-06,20.11,0.0,19.99
616,1988-02-07,19.1,0.0,18.96
617,1988-02-08,18.08,0.0,18.96
618,1988-02-09,15.05,0.0,15.25
619,1988-02-10,14.88,0.06,16.08
620,1988-02-11,16.54,0.0,13.03
621,1988-02-12,17.64,1.43,20.01
622,1988-02-13,17.16,2.7,38.14
623,1988-02-14,15.86,1.17,52.14
624,1988-02-15,16.67,0.7,49.31
625,1988-02-16,15.85,1.67,47.94
626,1988-02-17,16.25,0.0,37.6
627,1988-02-18,15.46,0.0,36.7
628,1988-02-19,15.2,0.0,36.01
629,1988-02-20,17.07,0.0,45.39
630,1988-02-21,20.03,1.75,45.07
631,1988-02-22,17.36,0.41,42.07
632,1988-02-23,15.57,0.24,34.1
633,1988-02-24,16.45,0.0,26.42
634,1988-02-25,16.89,0.0,22.53
635,1988-02-26,17.16,0.0,27.79
636,1988-02-27,17.47,0.17,41.42
637,1988-02-28,18.36,3.55,47.99
638,1988-02-29,18.25,0.75,46.6
639,1988-03-01,17.54,0.01,39.23
640,1988-03-02,17.73,0.0,33.17
641,1988-03-03,18.5,0.0,30.08
642,1988-03-04,20.43,0.0,30.2
643,1988-03-05,20.2,0.0,35.43
644,1988-03-06,21.92,0.0,33.7
645,1988-03-07,21.58,0.2,43.11
646,1988-03-08,21.02,1.69,53.14
647,1988-03-09,21.52,1.95,52.74
648,1988-03-10,21.59,0.07,52.32
649,1988-03-11,20.61,7.71,63.83
650,1988-03-12,19.91,5.35,69.52
651,1988-03-13,20.3,3.25,61.43
652,1988-03-14,20.04,0.15,41.33
653,1988-03-15,20.81,2.08,36.94
654,1988-03-16,22.96,0.14,32.6
655,1988-03-17,20.03,0.0,40.41
656,1988-03-18,20.53,0.0,28.31
657,1988-03-19,19.99,0.01,29.09
658,1988-03-20,20.25,0.96,30.32
659,1988-03-21,20.27,0.0,28.77
660,1988-03-22,21.5,0.0,28.74
661,1988-03-23,24.62,0.0,25.46
662,1988-03-24,25.35,0.0,22.24
663,1988-03-25,25.46,0.0,25.04
664,1988-03-26,24.43,0.18,26.95
665,1988-03-27,21.15,0.17,29.6
666,1988-03-28,21.3,0.05,28.97
667,1988-03-29,23.46,0.0,23.88
668,1988-03-30,24.34,0.0,19.47
669,1988-03-31,24.31,0.0,19.8
670,1988-04-01,24.16,0.0,17.99
671,1988-04-02,26.24,0.0,17.94
672,1988-04-03,28.71,0.0,17.29
673,1988-04-04,28.27,0.0,15.99
674,1988-04-05,25.78,0.0,14.7
675,1988-04-06,25.72,0.0,16.96
676,1988-04-07,27.37,0.0,13.9
677,1988-04-08,29.11,0.0,13.03
678,1988-04-09,29.86,0.0,13.89
679,1988-04-10,30.71,0.0,14.2
680,1988-04-11,30.88,0.0,17.62
681,1988-04-12,31.67,0.0,17.94
682,1988-04-13,31.93,0.0,17.68
683,1988-04-14,31.54,0.0,15.83
684,1988-04-15,33.17,0.0,9.03
685,1988-04-16,33.09,0.0,9.36
686,1988-04-17,32.96,0.0,10.21
687,1988-04-18,31.25,0.82,13.74
688,1988-04-19,30.29,3.93,25.96
689,1988-04-20,29.57,0.0,26.89
690,1988-04-21,30.38,0.0,23.72
691,1988-04-22,31.48,0.15,21.83
692,1988-04-23,32.3,0.16,19.16
693,1988-04-24,31.71,0.4,18.95
694,1988-04-25,31.62,0.0,22.42
695,1988-04-26,33.06,0.0,21.98
696,1988-04-27,34.12,0.0,19.62
697,1988-04-28,35.02,0.0,17.33
698,1988-04-29,35.21,0.04,17.29
699,1988-04-30,34.82,0.0,17.14
700,1988-05-01,34.18,0.0,17.44
701,1988-05-02,33.39,0.0,20.93
702,1988-05-03,33.55,0.25,19.16
703,1988-05-04,33.85,0.0,13.75
704,1988-05-05,34.06,0.0,12.57
705,1988-05-06,35.37,0.0,11.93
706,1988-05-07,36.03,0.0,10.78
707,1988-05-08,35.7,0.0,9.42
708,1988-05-09,34.73,0.0,10.06
709,1988-05-10,35.27,0.0,7.73
710,1988-05-11,35.94,0.0,6.2
711,1988-05-12,36.57,0.0,7.08
712,1988-05-13,37.3,0.0,7.41
713,1988-05-14,38.58,0.0,7.05
714,1988-05-15,37.3,0.0,8.84
715,1988-05-16,37.26,0.0,9.48
716,1988-05-17,37.97,0.0,9.85
717,1988-05-18,37.16,0.02,12.89
718,1988-05-19,36.42,0.19,15.16
719,1988-05-20,35.52,0.1,14.07
720,1988-05-21,35.99,0.0,10.5
721,1988-05-22,36.09,0.0,10.07
722,1988-05-23,36.85,0.01,10.71
723,1988-05-24,37.87,0.01,9.95
724,1988-05-25,37.63,0.01,8.4
725,1988-05-26,38.1,0.0,8.03
726,1988-05-27,39.49,0.0,9.59
727,1988-05-28,39.75,0.0,12.85
728,1988-05-29,40.14,0.0,9.62
729,1988-05-30,39.79,0.0,10.66
730,1988-05-31,39.44,0.0,15.42
731,1988-06-01,38.98,0.0,16.49
732,1988-06-02,39.19,0.0,11.47
733,1988-06-03,37.92,0.01,8.06
734,1988-06-04,38.23,0.0,7.71
735,1988-06-05,37.86,0.43,12.32
736,1988-06-06,35.56,0.19,20.31
737,1988-06-07,36.02,0.71,18.33
738,1988-06-08,37.28,0.01,16.81
739,1988-06-09,37.47,0.0,15.5
740,1988-06-10,37.07,0.02,13.88
741,1988-06-11,37.9,0.0,10.54
742,1988-06-12,38.9,0.0,8.9
743,1988-06-13,39.84,0.0,7.91
744,1988-06-14,38.91,0.0,10.11
745,1988-06-15,39.02,0.01,13.56
746,1988-06-16,39.08,0.0,13.58
747,1988-06-17,39.16,0.67,20.45
748,1988-06-18,37.66,0.03,24.78
749,1988-06-19,37.89,1.24,22.03
750,1988-06-20,39.24,0.11,21.72
751,1988-06-21,39.46,0.45,24.37
752,1988-06-22,39.33,0.48,25.17
753,1988-06-23,35.95,13.1,40.21
754,1988-06-24,36.43,2.43,41.9
755,1988-06-25,38.42,0.5,36.2
756,1988-06-26,38.83,0.9,35.91
757,1988-06-27,39.13,0.01,30.86
758,1988-06-28,39.85,0.01,29.27
759,1988-06-29,38.58,0.19,31.53
760,1988-06-30,37.18,6.92,39.12
761,1988-07-01,35.84,1.7,46.6
762,1988-07-02,36.85,1.77,42.7
763,1988-07-03,37.86,0.27,37.71
764,1988-07-04,36.69,5.51,42.96
765,1988-07-05,37.46,3.0,41.77
766,1988-07-06,34.93,8.07,49.06
767,1988-07-07,31.76,8.53,60.23
768,1988-07-08,35.41,1.09,44.49
769,1988-07-09,36.72,0.17,37.99
770,1988-07-10,37.07,0.1,39.5
771,1988-07-11,34.16,13.03,52.43
772,1988-07-12,35.15,2.14,52.06
773,1988-07-13,29.35,15.17,72.44
774,1988-07-14,28.5,9.24,75.76
775,1988-07-15,29.35,5.18,74.85
776,1988-07-16,30.07,6.5,74.32
777,1988-07-17,31.68,1.38,66.79
778,1988-07-18,31.14,20.21,70.86
779,1988-07-19,33.19,1.57,58.56
780,1988-07-20,33.7,13.66,60.99
781,1988-07-21,30.87,4.17,71.6
782,1988-07-22,30.93,2.97,70.43
783,1988-07-23,30.36,6.12,74.41
784,1988-07-24,29.88,36.52,75.6
785,1988-07-25,31.36,5.32,66.39
786,1988-07-26,32.35,0.57,62.43
787,1988-07-27,31.25,0.0,68.93
788,1988-07-28,30.44,4.2,74.59
789,1988-07-29,31.87,0.96,67.66
790,1988-07-30,32.2,0.54,66.82
791,1988-07-31,31.49,3.18,70.5
792,1988-08-01,29.8,19.8,78.75
793,1988-08-02,27.87,13.37,73.51
794,1988-08-03,28.95,4.97,72.91
795,1988-08-04,31.12,0.21,70.82
796,1988-08-05,31.52,0.66,68.88
797,1988-08-06,31.45,0.34,69.82
798,1988-08-07,32.8,0.01,62.47
799,1988-08-08,31.45,5.67,71.36
800,1988-08-09,31.08,16.93,75.4
801,1988-08-10,31.81,4.52,64.29
802,1988-08-11,30.37,11.34,72.33
803,1988-08-12,30.16,4.66,73.0
804,1988-08-13,31.81,1.1,65.17
805,1988-08-14,32.53,0.28,60.08
806,1988-08-15,31.59,20.36,63.8
807,1988-08-16,31.95,0.45,61.28
808,1988-08-17,32.03,2.55,61.87
809,1988-08-18,31.34,5.45,66.79
810,1988-08-19,28.84,2.96,80.56
811,1988-08-20,28.01,11.11,84.55
812,1988-08-21,29.62,7.89,77.06
813,1988-08-22,30.35,1.18,71.45
814,1988-08-23,30.94,0.52,72.15
815,1988-08-24,30.9,1.58,67.91
816,1988-08-25,30.52,0.15,68.74
817,1988-08-26,30.27,4.14,69.34
818,1988-08-27,30.87,2.36,64.23
819,1988-08-28,31.69,0.09,54.77
820,1988-08-29,31.0,0.0,45.07
821,1988-08-30,30.4,0.13,48.28
822,1988-08-31,30.52,0.09,45.46
823,1988-09-01,30.9,0.0,43.1
824,1988-09-02,31.64,0.01,44.05
825,1988-09-03,32.06,0.0,47.46
826,1988-09-04,32.21,0.0,48.57
827,1988-09-05,32.53,0.0,43.73
828,1988-09-06,32.57,0.0,42.06
829,1988-09-07,31.76,0.0,45.27
830,1988-09-08,32.31,0.0,54.5
831,1988-09-09,32.51,0.13,51.61
832,1988-09-10,30.2,10.49,55.3
833,1988-09-11,30.6,1.1,50.08
834,1988-09-12,30.75,0.0,48.07
835,1988-09-13,31.37,0.0,44.44
836,1988-09-14,31.75,0.0,43.15
837,1988-09-15,32.22,0.0,43.03
838,1988-09-16,30.73,0.04,56.91
839,1988-09-17,29.71,2.22,58.34
840,1988-09-18,30.11,0.33,55.79
841,1988-09-19,30.63,0.0,53.16
842,1988-09-20,31.83,0.0,46.67
843,1988-09-21,30.72,0.0,56.74
844,1988-09-22,29.31,0.33,59.12
845,1988-09-23,25.55,10.34,79.36
846,1988-09-24,25.89,37.56,87.57
847,1988-09-25,26.0,68.14,91.36
848,1988-09-26,27.34,60.43,89.18
849,1988-09-27,27.17,20.51,85.59
850,1988-09-28,25.74,0.0,73.77
851,1988-09-29,25.78,0.0,67.79
852,1988-09-30,25.45,0.0,68.19
853,1988-10-01,25.68,0.0,68.14
854,1988-10-02,24.99,0.0,68.75
855,1988-10-03,26.07,0.0,60.56
856,1988-10-04,25.32,0.01,71.11
857,1988-10-05,23.83,0.0,64.64
858,1988-10-06,23.61,0.0,50.69
859,1988-10-07,24.07,0.0,44.73
860,1988-10-08,23.2,0.0,48.58
861,1988-10-09,23.19,0.0,57.68
862,1988-10-10,22.34,0.01,57.86
863,1988-10-11,22.18,1.81,55.74
864,1988-10-12,22.52,0.0,53.16
865,1988-10-13,23.33,0.0,50.98
866,1988-10-14,23.68,0.0,50.37
867,1988-10-15,23.08,0.0,50.8
868,1988-10-16,21.99,0.0,47.79
869,1988-10-17,22.26,0.0,47.12
870,1988-10-18,22.39,0.0,55.21
871,1988-10-19,24.21,0.0,52.61
872,1988-10-20,23.57,0.0,54.1
873,1988-10-21,23.64,0.0,47.62
874,1988-10-22,23.6,0.0,40.86
875,1988-10-23,23.29,0.0,41.02
876,1988-10-24,22.62,0.0,45.55
877,1988-10-25,23.39,0.0,45.43
878,1988-10-26,23.37,0.0,46.31
879,1988-10-27,23.72,0.0,40.5
880,1988-10-28,22.47,0.0,42.15
881,1988-10-29,22.66,0.0,38.54
882,1988-10-30,22.48,0.0,40.23
883,1988-10-31,23.08,0.0,38.57
884,1988-11-01,22.62,0.0,36.82
885,1988-11-02,21.89,0.0,39.37
886,1988-11-03,21.54,0.0,42.61
887,1988-11-04,21.82,0.0,39.77
888,1988-11-05,21.13,0.0,38.8
889,1988-11-06,20.83,0.0,37.87
890,1988-11-07,20.95,0.0,34.44
891,1988-11-08,19.58,0.0,40.33
892,1988-11-09,19.97,0.0,39.9
893,1988-11-10,20.01,0.0,40.34
894,1988-11-11,19.75,0.0,39.47
895,1988-11-12,20.3,0.0,36.48
896,1988-11-13,20.25,0.0,34.49
897,1988-11-14,19.79,0.0,34.3
898,1988-11-15,19.28,0.0,34.28
899,1988-11-16,18.23,0.0,39.23
900,1988-11-17,18.53,0.0,35.48
901,1988-11-18,17.96,0.0,38.24
902,1988-11-19,18.09,0.0,41.14
903,1988-11-20,18.16,0.0,37.5
904,1988-11-21,18.85,0.0,31.82
905,1988-11-22,17.7,0.0,36.24
906,1988-11-23,18.42,0.0,39.59
907,1988-11-24,17.8,0.56,45.68
908,1988-11-25,17.06,0.0,46.17
909,1988-11-26,15.87,0.0,45.21
910,1988-11-27,16.47,0.36,40.1
911,1988-11-28,15.26,0.0,44.23
912,1988-11-29,14.77,0.0,38.57
913,1988-11-30,15.82,0.0,30.0
914,1988-12-01,15.03,0.0,29.37
915,1988-12-02,14.39,0.0,30.51
916,1988-12-03,15.64,0.0,27.41
917,1988-12-04,14.94,0.0,32.57
918,1988-12-05,16.46,0.0,35.26
919,1988-12-06,15.45,0.0,37.35
920,1988-12-07,15.23,0.0,35.52
921,1988-12-08,15.91,0.0,33.03
922,1988-12-09,15.45,0.0,33.05
923,1988-12-10,15.84,0.0,31.15
924,1988-12-11,15.29,0.0,33.69
925,1988-12-12,15.43,0.0,33.37
926,1988-12-13,15.79,0.0,33.15
927,1988-12-14,17.92,0.0,31.46
928,1988-12-15,16.71,0.0,37.17
929,1988-12-16,16.72,0.0,35.21
930,1988-12-17,16.23,0.0,40.18
931,1988-12-18,15.06,0.0,46.94
932,1988-12-19,16.08,1.44,59.26
933,1988-12-20,16.94,0.88,56.0
934,1988-12-21,16.35,5.26,57.94
935,1988-12-22,15.29,0.26,61.74
936,1988-12-23,16.63,15.11,59.17
937,1988-12-24,14.96,5.84,64.33
938,1988-12-25,11.26,2.3,74.74
939,1988-12-26,11.71,0.01,73.96
940,1988-12-27,11.95,0.0,60.59
941,1988-12-28,12.42,0.0,50.83
942,1988-12-29,13.63,0.0,51.69
943,1988-12-30,14.15,0.0,52.46
944,1988-12-31,14.15,0.0,55.86
945,1989-01-01,14.73,0.0,52.08
946,1989-01-02,14.26,6.1,56.71
947,1989-01-03,13.49,0.01,62.44
948,1989-01-04,13.05,0.89,67.94
949,1989-01-05,13.83,0.27,58.65
950,1989-01-06,11.31,16.9,85.76
951,1989-01-07,10.82,2.4,85.5
952,1989-01-08,11.12,6.29,81.56
953,1989-01-09,10.38,0.0,77.81
954,1989-01-10,9.12,0.0,61.68
955,1989-01-11,8.34,0.0,50.5
956,1989-01-12,9.12,0.0,43.05
957,1989-01-13,10.14,0.0,32.4
958,1989-01-14,9.05,0.0,40.19
959,1989-01-15,9.39,0.0,44.07
960,1989-01-16,10.67,0.0,42.87
961,1989-01-17,9.81,0.0,48.67
962,1989-01-18,10.63,0.0,42.47
963,1989-01-19,10.58,0.0,46.29
964,1989-01-20,9.62,0.0,61.68
965,1989-01-21,9.9,0.0,54.66
966,1989-01-22,11.11,0.0,40.55
967,1989-01-23,10.7,0.0,45.16
968,1989-01-24,12.2,0.0,35.05
969,1989-01-25,13.04,0.0,30.74
970,1989-01-26,12.87,0.0,35.23
971,1989-01-27,12.7,0.0,39.8
972,1989-01-28,11.3,0.0,43.85
973,1989-01-29,12.65,0.0,40.61
974,1989-01-30,13.12,0.0,43.1
975,1989-01-31,14.81,0.0,43.12
976,1989-02-01,14.54,0.0,41.16
977,1989-02-02,13.13,0.0,41.89
978,1989-02-03,13.93,0.0,50.29
979,1989-02-04,17.08,0.0,49.76
980,1989-02-05,16.36,0.68,52.57
981,1989-02-06,13.31,0.21,59.23
982,1989-02-07,12.99,0.04,42.07
983,1989-02-08,12.57,0.0,39.83
984,1989-02-09,12.32,0.0,35.6
985,1989-02-10,11.59,0.0,37.2
986,1989-02-11,11.9,0.0,36.31
987,1989-02-12,12.18,0.0,36.59
988,1989-02-13,13.41,0.0,43.1
989,1989-02-14,12.79,0.0,55.58
990,1989-02-15,13.55,0.0,44.4
991,1989-02-16,14.71,0.01,41.33
992,1989-02-17,12.23,2.51,50.53
993,1989-02-18,11.97,1.3,45.13
994,1989-02-19,11.67,0.0,44.33
995,1989-02-20,13.65,0.0,33.47
996,1989-02-21,14.04,0.0,34.25
997,1989-02-22,14.26,0.0,31.45
998,1989-02-23,13.95,0.0,31.03
999,1989-02-24,17.36,0.0,30.08
1000,1989-02-25,19.07,0.02,37.99
1001,1989-02-26,20.08,0.0,36.06
1002,1989-02-27,19.53,0.0,36.92
1003,1989-02-28,17.81,0.04,35.36
1004,1989-03-01,16.82,0.0,29.21
1005,1989-03-02,16.65,0.0,29.49
1006,1989-03-03,16.04,0.0,31.81
1007,1989-03-04,16.8,0.0,31.48
1008,1989-03-05,18.82,0.0,30.05
1009,1989-03-06,19.55,0.0,29.16
1010,1989-03-07,20.07,0.0,31.24
1011,1989-03-08,20.95,0.0,30.98
1012,1989-03-09,22.97,0.0,29.22
1013,1989-03-10,21.9,0.01,32.81
1014,1989-03-11,21.06,0.07,35.55
1015,1989-03-12,21.11,0.07,34.69
1016,1989-03-13,19.63,0.01,34.85
1017,1989-03-14,20.38,2.66,41.11
1018,1989-03-15,19.68,0.69,44.6
1019,1989-03-16,19.2,0.73,42.54
1020,1989-03-17,21.5,0.0,38.21
1021,1989-03-18,23.19,0.0,39.6
1022,1989-03-19,20.03,1.4,50.36
1023,1989-03-20,22.34,0.32,45.33
1024,1989-03-21,21.89,0.01,49.5
1025,1989-03-22,24.49,1.55,39.71
1026,1989-03-23,21.76,0.0,44.01
1027,1989-03-24,21.53,2.88,42.35
1028,1989-03-25,23.33,0.0,29.08
1029,1989-03-26,23.83,0.0,26.76
1030,1989-03-27,20.61,4.66,51.05
1031,1989-03-28,20.42,7.21,55.61
1032,1989-03-29,21.18,0.0,50.35
1033,1989-03-30,23.47,0.01,45.04
1034,1989-03-31,24.7,0.47,42.76
1035,1989-04-01,23.89,0.01,35.4
1036,1989-04-02,20.53,0.02,28.18
1037,1989-04-03,21.57,0.0,24.05
1038,1989-04-04,22.11,0.0,20.6
1039,1989-04-05,21.07,0.01,26.14
1040,1989-04-06,21.59,0.66,29.46
1041,1989-04-07,24.06,0.0,26.0
1042,1989-04-08,27.1,0.0,28.12
1043,1989-04-09,25.74,0.01,32.84
1044,1989-04-10,25.23,0.0,32.43
1045,1989-04-11,23.95,1.3,28.92
1046,1989-04-12,25.45,0.0,19.17
1047,1989-04-13,25.46,0.0,16.67
1048,1989-04-14,25.59,0.0,18.29
1049,1989-04-15,28.43,0.0,20.83
1050,1989-04-16,29.49,0.0,24.07
1051,1989-04-17,30.0,0.0,20.75
1052,1989-04-18,29.46,0.01,15.5
1053,1989-04-19,29.51,0.0,13.8
1054,1989-04-20,28.89,0.0,11.67
1055,1989-04-21,28.66,0.0,11.43
1056,1989-04-22,30.87,0.0,14.98
1057,1989-04-23,31.05,0.0,18.19
1058,1989-04-24,31.44,0.01,19.19
1059,1989-04-25,30.8,0.46,24.27
1060,1989-04-26,29.39,0.86,23.33
1061,1989-04-27,29.99,0.0,16.53
1062,1989-04-28,29.66,0.0,13.52
1063,1989-04-29,29.29,0.19,12.13
1064,1989-04-30,31.03,0.0,9.68
1065,1989-05-01,32.77,1.3,16.83
1066,1989-05-02,29.49,0.68,25.89
1067,1989-05-03,29.07,1.18,22.15
1068,1989-05-04,29.39,0.21,16.32
1069,1989-05-05,29.4,0.01,9.86
1070,1989-05-06,29.35,0.0,8.48
1071,1989-05-07,28.46,0.0,8.24
1072,1989-05-08,28.89,0.0,9.67
1073,1989-05-09,30.76,0.0,11.08
1074,1989-05-10,34.33,0.0,13.99
1075,1989-05-11,35.01,0.0,17.77
1076,1989-05-12,34.4,0.0,13.4
1077,1989-05-13,34.33,0.01,13.12
1078,1989-05-14,34.87,0.0,10.53
1079,1989-05-15,37.03,0.0,7.78
1080,1989-05-16,37.95,0.0,9.05
1081,1989-05-17,37.67,0.0,10.74
1082,1989-05-18,37.69,0.13,10.65
1083,1989-05-19,36.77,0.0,10.1
1084,1989-05-20,35.0,0.16,8.74
1085,1989-05-21,36.99,0.0,6.77
1086,1989-05-22,38.07,0.0,6.9
1087,1989-05-23,36.79,0.0,6.08
1088,1989-05-24,35.0,0.0,6.6
1089,1989-05-25,34.37,0.03,9.7
1090,1989-05-26,33.02,5.31,16.11
1091,1989-05-27,34.91,0.0,11.47
1092,1989-05-28,35.89,0.0,8.91
1093,1989-05-29,36.28,0.0,14.06
1094,1989-05-30,36.59,0.0,22.0
1095,1989-05-31,36.43,0.01,24.25
1096,1989-06-01,35.69,5.43,27.15
1097,1989-06-02,37.14,0.0,25.46
1098,1989-06-03,38.21,0.0,21.52
1099,1989-06-04,38.26,0.0,22.81
1100,1989-06-05,37.76,0.0,25.04
1101,1989-06-06,36.9,2.37,26.54
1102,1989-06-07,36.63,0.39,23.41
1103,1989-06-08,36.5,1.16,23.07
1104,1989-06-09,37.48,0.07,26.52
1105,1989-06-10,36.98,0.0,28.14
1106,1989-06-11,35.83,5.05,31.89
1107,1989-06-12,35.17,4.2,26.07
1108,1989-06-13,37.08,0.0,24.85
1109,1989-06-14,36.63,0.12,31.02
1110,1989-06-15,33.76,8.22,40.29
1111,1989-06-16,33.08,0.08,37.86
1112,1989-06-17,33.6,0.9,33.65
1113,1989-06-18,34.33,0.17,25.13
1114,1989-06-19,34.35,2.51,24.87
1115,1989-06-20,34.45,0.16,25.48
1116,1989-06-21,35.04,0.01,26.52
1117,1989-06-22,35.43,0.74,22.48
1118,1989-06-23,37.11,0.0,18.78
1119,1989-06-24,37.6,0.0,19.31
1120,1989-06-25,37.52,0.86,18.27
1121,1989-06-26,37.78,0.0,17.72
1122,1989-06-27,38.3,0.01,18.25
1123,1989-06-28,38.31,0.01,16.65
1124,1989-06-29,38.11,0.0,16.61
1125,1989-06-30,38.06,0.0,16.43
1126,1989-07-01,37.58,0.23,20.13
1127,1989-07-02,32.74,4.78,39.88
1128,1989-07-03,33.99,0.16,37.66
1129,1989-07-04,34.45,0.62,39.94
1130,1989-07-05,35.4,0.5,31.37
1131,1989-07-06,36.03,0.28,29.44
1132,1989-07-07,36.58,0.4,27.37
1133,1989-07-08,38.1,0.0,20.0
1134,1989-07-09,39.05,0.0,19.7
1135,1989-07-10,39.67,0.0,20.78
1136,1989-07-11,39.23,1.65,26.37
1137,1989-07-12,39.19,0.45,29.24
1138,1989-07-13,36.86,1.95,35.49
1139,1989-07-14,34.23,8.74,49.76
1140,1989-07-15,31.67,6.94,61.44
1141,1989-07-16,33.49,1.65,47.84
1142,1989-07-17,34.88,0.01,42.95
1143,1989-07-18,36.3,0.0,36.06
1144,1989-07-19,37.32,0.01,32.65
1145,1989-07-20,38.09,0.0,29.32
1146,1989-07-21,36.62,0.02,36.51
1147,1989-07-22,32.81,9.97,55.39
1148,1989-07-23,31.72,27.69,64.74
1149,1989-07-24,32.88,6.59,56.53
1150,1989-07-25,34.2,0.16,51.42
1151,1989-07-26,35.54,0.0,47.55
1152,1989-07-27,36.41,0.0,43.85
1153,1989-07-28,34.67,4.38,46.35
1154,1989-07-29,30.39,9.74,66.2
1155,1989-07-30,26.63,62.36,86.05
1156,1989-07-31,29.14,7.83,74.83
1157,1989-08-01,31.82,1.71,61.38
1158,1989-08-02,31.26,3.63,58.21
1159,1989-08-03,30.44,0.08,58.68
1160,1989-08-04,31.03,0.1,57.56
1161,1989-08-05,31.08,2.17,57.46
1162,1989-08-06,31.61,0.0,56.07
1163,1989-08-07,32.3,0.0,50.79
1164,1989-08-08,33.05,0.0,47.3
1165,1989-08-09,33.18,0.0,44.97
1166,1989-08-10,32.17,5.66,49.56
1167,1989-08-11,33.38,0.17,47.65
1168,1989-08-12,33.2,0.09,50.17
1169,1989-08-13,33.52,0.0,46.47
1170,1989-08-14,33.22,0.82,48.7
1171,1989-08-15,34.3,0.0,47.99
1172,1989-08-16,32.92,0.35,52.74
1173,1989-08-17,32.32,5.6,55.5
1174,1989-08-18,33.76,3.76,51.86
1175,1989-08-19,34.24,1.38,50.16
1176,1989-08-20,33.97,0.8,52.36
1177,1989-08-21,34.25,1.68,49.2
1178,1989-08-22,34.31,0.29,50.77
1179,1989-08-23,31.72,4.28,60.37
1180,1989-08-24,32.02,2.04,57.01
1181,1989-08-25,31.27,0.23,59.59
1182,1989-08-26,31.52,0.2,57.61
1183,1989-08-27,28.25,1.61,67.65
1184,1989-08-28,28.7,31.68,65.54
1185,1989-08-29,29.83,0.34,55.19
1186,1989-08-30,30.62,0.04,46.97
1187,1989-08-31,31.21,0.01,42.99
1188,1989-09-01,30.75,0.04,52.24
1189,1989-09-02,30.66,0.05,56.43
1190,1989-09-03,30.74,9.64,56.33
1191,1989-09-04,31.78,6.98,44.93
1192,1989-09-05,30.89,0.36,45.71
1193,1989-09-06,30.72,0.0,48.21
1194,1989-09-07,31.65,0.0,46.55
1195,1989-09-08,32.3,0.0,37.31
1196,1989-09-09,32.19,0.0,35.93
1197,1989-09-10,32.52,0.0,36.06
1198,1989-09-11,31.55,0.0,38.28
1199,1989-09-12,31.36,0.0,38.36
1200,1989-09-13,31.5,0.0,38.07
1201,1989-09-14,31.44,0.0,39.54
1202,1989-09-15,30.87,0.0,43.74
1203,1989-09-16,31.74,0.0,47.39
1204,1989-09-17,32.4,0.0,45.55
1205,1989-09-18,32.0,0.0,47.2
1206,1989-09-19,32.45,0.37,44.51
1207,1989-09-20,31.92,3.92,45.7
1208,1989-09-21,32.73,0.0,40.81
1209,1989-09-22,32.41,0.0,35.87
1210,1989-09-23,32.08,0.01,36.9
1211,1989-09-24,30.09,4.56,45.39
1212,1989-09-25,29.25,1.31,44.01
1213,1989-09-26,29.33,0.0,38.71
1214,1989-09-27,29.51,0.0,37.9
1215,1989-09-28,29.77,0.0,34.86
1216,1989-09-29,29.12,0.0,29.0
1217,1989-09-30,29.57,0.0,23.65
1218,1989-10-01,29.06,0.0,23.87
1219,1989-10-02,28.95,0.0,23.55
1220,1989-10-03,29.18,0.0,23.58
1221,1989-10-04,29.61,0.0,22.96
1222,1989-10-05,28.64,0.0,25.53
1223,1989-10-06,28.47,0.0,24.63
1224,1989-10-07,28.4,0.0,21.17
1225,1989-10-08,28.63,0.0,20.57
1226,1989-10-09,28.35,0.0,21.64
1227,1989-10-10,27.46,0.0,23.47
1228,1989-10-11,28.36,0.0,23.91
1229,1989-10-12,28.03,0.0,26.01
1230,1989-10-13,28.14,0.1,28.01
1231,1989-10-14,26.66,0.08,27.87
1232,1989-10-15,25.64,0.0,24.05
1233,1989-10-16,24.86,0.01,19.19
1234,1989-10-17,24.73,0.0,16.53
1235,1989-10-18,24.62,0.0,14.41
1236,1989-10-19,25.41,0.0,11.98
1237,1989-10-20,24.29,0.0,13.51
1238,1989-10-21,24.76,0.0,12.8
1239,1989-10-22,24.98,0.0,11.78
1240,1989-10-23,24.95,0.0,12.45
1241,1989-10-24,23.41,0.0,15.89
1242,1989-10-25,23.97,0.0,15.24
1243,1989-10-26,24.68,0.0,15.8
1244,1989-10-27,24.1,0.0,15.7
1245,1989-10-28,24.63,0.0,14.91
1246,1989-10-29,23.43,0.0,16.15
1247,1989-10-30,23.46,0.0,14.16
1248,1989-10-31,22.7,0.0,13.96
1249,1989-11-01,23.33,0.0,13.22
1250,1989-11-02,22.95,0.0,14.01
1251,1989-11-03,22.54,0.02,19.97
1252,1989-11-04,21.86,0.09,37.56
1253,1989-11-05,20.88,0.01,36.01
1254,1989-11-06,18.79,3.63,34.94
1255,1989-11-07,17.99,0.0,28.29
1256,1989-11-08,18.46,0.0,20.93
1257,1989-11-09,19.65,0.0,17.82
1258,1989-11-10,21.51,0.0,18.13
1259,1989-11-11,22.45,0.0,20.68
1260,1989-11-12,22.32,0.0,20.51
1261,1989-11-13,21.69,0.0,21.46
1262,1989-11-14,22.0,0.0,20.01
1263,1989-11-15,21.23,0.0,19.53
1264,1989-11-16,19.89,0.0,18.64
1265,1989-11-17,20.67,0.0,17.44
1266,1989-11-18,22.55,0.0,16.49
1267,1989-11-19,21.05,0.0,21.38
1268,1989-11-20,20.77,0.01,23.97
1269,1989-11-21,20.68,0.0,20.66
1270,1989-11-22,20.64,0.0,19.09
1271,1989-11-23,20.59,0.1,36.18
1272,1989-11-24,21.01,1.3,36.36
1273,1989-11-25,19.11,4.59,52.52
1274,1989-11-26,17.94,0.02,50.44
1275,1989-11-27,17.09,0.35,39.09
1276,1989-11-28,17.65,0.0,33.19
1277,1989-11-29,16.54,0.0,29.45
1278,1989-11-30,15.89,0.0,27.0
1279,1989-12-01,16.45,0.0,24.36
1280,1989-12-02,16.31,0.0,23.9
1281,1989-12-03,14.8,0.0,25.36
1282,1989-12-04,13.69,0.0,25.16
1283,1989-12-05,15.27,0.0,21.17
1284,1989-12-06,15.32,0.0,21.25
1285,1989-12-07,15.12,0.0,25.8
1286,1989-12-08,17.87,0.0,29.2
1287,1989-12-09,18.46,0.0,36.87
1288,1989-12-10,16.89,0.05,43.46
1289,1989-12-11,16.66,0.0,44.52
1290,1989-12-12,15.93,0.27,44.76
1291,1989-12-13,15.8,0.0,36.77
1292,1989-12-14,14.53,0.0,34.43
1293,1989-12-15,15.41,0.0,31.34
1294,1989-12-16,15.13,0.0,27.39
1295,1989-12-17,16.83,0.0,23.94
1296,1989-12-18,17.21,0.01,20.49
1297,1989-12-19,14.7,0.0,43.6
1298,1989-12-20,12.74,15.97,71.57
1299,1989-12-21,14.39,0.02,53.83
1300,1989-12-22,15.84,9.06,51.07
1301,1989-12-23,13.87,11.05,67.77
1302,1989-12-24,12.93,1.87,68.35
1303,1989-12-25,12.24,0.0,67.71
1304,1989-12-26,11.56,0.0,70.23
1305,1989-12-27,10.59,0.03,55.28
1306,1989-12-28,11.57,0.0,40.85
1307,1989-12-29,12.58,0.0,35.33
1308,1989-12-30,12.76,0.0,33.92
1309,1989-12-31,11.53,0.0,40.35
1310,1990-01-01,11.28,0.0,45.25
1311,1990-01-02,12.24,0.0,41.51
1312,1990-01-03,12.09,0.0,38.21
1313,1990-01-04,12.59,0.0,41.09
1314,1990-01-05,11.83,0.0,54.22
1315,1990-01-06,10.78,0.18,61.0
1316,1990-01-07,11.89,0.0,59.12
1317,1990-01-08,10.6,1.91,63.55
1318,1990-01-09,11.13,0.0,55.74
1319,1990-01-10,12.41,0.0,49.86
1320,1990-01-11,13.66,0.0,50.99
1321,1990-01-12,15.84,0.0,49.24
1322,1990-01-13,17.19,0.0,46.17
1323,1990-01-14,15.42,0.0,50.31
1324,1990-01-15,13.58,0.0,46.71
1325,1990-01-16,14.59,0.0,36.26
1326,1990-01-17,16.19,0.01,39.33
1327,1990-01-18,17.12,0.0,54.06
1328,1990-01-19,16.19,0.01,55.47
1329,1990-01-20,15.92,0.16,52.75
1330,1990-01-21,18.82,0.0,49.72
1331,1990-01-22,17.99,0.0,48.41
1332,1990-01-23,16.35,0.86,54.98
1333,1990-01-24,15.96,0.0,52.13
1334,1990-01-25,17.51,0.0,38.83
1335,1990-01-26,18.01,0.0,35.29
1336,1990-01-27,17.64,0.01,30.71
1337,1990-01-28,14.71,0.0,28.17
1338,1990-01-29,11.68,0.28,37.93
1339,1990-01-30,13.07,0.0,37.28
1340,1990-01-31,15.57,0.0,38.07
1341,1990-02-01,14.41,0.0,42.6
1342,1990-02-02,12.56,0.0,39.66
1343,1990-02-03,13.02,0.0,35.03
1344,1990-02-04,14.55,0.0,37.04
1345,1990-02-05,16.12,0.0,38.35
1346,1990-02-06,19.51,0.0,38.87
1347,1990-02-07,19.48,0.08,44.55
1348,1990-02-08,18.88,1.97,53.43
1349,1990-02-09,18.78,0.72,52.24
1350,1990-02-10,17.88,1.39,47.64
1351,1990-02-11,17.63,0.09,42.89
1352,1990-02-12,15.96,0.59,52.73
1353,1990-02-13,14.14,13.1,84.16
1354,1990-02-14,14.56,1.46,66.14
1355,1990-02-15,13.44,0.7,53.14
1356,1990-02-16,13.88,0.15,44.24
1357,1990-02-17,13.13,0.0,43.7
1358,1990-02-18,14.8,0.55,54.7
1359,1990-02-19,14.59,1.93,64.47
1360,1990-02-20,15.44,1.29,54.84
1361,1990-02-21,16.1,0.0,45.26
1362,1990-02-22,16.83,0.0,39.54
1363,1990-02-23,17.91,0.0,41.51
1364,1990-02-24,17.02,3.89,66.92
1365,1990-02-25,14.48,10.17,74.57
1366,1990-02-26,15.88,0.15,61.31
1367,1990-02-27,16.93,8.54,64.14
1368,1990-02-28,14.83,12.68,76.84
1369,1990-03-01,14.82,2.12,60.19
1370,1990-03-02,14.39,0.16,51.28
1371,1990-03-03,15.81,0.0,42.5
1372,1990-03-04,17.22,0.0,36.54
1373,1990-03-05,17.02,0.0,37.42
1374,1990-03-06,17.59,0.0,39.89
1375,1990-03-07,18.29,0.0,37.6
1376,1990-03-08,20.16,0.0,34.3
1377,1990-03-09,21.06,0.0,33.56
1378,1990-03-10,21.41,0.01,34.59
1379,1990-03-11,20.97,1.64,41.51
1380,1990-03-12,19.69,0.1,47.12
1381,1990-03-13,19.84,0.0,38.59
1382,1990-03-14,22.86,0.0,27.52
1383,1990-03-15,22.49,0.0,33.74
1384,1990-03-16,23.32,0.0,35.34
1385,1990-03-17,24.71,0.02,35.04
1386,1990-03-18,24.78,0.01,36.15
1387,1990-03-19,24.08,23.1,46.29
1388,1990-03-20,21.97,15.74,53.68
1389,1990-03-21,20.18,1.63,59.35
1390,1990-03-22,19.61,10.97,53.27
1391,1990-03-23,16.84,6.69,47.22
1392,1990-03-24,17.99,0.09,34.53
1393,1990-03-25,18.35,0.0,33.22
1394,1990-03-26,19.29,0.0,35.93
1395,1990-03-27,18.63,0.0,51.82
1396,1990-03-28,19.06,0.0,52.12
1397,1990-03-29,19.99,0.76,51.24
1398,1990-03-30,20.48,2.3,52.15
1399,1990-03-31,19.68,0.43,50.71
1400,1990-04-01,19.75,0.0,47.25
1401,1990-04-02,20.15,0.0,44.01
1402,1990-04-03,21.42,0.0,40.01
1403,1990-04-04,23.5,0.0,32.62
1404,1990-04-05,24.5,0.0,28.2
1405,1990-04-06,19.28,0.45,48.97
1406,1990-04-07,23.16,2.83,47.89
1407,1990-04-08,23.63,13.84,49.73
1408,1990-04-09,23.58,0.0,46.24
1409,1990-04-10,23.66,0.0,39.78
1410,1990-04-11,25.92,0.0,35.88
1411,1990-04-12,27.21,0.0,38.79
1412,1990-04-13,25.22,0.0,39.07
1413,1990-04-14,24.32,0.29,39.83
1414,1990-04-15,25.89,0.0,38.6
1415,1990-04-16,26.51,0.26,36.43
1416,1990-04-17,28.31,0.0,32.64
1417,1990-04-18,29.35,0.0,31.83
1418,1990-04-19,28.3,0.0,30.58
1419,1990-04-20,28.26,0.0,27.94
1420,1990-04-21,29.29,0.0,24.81
1421,1990-04-22,29.87,0.0,23.49
1422,1990-04-23,29.69,0.0,25.11
1423,1990-04-24,29.88,0.0,30.61
1424,1990-04-25,31.65,0.0,29.82
1425,1990-04-26,31.31,0.04,28.16
1426,1990-04-27,31.47,0.0,24.92
1427,1990-04-28,30.67,0.0,22.28
1428,1990-04-29,29.55,0.0,23.2
1429,1990-04-30,31.17,0.0,19.65
1430,1990-05-01,28.63,0.0,25.1
1431,1990-05-02,29.09,0.01,30.15
1432,1990-05-03,30.93,0.0,29.36
1433,1990-05-04,32.24,0.0,26.77
1434,1990-05-05,31.86,0.0,26.02
1435,1990-05-06,31.31,0.8,29.81
1436,1990-05-07,31.85,0.0,30.39
1437,1990-05-08,33.9,0.0,28.32
1438,1990-05-09,34.76,0.34,25.92
1439,1990-05-10,36.05,0.0,22.85
1440,1990-05-11,36.01,0.0,21.84
1441,1990-05-12,35.24,0.0,23.53
1442,1990-05-13,35.15,0.0,28.77
1443,1990-05-14,36.36,1.85,26.26
1444,1990-05-15,37.23,0.0,21.94
1445,1990-05-16,38.0,0.0,22.45
1446,1990-05-17,38.98,0.5,19.93
1447,1990-05-18,37.82,0.06,17.95
1448,1990-05-19,36.79,1.73,19.52
1449,1990-05-20,34.99,0.01,17.06
1450,1990-05-21,34.93,0.35,14.25
1451,1990-05-22,35.28,0.51,13.03
1452,1990-05-23,36.1,0.0,11.09
1453,1990-05-24,37.49,0.0,8.53
1454,1990-05-25,37.4,0.0,13.92
1455,1990-05-26,38.09,0.0,17.94
1456,1990-05-27,38.31,0.0,12.46
1457,1990-05-28,38.85,0.0,15.77
1458,1990-05-29,38.13,0.02,21.13
1459,1990-05-30,38.16,0.0,17.77
1460,1990-05-31,35.83,0.05,19.99
1461,1990-06-01,35.41,0.0,17.34
1462,1990-06-02,36.02,0.0,18.73
1463,1990-06-03,37.11,0.0,16.73
1464,1990-06-04,37.06,0.0,14.37
1465,1990-06-05,37.58,0.0,13.23
1466,1990-06-06,37.85,0.0,14.23
1467,1990-06-07,38.25,0.0,18.53
1468,1990-06-08,38.31,0.01,18.88
1469,1990-06-09,37.9,0.05,18.31
1470,1990-06-10,37.56,2.82,20.42
1471,1990-06-11,37.19,0.32,20.49
1472,1990-06-12,35.24,4.48,29.96
1473,1990-06-13,35.76,0.0,25.0
1474,1990-06-14,36.88,0.04,22.76
1475,1990-06-15,37.68,0.0,19.91
1476,1990-06-16,39.29,0.0,16.22
1477,1990-06-17,39.06,0.0,14.91
1478,1990-06-18,39.87,0.0,12.82
1479,1990-06-19,40.2,0.05,13.73
1480,1990-06-20,39.95,0.62,16.93
1481,1990-06-21,39.67,1.31,21.92
1482,1990-06-22,39.26,0.05,23.4
1483,1990-06-23,39.95,0.15,25.29
1484,1990-06-24,40.21,0.39,27.31
1485,1990-06-25,40.05,0.04,29.46
1486,1990-06-26,40.1,0.0,28.38
1487,1990-06-27,40.44,0.08,28.43
1488,1990-06-28,38.97,2.56,30.79
1489,1990-06-29,36.0,5.13,45.76
1490,1990-06-30,36.45,6.87,46.47
1491,1990-07-01,34.56,4.75,51.11
1492,1990-07-02,33.47,7.5,57.87
1493,1990-07-03,31.33,8.2,66.73
1494,1990-07-04,31.58,5.07,61.66
1495,1990-07-05,30.29,3.25,64.51
1496,1990-07-06,32.17,1.57,60.89
1497,1990-07-07,34.81,0.43,50.37
1498,1990-07-08,35.54,0.08,48.77
1499,1990-07-09,35.14,11.35,50.43
1500,1990-07-10,33.48,12.89,56.99
1501,1990-07-11,32.55,12.12,58.02
1502,1990-07-12,33.76,3.53,50.17
1503,1990-07-13,35.2,0.04,41.04
1504,1990-07-14,36.18,0.0,39.37
1505,1990-07-15,34.1,0.0,49.22
1506,1990-07-16,32.43,6.18,57.1
1507,1990-07-17,34.52,3.88,51.22
1508,1990-07-18,35.25,2.11,45.23
1509,1990-07-19,34.49,7.5,46.63
1510,1990-07-20,33.93,4.57,48.79
1511,1990-07-21,34.03,3.02,46.29
1512,1990-07-22,34.36,3.64,45.33
1513,1990-07-23,34.61,2.3,47.13
1514,1990-07-24,34.16,0.0,48.74
1515,1990-07-25,34.77,2.1,49.68
1516,1990-07-26,35.46,2.55,47.88
1517,1990-07-27,35.14,8.24,50.11
1518,1990-07-28,32.94,26.65,57.3
1519,1990-07-29,33.23,3.46,55.77
1520,1990-07-30,34.71,0.5,48.52
1521,1990-07-31,35.65,0.54,46.14
1522,1990-08-01,35.76,0.01,44.73
1523,1990-08-02,33.23,2.11,57.23
1524,1990-08-03,32.19,1.65,58.56
1525,1990-08-04,32.76,0.13,55.53
1526,1990-08-05,30.85,1.0,60.86
1527,1990-08-06,31.5,4.26,64.02
1528,1990-08-07,32.8,0.6,55.98
1529,1990-08-08,30.15,4.98,66.8
1530,1990-08-09,30.49,2.25,67.06
1531,1990-08-10,29.44,21.54,74.19
1532,1990-08-11,31.77,2.73,64.54
1533,1990-08-12,33.76,7.74,56.32
1534,1990-08-13,32.22,1.7,61.98
1535,1990-08-14,29.07,11.86,71.14
1536,1990-08-15,30.37,12.07,66.71
1537,1990-08-16,32.01,0.4,60.87
1538,1990-08-17,32.56,0.02,59.64
1539,1990-08-18,32.7,0.0,58.96
1540,1990-08-19,32.36,8.09,62.87
1541,1990-08-20,32.65,3.07,61.65
1542,1990-08-21,32.59,0.12,60.43
1543,1990-08-22,32.59,2.2,60.47
1544,1990-08-23,32.13,1.36,60.2
1545,1990-08-24,32.78,0.28,58.08
1546,1990-08-25,32.84,0.02,57.74
1547,1990-08-26,33.32,0.0,54.29
1548,1990-08-27,34.48,0.0,44.7
1549,1990-08-28,33.3,0.22,50.74
1550,1990-08-29,27.97,34.27,76.25
1551,1990-08-30,28.34,16.16,76.8
1552,1990-08-31,30.39,4.88,68.05
1553,1990-09-01,31.37,0.0,63.69
1554,1990-09-02,32.15,0.0,58.98
1555,1990-09-03,32.58,0.0,56.8
1556,1990-09-04,32.39,0.32,56.09
1557,1990-09-05,29.16,24.4,71.34
1558,1990-09-06,29.68,5.64,71.26
1559,1990-09-07,28.85,4.72,73.23
1560,1990-09-08,26.86,36.98,87.84
1561,1990-09-09,27.31,37.58,87.1
1562,1990-09-10,28.03,10.38,81.48
1563,1990-09-11,28.06,0.09,76.73
1564,1990-09-12,29.12,0.0,70.79
1565,1990-09-13,28.85,0.3,69.79
1566,1990-09-14,28.42,2.53,73.38
1567,1990-09-15,28.63,3.75,72.34
1568,1990-09-16,28.93,0.12,68.65
1569,1990-09-17,28.99,0.56,67.92
1570,1990-09-18,29.67,0.0,60.72
1571,1990-09-19,28.81,0.0,62.72
1572,1990-09-20,28.52,0.02,68.55
1573,1990-09-21,28.99,0.01,65.55
1574,1990-09-22,28.82,0.02,67.5
1575,1990-09-23,29.12,1.58,65.44
1576,1990-09-24,28.81,1.64,63.46
1577,1990-09-25,28.47,0.39,63.82
1578,1990-09-26,27.02,25.07,63.62
1579,1990-09-27,26.94,0.08,65.35
1580,1990-09-28,27.74,0.0,61.15
1581,1990-09-29,28.37,1.53,57.62
1582,1990-09-30,27.07,16.77,65.12
1583,1990-10-01,26.11,1.65,63.47
1584,1990-10-02,26.56,0.0,59.22
1585,1990-10-03,26.88,0.0,55.82
1586,1990-10-04,26.54,0.0,56.33
1587,1990-10-05,26.96,0.0,51.9
1588,1990-10-06,26.26,0.0,53.27
1589,1990-10-07,26.12,0.0,53.85
1590,1990-10-08,26.91,0.0,47.0
1591,1990-10-09,26.46,0.0,44.54
1592,1990-10-10,25.97,0.0,44.97
1593,1990-10-11,26.05,0.0,43.08
1594,1990-10-12,25.66,0.0,42.27
1595,1990-10-13,24.48,0.0,43.15
1596,1990-10-14,23.84,0.54,44.53
1597,1990-10-15,24.08,0.0,41.84
1598,1990-10-16,24.09,0.0,41.13
1599,1990-10-17,23.71,0.0,46.51
1600,1990-10-18,23.43,0.09,50.67
1601,1990-10-19,23.27,0.4,53.22
1602,1990-10-20,22.5,0.0,41.14
1603,1990-10-21,22.11,0.0,36.75
1604,1990-10-22,21.79,0.0,36.82
1605,1990-10-23,21.97,0.0,34.56
1606,1990-10-24,21.77,0.0,34.76
1607,1990-10-25,21.79,0.0,34.04
1608,1990-10-26,20.78,0.0,37.07
1609,1990-10-27,21.09,0.0,34.62
1610,1990-10-28,21.15,0.0,33.93
1611,1990-10-29,20.91,0.0,36.31
1612,1990-10-30,21.54,0.0,35.58
1613,1990-10-31,21.48,0.0,38.64
1614,1990-11-01,22.7,0.0,38.65
1615,1990-11-02,22.2,0.01,43.21
1616,1990-11-03,22.34,0.0,44.12
1617,1990-11-04,22.41,0.0,45.48
1618,1990-11-05,22.92,0.0,37.09
1619,1990-11-06,22.47,0.0,34.68
1620,1990-11-07,21.37,0.0,37.75
1621,1990-11-08,21.44,0.0,32.88
1622,1990-11-09,20.42,0.0,34.84
1623,1990-11-10,20.95,0.0,33.79
1624,1990-11-11,20.38,0.0,34.45
1625,1990-11-12,21.03,0.0,32.63
1626,1990-11-13,20.43,0.0,34.04
1627,1990-11-14,20.0,0.0,33.61
1628,1990-11-15,20.22,0.0,34.21
1629,1990-11-16,20.38,0.0,32.38
1630,1990-11-17,19.83,0.0,31.05
1631,1990-11-18,19.69,0.0,30.72
1632,1990-11-19,21.15,0.0,29.55
1633,1990-11-20,21.39,0.02,34.44
1634,1990-11-21,19.4,3.23,55.74
1635,1990-11-22,18.41,0.0,57.5
1636,1990-11-23,18.68,0.0,48.18
1637,1990-11-24,18.47,0.0,42.23
1638,1990-11-25,18.24,0.0,31.55
1639,1990-11-26,17.09,0.0,27.42
1640,1990-11-27,16.14,0.0,29.42
1641,1990-11-28,15.82,0.0,30.89
1642,1990-11-29,15.01,0.0,31.98
1643,1990-11-30,16.44,0.0,26.19
1644,1990-12-01,16.04,0.0,25.71
1645,1990-12-02,15.91,0.0,27.39
1646,1990-12-03,15.42,0.0,28.73
1647,1990-12-04,15.4,0.0,27.47
1648,1990-12-05,14.98,0.0,29.4
1649,1990-12-06,14.88,0.0,28.28
1650,1990-12-07,14.98,0.0,27.84
1651,1990-12-08,16.74,0.0,27.47
1652,1990-12-09,16.68,0.0,37.59
1653,1990-12-10,16.48,0.0,39.26
1654,1990-12-11,15.84,0.0,38.79
1655,1990-12-12,15.14,0.0,39.95
1656,1990-12-13,14.52,0.0,40.71
1657,1990-12-14,15.39,0.0,40.97
1658,1990-12-15,17.64,0.25,39.14
1659,1990-12-16,15.4,2.18,60.65
1660,1990-12-17,15.37,0.0,54.32
1661,1990-12-18,13.97,0.02,44.06
1662,1990-12-19,11.97,0.0,42.02
1663,1990-12-20,12.29,0.0,39.11
1664,1990-12-21,12.22,0.0,39.26
1665,1990-12-22,12.98,0.0,39.16
1666,1990-12-23,14.69,0.0,34.63
1667,1990-12-24,13.22,0.0,39.52
1668,1990-12-25,12.27,0.0,50.92
1669,1990-12-26,15.22,0.0,40.14
1670,1990-12-27,17.01,0.06,39.93
1671,1990-12-28,17.16,0.08,44.66
1672,1990-12-29,14.62,3.01,54.29
1673,1990-12-30,8.56,0.02,34.36
1674,1990-12-31,7.16,0.02,38.29
1675,1991-01-01,7.62,0.0,42.51
1676,1991-01-02,8.21,0.0,40.8
1677,1991-01-03,8.01,0.0,38.44
1678,1991-01-04,8.31,0.0,36.34
1679,1991-01-05,9.93,0.0,32.14
1680,1991-01-06,11.09,0.0,32.71
1681,1991-01-07,10.5,0.0,38.8
1682,1991-01-08,12.36,0.0,47.37
1683,1991-01-09,12.33,0.0,54.24
1684,1991-01-10,12.9,0.0,51.73
1685,1991-01-11,13.35,0.0,43.07
1686,1991-01-12,12.14,0.0,48.12
1687,1991-01-13,11.13,0.0,46.96
1688,1991-01-14,11.65,0.0,35.79
1689,1991-01-15,11.13,0.0,34.93
1690,1991-01-16,11.28,0.0,31.35
1691,1991-01-17,10.58,0.0,37.48
1692,1991-01-18,9.87,0.0,40.85
1693,1991-01-19,10.12,0.0,41.18
1694,1991-01-20,11.54,0.0,32.69
1695,1991-01-21,13.65,0.0,28.92
1696,1991-01-22,12.7,0.0,30.35
1697,1991-01-23,13.69,0.0,32.3
1698,1991-01-24,14.25,0.0,35.0
1699,1991-01-25,15.32,0.0,38.08
1700,1991-01-26,18.78,0.0,51.47
1701,1991-01-27,18.93,0.0,45.37
1702,1991-01-28,20.16,0.03,34.29
1703,1991-01-29,17.69,0.0,32.62
1704,1991-01-30,16.91,0.0,23.2
1705,1991-01-31,15.35,0.0,19.75
1706,1991-02-01,14.88,0.0,22.43
1707,1991-02-02,15.24,0.0,22.99
1708,1991-02-03,16.05,0.0,19.46
1709,1991-02-04,15.85,0.0,25.33
1710,1991-02-05,16.41,0.0,26.98
1711,1991-02-06,17.38,0.0,31.62
1712,1991-02-07,17.54,0.0,33.04
1713,1991-02-08,16.57,0.0,33.29
1714,1991-02-09,19.19,0.11,33.57
1715,1991-02-10,19.3,0.0,35.62
1716,1991-02-11,18.64,0.1,53.06
1717,1991-02-12,16.9,0.11,41.76
1718,1991-02-13,15.96,0.03,32.89
1719,1991-02-14,15.52,0.0,18.17
1720,1991-02-15,14.95,0.0,22.94
1721,1991-02-16,13.05,0.0,23.86
1722,1991-02-17,11.91,0.0,14.41
1723,1991-02-18,12.26,0.0,13.19
1724,1991-02-19,15.91,0.0,15.71
1725,1991-02-20,18.89,0.0,12.09
1726,1991-02-21,18.92,0.0,13.31
1727,1991-02-22,18.92,0.0,15.97
1728,1991-02-23,19.19,0.0,28.41
1729,1991-02-24,21.72,0.95,41.3
1730,1991-02-25,19.27,1.87,52.39
1731,1991-02-26,18.78,0.06,54.81
1732,1991-02-27,18.0,0.0,48.11
1733,1991-02-28,17.36,0.0,30.53
1734,1991-03-01,18.59,0.03,24.43
1735,1991-03-02,17.12,0.0,29.73
1736,1991-03-03,18.02,0.0,40.65
1737,1991-03-04,20.96,0.03,34.76
1738,1991-03-05,20.16,0.0,36.74
1739,1991-03-06,18.1,0.0,26.67
1740,1991-03-07,18.01,0.0,16.67
1741,1991-03-08,20.15,0.0,17.1
1742,1991-03-09,23.95,0.02,27.74
1743,1991-03-10,23.21,0.01,21.26
1744,1991-03-11,22.53,0.0,21.73
1745,1991-03-12,23.39,0.0,19.83
1746,1991-03-13,23.35,0.0,20.03
1747,1991-03-14,22.02,0.0,18.32
1748,1991-03-15,20.71,0.32,19.1
1749,1991-03-16,22.14,0.0,15.8
1750,1991-03-17,23.81,0.0,15.84
1751,1991-03-18,26.23,0.0,16.07
1752,1991-03-19,23.84,0.0,26.91
1753,1991-03-20,22.9,0.12,24.51
1754,1991-03-21,24.1,0.0,17.9
1755,1991-03-22,24.41,0.0,17.95
1756,1991-03-23,21.7,0.01,38.22
1757,1991-03-24,22.02,0.0,31.42
1758,1991-03-25,22.52,0.0,22.85
1759,1991-03-26,24.44,0.0,20.35
1760,1991-03-27,26.38,0.0,17.56
1761,1991-03-28,28.7,0.0,18.85
1762,1991-03-29,29.78,0.0,22.16
1763,1991-03-30,30.04,0.0,21.6
1764,1991-03-31,31.28,0.0,18.37
1765,1991-04-01,30.57,0.0,17.68
1766,1991-04-02,29.12,0.0,18.32
1767,1991-04-03,26.93,0.04,19.52
1768,1991-04-04,27.39,0.0,20.28
1769,1991-04-05,27.84,0.0,20.75
1770,1991-04-06,28.37,0.0,18.97
1771,1991-04-07,26.21,0.02,23.71
1772,1991-04-08,24.96,0.01,39.17
1773,1991-04-09,23.33,0.0,42.38
1774,1991-04-10,24.72,0.05,29.61
1775,1991-04-11,24.89,0.0,24.52
1776,1991-04-12,25.33,0.0,25.2
1777,1991-04-13,28.45,0.01,21.63
1778,1991-04-14,27.07,4.73,32.14
1779,1991-04-15,23.92,27.35,38.5
1780,1991-04-16,22.22,0.0,32.51
1781,1991-04-17,22.29,0.0,28.43
1782,1991-04-18,22.88,0.0,27.32
1783,1991-04-19,24.68,0.0,26.39
1784,1991-04-20,27.21,0.0,23.23
1785,1991-04-21,29.28,0.0,22.94
1786,1991-04-22,28.79,0.0,26.85
1787,1991-04-23,27.24,0.0,32.18
1788,1991-04-24,27.37,0.0,29.65
1789,1991-04-25,28.54,0.0,27.2
1790,1991-04-26,29.81,0.0,22.63
1791,1991-04-27,29.7,0.0,23.5
1792,1991-04-28,30.4,0.0,24.77
1793,1991-04-29,31.42,0.0,23.57
1794,1991-04-30,32.28,0.0,22.01
1795,1991-05-01,33.39,0.0,18.5
1796,1991-05-02,32.64,0.0,15.03
1797,1991-05-03,30.58,0.0,17.3
1798,1991-05-04,31.89,0.0,14.03
1799,1991-05-05,33.14,0.0,14.91
1800,1991-05-06,33.17,0.01,18.93
1801,1991-05-07,33.67,0.18,22.08
1802,1991-05-08,34.48,0.0,20.53
1803,1991-05-09,34.72,0.0,17.83
1804,1991-05-10,32.79,0.0,11.35
1805,1991-05-11,31.85,0.0,12.39
1806,1991-05-12,32.1,0.0,11.13
1807,1991-05-13,34.28,0.0,11.49
1808,1991-05-14,34.7,0.0,12.45
1809,1991-05-15,34.84,0.0,11.53
1810,1991-05-16,34.34,0.0,11.11
1811,1991-05-17,35.09,0.0,14.96
1812,1991-05-18,35.15,0.0,18.18
1813,1991-05-19,36.95,0.0,17.4
1814,1991-05-20,36.58,0.28,21.15
1815,1991-05-21,35.34,0.08,21.46
1816,1991-05-22,32.73,0.0,26.59
1817,1991-05-23,34.88,0.0,18.48
1818,1991-05-24,36.37,0.0,17.66
1819,1991-05-25,37.36,0.02,17.35
1820,1991-05-26,37.12,0.0,14.0
1821,1991-05-27,35.89,0.03,14.0
1822,1991-05-28,36.07,0.0,12.31
1823,1991-05-29,36.4,0.0,11.16
1824,1991-05-30,35.45,0.0,11.57
1825,1991-05-31,36.62,0.0,10.82
1826,1991-06-01,37.01,0.0,7.95
1827,1991-06-02,37.28,0.0,5.91
1828,1991-06-03,36.82,0.0,6.17
1829,1991-06-04,37.49,0.0,8.85
1830,1991-06-05,37.78,0.0,11.28
1831,1991-06-06,37.5,0.0,16.04
1832,1991-06-07,38.3,0.0,12.85
1833,1991-06-08,35.13,17.03,27.91
1834,1991-06-09,36.22,0.36,30.59
1835,1991-06-10,35.3,6.01,36.68
1836,1991-06-11,34.39,0.38,42.13
1837,1991-06-12,35.2,0.0,30.14
1838,1991-06-13,34.39,8.5,35.49
1839,1991-06-14,35.89,0.0,26.48
1840,1991-06-15,37.08,0.0,23.49
1841,1991-06-16,37.27,0.0,24.53
1842,1991-06-17,38.05,0.0,27.16
1843,1991-06-18,35.73,5.19,34.82
1844,1991-06-19,29.56,23.9,55.17
1845,1991-06-20,32.2,11.55,45.77
1846,1991-06-21,33.66,0.44,36.49
1847,1991-06-22,33.66,0.18,35.12
1848,1991-06-23,34.67,0.0,28.35
1849,1991-06-24,35.24,0.0,28.42
1850,1991-06-25,35.36,0.0,26.89
1851,1991-06-26,35.63,0.0,22.41
1852,1991-06-27,35.93,0.0,23.38
1853,1991-06-28,36.65,0.0,23.32
1854,1991-06-29,37.05,0.0,23.37
1855,1991-06-30,37.3,0.0,21.17
1856,1991-07-01,36.86,0.0,24.32
1857,1991-07-02,36.78,0.0,26.59
1858,1991-07-03,37.42,0.0,26.8
1859,1991-07-04,38.06,0.0,26.92
1860,1991-07-05,38.31,0.0,26.91
1861,1991-07-06,38.0,0.03,26.15
1862,1991-07-07,37.46,0.0,24.57
1863,1991-07-08,37.45,2.22,26.86
1864,1991-07-09,38.46,0.0,24.55
1865,1991-07-10,38.5,0.21,24.46
1866,1991-07-11,37.34,3.1,29.14
1867,1991-07-12,35.85,3.14,31.28
1868,1991-07-13,36.1,0.05,32.66
1869,1991-07-14,37.14,0.62,31.64
1870,1991-07-15,35.84,4.6,35.77
1871,1991-07-16,37.31,0.0,27.59
1872,1991-07-17,36.86,0.0,33.36
1873,1991-07-18,37.6,0.83,35.69
1874,1991-07-19,38.32,1.08,34.72
1875,1991-07-20,38.31,2.07,35.69
1876,1991-07-21,36.08,3.62,42.77
1877,1991-07-22,34.74,8.9,47.4
1878,1991-07-23,34.33,7.43,48.36
1879,1991-07-24,35.81,0.63,36.79
1880,1991-07-25,35.07,2.07,42.75
1881,1991-07-26,36.33,0.0,40.61
1882,1991-07-27,36.57,0.16,40.0
1883,1991-07-28,37.33,1.45,36.57
1884,1991-07-29,36.01,4.52,40.24
1885,1991-07-30,33.48,15.6,56.98
1886,1991-07-31,34.69,4.41,50.86
1887,1991-08-01,34.51,6.82,49.59
1888,1991-08-02,35.65,0.01,44.27
1889,1991-08-03,36.87,0.03,40.38
1890,1991-08-04,33.55,30.76,54.68
1891,1991-08-05,31.82,17.71,65.55
1892,1991-08-06,33.71,0.08,53.67
1893,1991-08-07,33.6,0.29,53.74
1894,1991-08-08,33.47,9.99,57.68
1895,1991-08-09,33.47,6.85,55.29
1896,1991-08-10,31.81,17.74,60.13
1897,1991-08-11,31.33,4.05,58.11
1898,1991-08-12,33.42,0.18,43.14
1899,1991-08-13,33.98,0.0,40.07
1900,1991-08-14,34.08,0.0,42.84
1901,1991-08-15,34.53,0.0,39.64
1902,1991-08-16,34.28,0.0,37.99
1903,1991-08-17,33.61,0.0,45.35
1904,1991-08-18,32.39,7.12,55.41
1905,1991-08-19,33.38,0.04,54.09
1906,1991-08-20,33.08,1.66,54.98
1907,1991-08-21,32.53,1.35,59.62
1908,1991-08-22,31.15,5.83,62.96
1909,1991-08-23,29.75,13.72,68.71
1910,1991-08-24,30.47,4.47,64.18
1911,1991-08-25,30.68,4.71,64.53
1912,1991-08-26,32.2,1.51,56.78
1913,1991-08-27,32.04,2.35,59.13
1914,1991-08-28,30.12,5.64,68.94
1915,1991-08-29,29.13,2.3,69.26
1916,1991-08-30,29.89,5.86,69.8
1917,1991-08-31,29.73,9.48,71.36
1918,1991-09-01,30.33,0.99,65.45
1919,1991-09-02,30.38,3.91,63.97
1920,1991-09-03,31.06,1.76,61.62
1921,1991-09-04,33.02,0.0,50.68
1922,1991-09-05,32.67,0.0,46.36
1923,1991-09-06,31.88,0.13,52.99
1924,1991-09-07,32.22,8.29,50.38
1925,1991-09-08,32.64,1.51,48.19
1926,1991-09-09,32.59,1.07,46.24
1927,1991-09-10,31.14,4.3,54.11
1928,1991-09-11,31.4,5.05,53.18
1929,1991-09-12,31.25,1.66,52.12
1930,1991-09-13,31.31,0.0,47.66
1931,1991-09-14,31.23,0.0,47.28
1932,1991-09-15,31.18,0.03,50.11
1933,1991-09-16,30.26,4.94,54.9
1934,1991-09-17,29.76,1.31,57.12
1935,1991-09-18,29.09,8.35,56.9
1936,1991-09-19,29.82,0.37,51.83
1937,1991-09-20,29.74,0.0,49.05
1938,1991-09-21,29.59,0.0,45.29
1939,1991-09-22,29.81,0.0,41.74
1940,1991-09-23,29.81,0.0,41.18
1941,1991-09-24,29.0,0.57,43.81
1942,1991-09-25,29.01,0.0,41.82
1943,1991-09-26,29.34,0.0,38.35
1944,1991-09-27,28.66,0.04,41.05
1945,1991-09-28,28.0,0.07,44.12
1946,1991-09-29,27.06,0.06,48.67
1947,1991-09-30,25.94,0.07,38.7
1948,1991-10-01,24.45,0.0,32.77
1949,1991-10-02,23.51,0.01,32.64
1950,1991-10-03,26.13,0.0,24.9
1951,1991-10-04,26.44,0.0,26.76
1952,1991-10-05,25.8,0.0,29.48
1953,1991-10-06,26.05,0.0,28.98
1954,1991-10-07,26.32,0.0,30.1
1955,1991-10-08,26.37,0.0,32.03
1956,1991-10-09,26.54,0.0,32.52
1957,1991-10-10,25.86,0.0,32.42
1958,1991-10-11,25.93,0.0,30.91
1959,1991-10-12,25.76,0.0,30.2
1960,1991-10-13,24.92,0.0,30.28
1961,1991-10-14,24.93,0.0,31.54
1962,1991-10-15,25.84,0.04,33.99
1963,1991-10-16,25.36,0.09,38.35
1964,1991-10-17,24.05,2.53,39.39
1965,1991-10-18,24.62,0.0,30.93
1966,1991-10-19,24.16,0.0,29.92
1967,1991-10-20,24.98,0.0,26.19
1968,1991-10-21,24.11,0.0,28.47
1969,1991-10-22,25.01,0.0,26.72
1970,1991-10-23,24.28,0.0,28.62
1971,1991-10-24,23.97,0.0,29.13
1972,1991-10-25,24.1,0.0,26.89
1973,1991-10-26,23.61,0.0,28.17
1974,1991-10-27,23.26,0.0,30.77
1975,1991-10-28,23.38,0.0,32.53
1976,1991-10-29,23.28,0.0,34.74
1977,1991-10-30,23.16,0.0,32.25
1978,1991-10-31,22.56,0.0,28.71
1979,1991-11-01,22.61,0.0,21.9
1980,1991-11-02,22.6,0.0,20.2
1981,1991-11-03,22.05,0.0,17.89
1982,1991-11-04,20.61,0.0,19.02
1983,1991-11-05,20.14,0.0,19.14
1984,1991-11-06,20.56,0.0,18.4
1985,1991-11-07,20.12,0.0,19.68
1986,1991-11-08,20.9,0.02,19.21
1987,1991-11-09,19.97,0.0,21.77
1988,1991-11-10,20.53,0.02,24.77
1989,1991-11-11,18.91,0.01,56.85
1990,1991-11-12,18.94,0.0,48.0
1991,1991-11-13,19.53,0.0,32.39
1992,1991-11-14,19.5,0.0,29.06
1993,1991-11-15,19.54,0.0,27.89
1994,1991-11-16,19.33,0.0,25.51
1995,1991-11-17,18.04,0.0,28.11
1996,1991-11-18,17.55,0.0,27.04
1997,1991-11-19,17.55,0.0,22.39
1998,1991-11-20,17.96,0.0,20.71
1999,1991-11-21,19.04,0.0,19.45
2000,1991-11-22,18.22,0.0,21.07
2001,1991-11-23,18.34,0.0,20.97
2002,1991-11-24,18.2,0.0,20.96
2003,1991-11-25,19.22,0.0,19.51
2004,1991-11-26,19.75,0.0,21.78
2005,1991-11-27,19.66,0.0,34.38
2006,1991-11-28,18.23,0.0,33.2
2007,1991-11-29,17.13,0.0,26.52
2008,1991-11-30,16.05,0.0,20.11
2009,1991-12-01,15.2,0.06,24.91
2010,1991-12-02,14.23,0.0,21.03
2011,1991-12-03,14.67,0.0,14.55
2012,1991-12-04,17.04,0.0,12.66
2013,1991-12-05,17.38,0.0,20.11
2014,1991-12-06,16.61,0.0,39.7
2015,1991-12-07,18.28,0.0,36.98
2016,1991-12-08,18.97,0.0,33.17
2017,1991-12-09,18.51,0.0,35.37
2018,1991-12-10,17.85,0.0,36.56
2019,1991-12-11,17.69,0.0,34.21
2020,1991-12-12,18.17,0.0,34.1
2021,1991-12-13,17.92,0.0,39.16
2022,1991-12-14,18.21,0.0,40.78
2023,1991-12-15,18.46,0.0,39.45
2024,1991-12-16,17.32,0.0,39.74
2025,1991-12-17,16.23,0.0,38.51
2026,1991-12-18,17.36,0.0,33.79
2027,1991-12-19,18.06,0.0,31.43
2028,1991-12-20,16.28,0.0,34.78
2029,1991-12-21,17.95,0.01,39.26
2030,1991-12-22,17.07,4.98,52.09
2031,1991-12-23,15.2,1.72,53.89
2032,1991-12-24,12.47,2.99,78.46
2033,1991-12-25,13.26,0.47,67.8
2034,1991-12-26,13.32,0.2,50.35
2035,1991-12-27,11.43,2.08,52.01
2036,1991-12-28,11.78,0.01,46.53
2037,1991-12-29,10.99,2.88,50.79
2038,1991-12-30,10.82,2.29,47.58
2039,1991-12-31,10.41,0.0,43.94
2040,1992-01-01,9.93,0.0,43.59
2041,1992-01-02,10.53,0.0,39.41
2042,1992-01-03,10.55,0.0,43.75
2043,1992-01-04,12.14,0.0,47.85
2044,1992-01-05,12.21,0.0,48.14
2045,1992-01-06,13.4,0.0,50.4
2046,1992-01-07,15.81,0.0,49.43
2047,1992-01-08,15.35,0.54,44.53
2048,1992-01-09,13.04,2.16,45.31
2049,1992-01-10,12.59,0.07,40.52
2050,1992-01-11,11.96,2.4,57.97
2051,1992-01-12,9.45,0.18,54.04
2052,1992-01-13,10.1,0.0,37.82
2053,1992-01-14,11.28,0.0,32.87
2054,1992-01-15,11.31,0.0,35.04
2055,1992-01-16,12.8,0.0,37.48
2056,1992-01-17,11.95,0.0,44.73
2057,1992-01-18,13.32,0.0,40.02
2058,1992-01-19,13.45,0.0,37.74
2059,1992-01-20,14.42,0.0,42.14
2060,1992-01-21,16.16,0.0,42.27
2061,1992-01-22,15.92,0.0,43.81
2062,1992-01-23,15.78,0.0,42.7
2063,1992-01-24,16.86,0.16,46.18
2064,1992-01-25,16.01,0.3,69.52
2065,1992-01-26,15.37,0.15,69.79
2066,1992-01-27,15.03,1.63,78.27
2067,1992-01-28,13.64,1.71,86.39
2068,1992-01-29,16.81,1.29,67.59
2069,1992-01-30,13.94,4.52,86.45
2070,1992-01-31,14.27,7.84,77.16
2071,1992-02-01,13.22,12.42,65.96
2072,1992-02-02,14.59,0.0,44.92
2073,1992-02-03,14.43,0.0,38.9
2074,1992-02-04,13.78,0.05,41.17
2075,1992-02-05,14.53,0.0,43.92
2076,1992-02-06,12.53,6.71,75.38
2077,1992-02-07,12.49,18.93,88.78
2078,1992-02-08,12.28,0.0,70.36
2079,1992-02-09,11.92,2.79,56.96
2080,1992-02-10,11.86,0.0,48.59
2081,1992-02-11,12.38,0.0,44.36
2082,1992-02-12,13.0,0.0,48.36
2083,1992-02-13,16.19,8.85,59.29
2084,1992-02-14,14.15,0.0,63.12
2085,1992-02-15,12.94,0.02,49.88
2086,1992-02-16,14.69,0.0,34.05
2087,1992-02-17,13.39,0.0,38.19
2088,1992-02-18,13.38,0.0,43.48
2089,1992-02-19,14.7,0.0,41.35
2090,1992-02-20,15.41,0.0,42.17
2091,1992-02-21,14.23,0.0,51.44
2092,1992-02-22,13.91,0.0,49.55
2093,1992-02-23,14.96,0.0,46.43
2094,1992-02-24,15.35,0.0,47.16
2095,1992-02-25,16.21,0.0,41.38
2096,1992-02-26,16.53,0.0,38.29
2097,1992-02-27,18.55,0.0,35.85
2098,1992-02-28,19.07,0.0,43.71
2099,1992-02-29,19.34,0.0,43.32
2100,1992-03-01,17.62,0.09,37.33
2101,1992-03-02,16.13,0.03,34.86
2102,1992-03-03,17.78,0.0,32.37
2103,1992-03-04,18.94,0.0,29.49
2104,1992-03-05,19.6,0.0,37.67
2105,1992-03-06,18.89,0.0,44.15
2106,1992-03-07,17.43,0.0,40.84
2107,1992-03-08,17.85,0.0,38.73
2108,1992-03-09,19.55,0.0,32.7
2109,1992-03-10,20.71,0.0,30.29
2110,1992-03-11,20.31,0.0,34.48
2111,1992-03-12,18.41,0.0,51.56
2112,1992-03-13,17.83,0.78,69.21
2113,1992-03-14,18.8,0.02,52.52
2114,1992-03-15,16.69,2.97,39.47
2115,1992-03-16,18.31,0.0,35.71
2116,1992-03-17,21.15,0.0,32.5
2117,1992-03-18,21.73,0.0,35.71
2118,1992-03-19,22.24,0.0,33.45
2119,1992-03-20,23.81,0.41,34.06
2120,1992-03-21,23.22,0.05,40.01
2121,1992-03-22,22.21,0.11,46.37
2122,1992-03-23,20.9,7.11,66.97
2123,1992-03-24,23.02,0.26,51.47
2124,1992-03-25,20.55,2.68,54.58
2125,1992-03-26,23.3,6.84,53.57
2126,1992-03-27,22.39,0.52,51.47
2127,1992-03-28,22.42,1.32,46.0
2128,1992-03-29,21.46,0.0,42.14
2129,1992-03-30,20.77,0.37,45.22
2130,1992-03-31,21.16,0.0,37.25
2131,1992-04-01,21.91,0.0,36.45
2132,1992-04-02,23.07,0.0,36.65
2133,1992-04-03,24.29,0.0,36.86
2134,1992-04-04,25.48,0.0,33.46
2135,1992-04-05,23.69,0.0,39.56
2136,1992-04-06,23.9,0.57,39.63
2137,1992-04-07,23.22,0.0,40.14
2138,1992-04-08,24.39,0.0,34.83
2139,1992-04-09,26.17,0.0,30.48
2140,1992-04-10,24.09,0.0,30.5
2141,1992-04-11,22.87,1.38,35.67
2142,1992-04-12,24.13,0.0,31.72
2143,1992-04-13,24.66,0.0,30.67
2144,1992-04-14,26.12,0.0,30.58
2145,1992-04-15,26.42,0.0,28.13
2146,1992-04-16,26.99,0.09,30.88
2147,1992-04-17,28.23,0.0,30.86
2148,1992-04-18,29.99,0.0,25.98
2149,1992-04-19,29.07,0.01,27.42
2150,1992-04-20,30.46,0.0,24.53
2151,1992-04-21,28.58,0.01,24.28
2152,1992-04-22,25.94,0.0,34.79
2153,1992-04-23,27.32,0.0,27.84
2154,1992-04-24,28.81,0.0,23.83
2155,1992-04-25,29.8,0.0,22.38
2156,1992-04-26,30.59,0.0,22.18
2157,1992-04-27,31.69,0.0,24.81
2158,1992-04-28,33.19,0.0,23.51
2159,1992-04-29,32.39,0.19,23.97
2160,1992-04-30,32.58,0.15,21.53
2161,1992-05-01,31.55,0.21,23.8
2162,1992-05-02,31.03,0.1,23.45
2163,1992-05-03,30.3,0.06,24.58
2164,1992-05-04,29.4,4.78,34.6
2165,1992-05-05,28.21,12.39,40.02
2166,1992-05-06,27.8,3.42,39.96
2167,1992-05-07,28.95,0.0,31.49
2168,1992-05-08,29.23,0.0,29.41
2169,1992-05-09,30.89,0.0,27.64
2170,1992-05-10,31.48,0.0,27.22
2171,1992-05-11,32.75,0.0,26.22
2172,1992-05-12,34.26,0.0,23.57
2173,1992-05-13,35.53,0.0,21.3
2174,1992-05-14,35.02,0.0,24.13
2175,1992-05-15,34.94,0.0,22.53
2176,1992-05-16,34.26,0.0,20.3
2177,1992-05-17,33.54,0.0,17.17
2178,1992-05-18,32.8,0.01,16.55
2179,1992-05-19,32.95,0.0,17.27
2180,1992-05-20,32.95,0.0,17.56
2181,1992-05-21,34.78,0.0,13.59
2182,1992-05-22,35.56,0.0,13.38
2183,1992-05-23,36.63,0.0,13.22
2184,1992-05-24,36.87,0.0,12.9
2185,1992-05-25,37.51,0.0,11.65
2186,1992-05-26,34.01,0.73,21.1
2187,1992-05-27,33.33,3.01,29.76
2188,1992-05-28,34.18,0.0,26.58
2189,1992-05-29,31.74,0.02,27.77
2190,1992-05-30,32.49,0.82,20.56
2191,1992-05-31,30.98,0.11,20.0
2192,1992-06-01,32.47,0.0,18.49
2193,1992-06-02,34.26,0.0,14.65
2194,1992-06-03,35.47,0.0,14.76
2195,1992-06-04,35.88,0.0,17.08
2196,1992-06-05,37.8,0.0,14.83
2197,1992-06-06,37.88,0.0,13.3
2198,1992-06-07,38.64,0.02,14.16
2199,1992-06-08,38.41,0.0,13.91
2200,1992-06-09,37.17,0.37,12.81
2201,1992-06-10,37.46,0.29,12.67
2202,1992-06-11,37.17,0.0,13.3
2203,1992-06-12,36.44,1.15,15.71
2204,1992-06-13,36.02,0.05,16.34
2205,1992-06-14,36.8,2.05,17.12
2206,1992-06-15,37.39,0.0,15.29
2207,1992-06-16,37.94,0.0,12.39
2208,1992-06-17,38.57,0.0,11.0
2209,1992-06-18,38.56,0.0,10.97
2210,1992-06-19,38.32,0.0,13.39
2211,1992-06-20,38.38,0.0,19.39
2212,1992-06-21,39.48,0.0,26.43
2213,1992-06-22,38.53,2.78,20.81
2214,1992-06-23,36.68,5.45,27.69
2215,1992-06-24,37.48,0.39,21.86
2216,1992-06-25,36.87,3.19,20.99
2217,1992-06-26,37.03,0.0,24.38
2218,1992-06-27,36.49,1.52,30.4
2219,1992-06-28,37.6,0.0,30.07
2220,1992-06-29,37.24,0.02,26.96
2221,1992-06-30,35.53,7.73,34.66
2222,1992-07-01,32.54,4.56,41.8
2223,1992-07-02,34.22,0.09,35.64
2224,1992-07-03,34.68,1.61,35.73
2225,1992-07-04,35.07,0.19,33.05
2226,1992-07-05,36.28,0.31,24.84
2227,1992-07-06,37.26,0.0,27.83
2228,1992-07-07,36.64,1.63,30.89
2229,1992-07-08,36.27,4.83,34.51
2230,1992-07-09,35.23,2.25,36.26
2231,1992-07-10,34.48,9.96,44.35
2232,1992-07-11,34.89,0.28,39.49
2233,1992-07-12,33.36,13.19,45.92
2234,1992-07-13,34.39,3.65,44.78
2235,1992-07-14,34.9,1.03,43.45
2236,1992-07-15,35.42,0.18,41.51
2237,1992-07-16,36.17,0.0,37.76
2238,1992-07-17,35.02,2.68,42.13
2239,1992-07-18,33.27,4.23,48.76
2240,1992-07-19,31.89,4.96,54.79
2241,1992-07-20,33.35,1.08,52.62
2242,1992-07-21,32.7,3.31,55.33
2243,1992-07-22,31.7,5.11,60.03
2244,1992-07-23,32.11,4.89,58.75
2245,1992-07-24,29.97,10.08,73.13
2246,1992-07-25,31.51,1.73,62.98
2247,1992-07-26,31.3,13.0,62.89
2248,1992-07-27,33.11,2.06,57.53
2249,1992-07-28,34.31,0.04,49.29
2250,1992-07-29,33.35,0.94,51.27
2251,1992-07-30,32.99,0.6,52.18
2252,1992-07-31,33.32,1.08,50.32
2253,1992-08-01,34.08,0.45,48.85
2254,1992-08-02,32.05,5.9,57.88
2255,1992-08-03,28.36,7.65,74.22
2256,1992-08-04,30.82,6.91,62.94
2257,1992-08-05,28.26,12.17,75.67
2258,1992-08-06,30.79,5.14,63.18
2259,1992-08-07,32.27,3.16,56.84
2260,1992-08-08,32.1,3.08,56.83
2261,1992-08-09,30.93,10.08,63.94
2262,1992-08-10,30.15,12.94,67.31
2263,1992-08-11,29.98,20.8,69.71
2264,1992-08-12,31.76,1.29,61.01
2265,1992-08-13,32.76,0.65,59.3
2266,1992-08-14,33.35,0.26,54.7
2267,1992-08-15,33.68,7.04,54.39
2268,1992-08-16,31.68,1.43,64.38
2269,1992-08-17,30.44,0.94,64.58
2270,1992-08-18,30.2,5.34,68.96
2271,1992-08-19,30.12,35.25,70.08
2272,1992-08-20,31.14,4.34,66.58
2273,1992-08-21,31.45,1.17,64.29
2274,1992-08-22,32.1,0.31,56.59
2275,1992-08-23,32.98,0.02,51.12
2276,1992-08-24,32.1,5.14,57.55
2277,1992-08-25,31.87,9.06,62.56
2278,1992-08-26,32.24,0.0,56.92
2279,1992-08-27,30.72,9.69,59.83
2280,1992-08-28,30.99,0.04,60.12
2281,1992-08-29,31.36,0.01,58.37
2282,1992-08-30,32.27,0.0,56.85
2283,1992-08-31,33.54,0.97,53.8
2284,1992-09-01,33.15,0.66,54.31
2285,1992-09-02,32.97,0.07,55.73
2286,1992-09-03,32.01,0.23,60.07
2287,1992-09-04,29.19,21.4,71.22
2288,1992-09-05,30.56,0.79,60.83
2289,1992-09-06,30.06,5.8,67.91
2290,1992-09-07,29.71,0.17,69.41
2291,1992-09-08,28.49,2.77,73.68
2292,1992-09-09,27.32,21.08,85.19
2293,1992-09-10,27.3,34.3,80.06
2294,1992-09-11,27.08,1.82,75.93
2295,1992-09-12,26.76,7.31,74.77
2296,1992-09-13,27.66,0.21,65.22
2297,1992-09-14,27.67,0.26,63.72
2298,1992-09-15,27.94,0.15,62.08
2299,1992-09-16,27.72,0.01,61.7
2300,1992-09-17,26.75,1.8,63.23
2301,1992-09-18,26.36,4.91,66.07
2302,1992-09-19,26.62,0.0,64.38
2303,1992-09-20,26.16,0.0,60.53
2304,1992-09-21,26.46,0.0,58.63
2305,1992-09-22,26.83,0.0,56.29
2306,1992-09-23,27.24,0.0,52.22
2307,1992-09-24,27.05,0.0,47.27
2308,1992-09-25,26.71,0.0,46.83
2309,1992-09-26,27.0,0.0,46.76
2310,1992-09-27,26.53,0.0,46.22
2311,1992-09-28,26.26,0.0,49.87
2312,1992-09-29,26.61,0.0,47.08
2313,1992-09-30,27.24,0.0,42.58
2314,1992-10-01,27.52,0.0,40.05
2315,1992-10-02,27.6,0.0,40.6
2316,1992-10-03,27.76,0.0,40.69
2317,1992-10-04,27.74,0.06,40.43
2318,1992-10-05,26.41,0.03,42.91
2319,1992-10-06,25.93,0.12,45.01
2320,1992-10-07,24.52,8.24,51.0
2321,1992-10-08,25.26,0.0,45.0
2322,1992-10-09,26.06,0.0,43.9
2323,1992-10-10,26.4,0.0,44.88
2324,1992-10-11,25.82,0.0,50.43
2325,1992-10-12,25.85,0.0,52.53
2326,1992-10-13,25.87,0.01,44.2
2327,1992-10-14,25.61,0.0,38.82
2328,1992-10-15,25.79,0.0,33.12
2329,1992-10-16,25.55,0.0,30.95
2330,1992-10-17,25.49,0.0,34.61
2331,1992-10-18,25.32,0.0,38.3
2332,1992-10-19,25.24,0.0,39.76
2333,1992-10-20,23.86,0.03,42.74
2334,1992-10-21,23.6,0.0,40.85
2335,1992-10-22,23.86,0.0,38.49
2336,1992-10-23,23.17,0.0,38.4
2337,1992-10-24,23.53,0.0,32.38
2338,1992-10-25,23.03,0.0,31.37
2339,1992-10-26,22.81,0.0,33.35
2340,1992-10-27,22.56,0.0,32.83
2341,1992-10-28,22.7,0.0,30.59
2342,1992-10-29,22.05,0.0,30.73
2343,1992-10-30,22.06,0.0,32.0
2344,1992-10-31,22.7,0.0,31.36
2345,1992-11-01,22.73,0.0,34.15
2346,1992-11-02,22.03,0.0,33.73
2347,1992-11-03,21.35,0.0,35.4
2348,1992-11-04,21.28,0.0,38.62
2349,1992-11-05,21.5,0.0,36.04
2350,1992-11-06,20.2,0.0,33.03
2351,1992-11-07,17.97,0.0,33.36
2352,1992-11-08,19.05,0.0,26.2
2353,1992-11-09,19.36,0.0,24.13
2354,1992-11-10,19.39,0.0,26.37
2355,1992-11-11,19.95,0.0,26.35
2356,1992-11-12,19.72,0.0,30.33
2357,1992-11-13,20.24,0.0,30.71
2358,1992-11-14,20.27,0.0,31.06
2359,1992-11-15,20.37,0.0,36.29
2360,1992-11-16,20.54,0.0,41.41
2361,1992-11-17,19.54,0.0,47.21
2362,1992-11-18,21.33,0.0,45.86
2363,1992-11-19,22.34,0.0,40.98
2364,1992-11-20,18.72,12.3,66.92
2365,1992-11-21,16.61,0.0,56.36
2366,1992-11-22,16.02,0.0,48.0
2367,1992-11-23,15.62,0.02,48.23
2368,1992-11-24,14.02,0.63,47.49
2369,1992-11-25,14.62,0.0,40.2
2370,1992-11-26,16.21,0.0,31.28
2371,1992-11-27,15.1,0.0,36.6
2372,1992-11-28,15.63,0.0,38.65
2373,1992-11-29,16.17,0.0,38.16
2374,1992-11-30,16.33,0.0,41.95
2375,1992-12-01,17.77,0.0,35.65
2376,1992-12-02,16.86,0.0,38.78
2377,1992-12-03,16.23,0.0,39.78
2378,1992-12-04,16.1,0.0,40.84
2379,1992-12-05,14.47,0.0,45.76
2380,1992-12-06,14.77,0.0,46.18
2381,1992-12-07,14.77,0.0,46.28
2382,1992-12-08,16.1,0.0,47.74
2383,1992-12-09,16.15,0.0,47.79
2384,1992-12-10,14.7,0.0,44.54
2385,1992-12-11,15.36,0.0,36.71
2386,1992-12-12,16.08,0.0,36.45
2387,1992-12-13,13.1,3.06,53.39
2388,1992-12-14,12.42,0.0,47.05
2389,1992-12-15,14.54,0.0,36.79
2390,1992-12-16,14.18,0.0,35.29
2391,1992-12-17,14.57,0.0,34.76
2392,1992-12-18,14.76,0.0,37.23
2393,1992-12-19,15.1,0.0,38.67
2394,1992-12-20,15.46,0.0,42.67
2395,1992-12-21,14.62,0.0,51.37
2396,1992-12-22,14.23,0.0,51.66
2397,1992-12-23,15.12,0.0,43.21
2398,1992-12-24,17.16,0.0,34.45
2399,1992-12-25,17.13,0.0,34.44
2400,1992-12-26,17.21,0.0,36.42
2401,1992-12-27,15.43,0.0,36.48
2402,1992-12-28,14.01,0.0,39.57
2403,1992-12-29,15.15,0.0,38.96
2404,1992-12-30,17.31,0.0,36.27
2405,1992-12-31,18.4,0.01,43.2
2406,1993-01-01,18.27,0.3,50.5
2407,1993-01-02,18.91,0.14,47.01
2408,1993-01-03,17.21,0.43,51.38
2409,1993-01-04,15.19,0.0,43.74
2410,1993-01-05,13.68,0.0,36.39
2411,1993-01-06,13.85,0.99,55.44
2412,1993-01-07,13.26,0.5,63.77
2413,1993-01-08,11.88,0.0,48.82
2414,1993-01-09,12.5,1.01,39.45
2415,1993-01-10,12.15,0.04,47.66
2416,1993-01-11,10.66,0.31,67.5
2417,1993-01-12,11.17,0.21,56.91
2418,1993-01-13,10.26,0.0,45.62
2419,1993-01-14,11.47,0.0,32.9
2420,1993-01-15,13.17,0.01,28.11
2421,1993-01-16,12.37,3.8,68.9
2422,1993-01-17,10.07,0.03,62.02
2423,1993-01-18,9.32,0.2,49.74
2424,1993-01-19,9.19,0.0,45.81
2425,1993-01-20,9.22,0.0,37.92
2426,1993-01-21,9.22,0.0,27.13
2427,1993-01-22,9.66,0.0,31.7
2428,1993-01-23,9.31,0.0,34.51
2429,1993-01-24,10.59,0.0,33.31
2430,1993-01-25,11.64,0.0,31.7
2431,1993-01-26,11.59,0.0,32.11
2432,1993-01-27,12.32,0.0,37.61
2433,1993-01-28,14.47,0.0,25.71
2434,1993-01-29,17.05,0.0,28.07
2435,1993-01-30,16.88,0.03,40.19
2436,1993-01-31,16.21,0.13,37.96
2437,1993-02-01,15.29,0.15,32.4
2438,1993-02-02,16.64,0.0,25.68
2439,1993-02-03,17.21,0.0,28.03
2440,1993-02-04,16.96,0.0,31.28
2441,1993-02-05,17.72,0.0,32.84
2442,1993-02-06,18.3,0.0,33.11
2443,1993-02-07,19.25,0.0,30.72
2444,1993-02-08,19.71,0.0,26.79
2445,1993-02-09,21.9,0.0,18.9
2446,1993-02-10,21.4,0.0,19.15
2447,1993-02-11,22.91,0.0,19.34
2448,1993-02-12,22.01,0.0,20.96
2449,1993-02-13,21.58,0.0,24.67
2450,1993-02-14,21.54,0.0,23.76
2451,1993-02-15,23.34,0.0,21.96
2452,1993-02-16,23.61,0.0,25.02
2453,1993-02-17,19.5,0.7,28.09
2454,1993-02-18,17.72,0.25,16.02
2455,1993-02-19,15.0,0.0,15.35
2456,1993-02-20,13.82,0.0,16.65
2457,1993-02-21,13.89,0.14,16.97
2458,1993-02-22,13.94,0.0,15.12
2459,1993-02-23,16.95,0.09,29.86
2460,1993-02-24,15.15,0.78,55.93
2461,1993-02-25,15.42,7.48,67.51
2462,1993-02-26,14.88,8.04,87.53
2463,1993-02-27,15.8,5.51,67.96
2464,1993-02-28,16.57,0.02,51.89
2465,1993-03-01,17.26,0.08,44.15
2466,1993-03-02,17.76,0.0,36.86
2467,1993-03-03,17.69,0.01,38.22
2468,1993-03-04,17.8,0.0,35.78
2469,1993-03-05,17.64,0.0,38.71
2470,1993-03-06,19.57,0.0,33.03
2471,1993-03-07,19.62,0.0,38.98
2472,1993-03-08,21.95,0.0,40.02
2473,1993-03-09,23.75,0.0,35.14
2474,1993-03-10,23.63,0.0,35.22
2475,1993-03-11,22.82,0.88,36.61
2476,1993-03-12,22.33,3.06,46.86
2477,1993-03-13,22.33,0.12,45.0
2478,1993-03-14,18.94,9.73,58.89
2479,1993-03-15,19.25,0.03,48.91
2480,1993-03-16,17.84,0.22,39.65
2481,1993-03-17,18.28,0.0,34.49
2482,1993-03-18,19.51,0.0,33.1
2483,1993-03-19,18.92,0.0,33.33
2484,1993-03-20,17.13,2.15,39.1
2485,1993-03-21,19.89,0.0,34.44
2486,1993-03-22,21.35,0.0,36.04
2487,1993-03-23,22.69,3.03,41.04
2488,1993-03-24,22.1,1.49,36.67
2489,1993-03-25,18.02,13.88,45.67
2490,1993-03-26,17.75,11.0,52.61
2491,1993-03-27,17.14,1.95,39.92
2492,1993-03-28,17.85,0.62,35.92
2493,1993-03-29,20.1,0.0,28.66
2494,1993-03-30,20.13,0.0,33.28
2495,1993-03-31,21.19,0.0,32.67
2496,1993-04-01,21.07,0.02,30.71
2497,1993-04-02,21.52,0.0,29.4
2498,1993-04-03,20.31,0.0,30.93
2499,1993-04-04,22.38,0.0,30.85
2500,1993-04-05,23.53,0.0,28.56
2501,1993-04-06,24.67,0.0,28.67
2502,1993-04-07,24.86,0.0,32.44
2503,1993-04-08,25.78,0.0,33.93
2504,1993-04-09,26.61,0.0,31.49
2505,1993-04-10,27.42,0.0,29.76
2506,1993-04-11,26.76,0.35,32.24
2507,1993-04-12,26.6,0.09,38.6
2508,1993-04-13,26.29,1.71,38.42
2509,1993-04-14,22.93,0.7,58.16
2510,1993-04-15,25.67,2.89,52.98
2511,1993-04-16,25.37,0.1,39.62
2512,1993-04-17,24.38,8.48,44.74
2513,1993-04-18,26.99,0.0,31.66
2514,1993-04-19,27.92,0.0,25.47
2515,1993-04-20,29.64,0.0,22.31
2516,1993-04-21,30.53,0.0,24.51
2517,1993-04-22,30.6,0.0,25.97
2518,1993-04-23,31.29,0.0,26.03
2519,1993-04-24,32.0,0.0,25.46
2520,1993-04-25,33.47,0.0,22.36
2521,1993-04-26,34.26,0.0,21.23
2522,1993-04-27,34.28,0.0,20.32
2523,1993-04-28,35.11,0.0,20.38
2524,1993-04-29,36.27,0.0,18.87
2525,1993-04-30,36.56,0.0,17.47
2526,1993-05-01,36.36,0.0,19.09
2527,1993-05-02,37.06,0.01,18.13
2528,1993-05-03,36.72,0.0,15.87
2529,1993-05-04,35.92,0.04,13.46
2530,1993-05-05,35.29,0.0,10.82
2531,1993-05-06,36.55,0.0,9.77
2532,1993-05-07,36.57,0.0,12.62
2533,1993-05-08,36.31,0.0,14.66
2534,1993-05-09,34.34,0.01,20.44
2535,1993-05-10,32.72,5.63,21.87
2536,1993-05-11,30.62,0.0,18.73
2537,1993-05-12,30.85,0.0,12.89
2538,1993-05-13,31.92,0.0,9.85
2539,1993-05-14,33.89,0.0,9.48
2540,1993-05-15,34.84,0.0,13.69
2541,1993-05-16,35.22,0.0,20.01
2542,1993-05-17,35.55,3.6,18.44
2543,1993-05-18,31.84,2.96,27.11
2544,1993-05-19,32.62,0.65,25.53
2545,1993-05-20,33.18,0.0,19.69
2546,1993-05-21,35.26,0.0,15.25
2547,1993-05-22,36.32,0.0,15.31
2548,1993-05-23,37.66,0.0,15.59
2549,1993-05-24,37.81,0.0,15.63
2550,1993-05-25,38.9,0.0,16.2
2551,1993-05-26,39.32,0.0,15.78
2552,1993-05-27,39.21,0.0,12.44
2553,1993-05-28,38.37,0.0,11.72
2554,1993-05-29,37.02,0.0,22.44
2555,1993-05-30,37.72,0.04,18.96
2556,1993-05-31,35.64,4.17,23.75
2557,1993-06-01,33.26,2.25,30.43
2558,1993-06-02,34.41,0.1,26.87
2559,1993-06-03,36.21,0.0,20.02
2560,1993-06-04,36.46,0.01,18.74
2561,1993-06-05,36.97,0.19,19.74
2562,1993-06-06,38.18,0.0,16.67
2563,1993-06-07,39.23,0.0,15.15
2564,1993-06-08,39.31,0.0,12.85
2565,1993-06-09,39.53,0.0,10.34
2566,1993-06-10,38.59,0.0,9.96
2567,1993-06-11,39.4,0.11,10.07
2568,1993-06-12,39.27,0.0,13.37
2569,1993-06-13,39.68,0.0,16.9
2570,1993-06-14,39.47,0.02,21.67
2571,1993-06-15,34.77,17.47,39.49
2572,1993-06-16,34.08,4.05,41.05
2573,1993-06-17,35.69,2.77,37.35
2574,1993-06-18,34.63,0.77,38.27
2575,1993-06-19,34.33,2.81,35.8
2576,1993-06-20,35.62,0.0,29.15
2577,1993-06-21,36.44,0.0,28.71
2578,1993-06-22,38.55,0.0,25.95
2579,1993-06-23,39.41,0.01,27.62
2580,1993-06-24,36.74,8.19,37.48
2581,1993-06-25,33.94,4.52,49.14
2582,1993-06-26,34.92,0.87,40.65
2583,1993-06-27,35.75,0.0,32.26
2584,1993-06-28,36.03,0.23,28.25
2585,1993-06-29,36.59,0.15,27.74
2586,1993-06-30,37.72,0.0,24.38
2587,1993-07-01,37.83,0.04,24.81
2588,1993-07-02,37.8,0.04,25.4
2589,1993-07-03,38.13,0.03,23.74
2590,1993-07-04,38.23,0.79,26.72
2591,1993-07-05,36.6,3.43,37.85
2592,1993-07-06,37.17,2.09,36.65
2593,1993-07-07,39.02,0.0,33.07
2594,1993-07-08,32.42,90.87,63.1
2595,1993-07-09,29.86,16.43,74.31
2596,1993-07-10,27.69,60.28,87.19
2597,1993-07-11,27.96,28.1,86.29
2598,1993-07-12,29.01,8.86,82.0
2599,1993-07-13,30.81,0.38,74.31
2600,1993-07-14,32.08,0.42,70.43
2601,1993-07-15,31.56,2.53,71.93
2602,1993-07-16,29.28,18.18,80.1
2603,1993-07-17,28.68,10.61,78.53
2604,1993-07-18,27.95,13.87,83.28
2605,1993-07-19,29.03,2.91,79.9
2606,1993-07-20,30.2,0.07,74.39
2607,1993-07-21,30.48,0.24,76.27
2608,1993-07-22,30.12,7.93,75.97
2609,1993-07-23,30.08,31.16,72.7
2610,1993-07-24,29.54,8.91,70.85
2611,1993-07-25,28.63,2.46,72.99
2612,1993-07-26,28.62,21.88,62.23
2613,1993-07-27,29.59,0.0,52.03
2614,1993-07-28,30.12,0.0,56.43
2615,1993-07-29,29.72,0.02,63.94
2616,1993-07-30,30.62,0.05,63.97
2617,1993-07-31,31.77,0.02,63.63
2618,1993-08-01,32.54,0.05,60.38
2619,1993-08-02,32.0,0.19,62.76
2620,1993-08-03,31.1,8.04,67.64
2621,1993-08-04,32.09,0.42,64.31
2622,1993-08-05,31.4,0.16,68.23
2623,1993-08-06,30.55,5.07,70.55
2624,1993-08-07,30.4,1.67,68.92
2625,1993-08-08,31.97,2.22,62.04
2626,1993-08-09,32.22,0.0,55.39
2627,1993-08-10,32.26,0.07,53.8
2628,1993-08-11,32.32,0.24,54.22
2629,1993-08-12,31.95,0.5,54.32
2630,1993-08-13,32.36,1.22,53.39
2631,1993-08-14,32.82,0.01,51.92
2632,1993-08-15,32.89,0.0,48.34
2633,1993-08-16,33.11,0.04,47.77
2634,1993-08-17,33.04,0.36,49.78
2635,1993-08-18,33.35,0.08,48.32
2636,1993-08-19,33.57,0.0,44.1
2637,1993-08-20,33.04,0.05,42.64
2638,1993-08-21,33.11,0.01,41.86
2639,1993-08-22,32.82,0.0,43.02
2640,1993-08-23,33.08,0.39,42.0
2641,1993-08-24,32.98,0.2,42.12
2642,1993-08-25,33.12,0.08,40.52
2643,1993-08-26,32.42,0.42,44.39
2644,1993-08-27,32.81,0.24,43.95
2645,1993-08-28,33.41,0.01,39.05
2646,1993-08-29,33.7,0.0,38.24
2647,1993-08-30,33.78,0.0,39.59
2648,1993-08-31,33.71,0.05,40.58
2649,1993-09-01,30.01,16.61,61.48
2650,1993-09-02,29.95,1.14,61.61
2651,1993-09-03,30.02,5.48,60.12
2652,1993-09-04,30.5,7.28,57.87
2653,1993-09-05,29.54,8.98,63.57
2654,1993-09-06,28.53,10.15,72.62
2655,1993-09-07,29.0,1.95,69.35
2656,1993-09-08,29.6,0.4,64.01
2657,1993-09-09,30.17,2.18,59.52
2658,1993-09-10,28.77,5.53,67.85
2659,1993-09-11,29.53,3.95,61.84
2660,1993-09-12,29.79,7.22,57.92
2661,1993-09-13,28.67,7.02,59.88
2662,1993-09-14,29.06,0.19,55.66
2663,1993-09-15,29.71,0.3,50.27
2664,1993-09-16,29.71,0.0,45.07
2665,1993-09-17,29.3,0.0,50.15
2666,1993-09-18,29.93,0.0,48.11
2667,1993-09-19,30.09,0.1,41.37
2668,1993-09-20,30.04,0.0,42.68
2669,1993-09-21,31.08,0.09,48.49
2670,1993-09-22,32.14,0.13,44.58
2671,1993-09-23,31.27,0.57,49.64
2672,1993-09-24,31.1,0.2,47.07
2673,1993-09-25,29.67,2.02,51.5
2674,1993-09-26,29.0,0.55,50.21
2675,1993-09-27,29.23,0.0,45.83
2676,1993-09-28,29.06,0.24,43.22
2677,1993-09-29,29.32,0.01,41.17
2678,1993-09-30,29.72,0.0,35.11
2679,1993-10-01,28.65,0.0,34.15
2680,1993-10-02,28.61,0.0,34.74
2681,1993-10-03,28.14,0.0,33.77
2682,1993-10-04,27.5,0.0,32.42
2683,1993-10-05,27.09,0.0,31.87
2684,1993-10-06,28.03,0.0,34.36
2685,1993-10-07,28.51,0.0,31.79
2686,1993-10-08,29.25,0.0,30.1
2687,1993-10-09,28.8,0.0,32.35
2688,1993-10-10,28.58,0.0,33.57
2689,1993-10-11,27.56,0.0,33.46
2690,1993-10-12,26.45,0.0,24.52
2691,1993-10-13,24.91,0.0,21.3
2692,1993-10-14,24.86,0.0,21.59
2693,1993-10-15,25.56,0.0,20.81
2694,1993-10-16,25.05,0.0,22.04
2695,1993-10-17,25.14,0.0,21.05
2696,1993-10-18,25.04,0.0,19.91
2697,1993-10-19,23.5,0.0,20.24
2698,1993-10-20,22.97,0.0,19.27
2699,1993-10-21,23.24,0.0,16.64
2700,1993-10-22,23.05,0.0,17.99
2701,1993-10-23,22.71,0.0,18.64
2702,1993-10-24,23.17,0.0,18.5
2703,1993-10-25,24.49,0.0,18.16
2704,1993-10-26,22.4,0.0,19.85
2705,1993-10-27,22.84,0.0,18.42
2706,1993-10-28,23.44,0.0,18.04
2707,1993-10-29,22.65,0.0,19.12
2708,1993-10-30,22.87,0.0,18.07
2709,1993-10-31,22.45,0.0,18.34
2710,1993-11-01,22.75,0.0,18.78
2711,1993-11-02,22.95,0.0,18.07
2712,1993-11-03,22.53,0.0,20.86
2713,1993-11-04,22.5,0.0,21.55
2714,1993-11-05,23.56,0.0,22.77
2715,1993-11-06,24.38,0.01,30.49
2716,1993-11-07,23.66,0.0,32.44
2717,1993-11-08,23.41,0.31,30.93
2718,1993-11-09,21.73,0.55,26.93
2719,1993-11-10,20.19,0.01,21.61
2720,1993-11-11,20.06,0.0,17.64
2721,1993-11-12,20.72,0.0,17.27
2722,1993-11-13,21.75,0.0,18.12
2723,1993-11-14,21.37,0.0,21.46
2724,1993-11-15,20.82,0.0,22.64
2725,1993-11-16,21.43,0.0,23.26
2726,1993-11-17,21.84,0.0,27.0
2727,1993-11-18,23.35,0.0,27.7
2728,1993-11-19,21.49,0.01,25.69
2729,1993-11-20,18.7,0.02,18.93
2730,1993-11-21,18.82,0.0,16.59
2731,1993-11-22,19.15,0.0,15.74
2732,1993-11-23,17.96,0.0,14.5
2733,1993-11-24,16.91,0.0,15.56
2734,1993-11-25,16.73,0.0,17.12
2735,1993-11-26,18.93,0.0,11.99
2736,1993-11-27,19.17,0.0,12.91
2737,1993-11-28,19.31,0.0,15.03
2738,1993-11-29,19.8,0.0,16.71
2739,1993-11-30,19.49,0.0,19.25
2740,1993-12-01,20.37,0.0,18.45
2741,1993-12-02,18.85,0.0,20.96
2742,1993-12-03,17.62,0.0,20.68
2743,1993-12-04,17.56,0.0,20.15
2744,1993-12-05,18.67,0.0,19.64
2745,1993-12-06,18.53,0.0,19.54
2746,1993-12-07,18.99,0.0,20.06
2747,1993-12-08,17.21,0.0,25.34
2748,1993-12-09,17.18,0.0,23.89
2749,1993-12-10,17.83,0.0,17.03
2750,1993-12-11,16.58,0.0,19.11
2751,1993-12-12,15.84,0.0,19.74
2752,1993-12-13,15.51,0.0,16.95
2753,1993-12-14,13.24,0.0,19.21
2754,1993-12-15,13.11,0.0,16.84
2755,1993-12-16,15.2,0.0,13.31
2756,1993-12-17,15.26,0.0,12.42
2757,1993-12-18,13.24,0.0,13.52
2758,1993-12-19,11.93,0.0,16.98
2759,1993-12-20,11.87,0.0,15.48
2760,1993-12-21,13.25,0.0,13.84
2761,1993-12-22,13.04,0.0,13.89
2762,1993-12-23,13.47,0.0,12.98
2763,1993-12-24,13.0,0.0,14.88
2764,1993-12-25,13.24,0.0,13.52
2765,1993-12-26,13.66,0.0,12.9
2766,1993-12-27,15.55,0.0,11.51
2767,1993-12-28,15.1,0.0,15.12
2768,1993-12-29,15.43,0.0,17.48
2769,1993-12-30,14.89,0.0,20.72
2770,1993-12-31,16.3,0.0,22.92
2771,1994-01-01,18.38,0.0,19.36
2772,1994-01-02,18.24,0.0,22.24
2773,1994-01-03,16.75,0.0,26.31
2774,1994-01-04,17.39,0.0,26.82
2775,1994-01-05,16.19,0.0,33.25
2776,1994-01-06,16.33,0.01,30.34
2777,1994-01-07,17.96,0.0,27.43
2778,1994-01-08,17.27,0.0,30.11
2779,1994-01-09,15.34,0.04,35.01
2780,1994-01-10,15.04,0.0,31.64
2781,1994-01-11,16.77,0.01,28.67
2782,1994-01-12,14.15,13.05,78.05
2783,1994-01-13,15.53,3.97,80.61
2784,1994-01-14,14.33,1.57,70.69
2785,1994-01-15,12.27,0.13,53.08
2786,1994-01-16,11.51,0.2,41.26
2787,1994-01-17,10.3,0.11,44.93
2788,1994-01-18,11.97,0.0,38.81
2789,1994-01-19,13.13,0.0,40.03
2790,1994-01-20,11.45,0.38,53.82
2791,1994-01-21,11.46,0.0,47.01
2792,1994-01-22,10.45,0.0,37.25
2793,1994-01-23,12.07,0.0,31.58
2794,1994-01-24,11.38,0.0,33.33
2795,1994-01-25,12.47,0.0,37.48
2796,1994-01-26,16.59,0.0,37.49
2797,1994-01-27,16.2,0.03,46.29
2798,1994-01-28,16.61,0.1,48.55
2799,1994-01-29,15.06,0.0,51.63
2800,1994-01-30,12.77,2.05,46.26
2801,1994-01-31,11.98,0.0,34.55
2802,1994-02-01,14.42,0.0,28.92
2803,1994-02-02,13.82,0.0,34.33
2804,1994-02-03,14.54,0.0,33.18
2805,1994-02-04,15.38,0.0,36.82
2806,1994-02-05,15.23,0.0,32.11
2807,1994-02-06,15.06,0.02,32.37
2808,1994-02-07,16.89,0.02,30.23
2809,1994-02-08,13.93,4.32,64.06
2810,1994-02-09,13.68,0.0,56.9
2811,1994-02-10,14.07,1.41,41.3
2812,1994-02-11,15.12,0.0,35.29
2813,1994-02-12,14.43,0.0,39.05
2814,1994-02-13,16.9,0.0,29.06
2815,1994-02-14,16.45,0.0,33.55
2816,1994-02-15,17.31,0.7,36.66
2817,1994-02-16,17.25,0.93,37.28
2818,1994-02-17,15.96,0.23,42.49
2819,1994-02-18,15.53,0.0,38.38
2820,1994-02-19,16.74,0.0,35.44
2821,1994-02-20,18.74,0.0,32.1
2822,1994-02-21,14.98,8.23,52.95
2823,1994-02-22,12.89,0.33,48.78
2824,1994-02-23,13.01,5.16,51.3
2825,1994-02-24,14.71,0.0,40.62
2826,1994-02-25,16.9,0.0,35.53
2827,1994-02-26,18.96,0.03,35.98
2828,1994-02-27,18.09,0.0,40.32
2829,1994-02-28,16.43,0.24,38.96
2830,1994-03-01,16.17,0.0,32.72
2831,1994-03-02,19.29,0.0,28.5
2832,1994-03-03,21.43,0.0,26.5
2833,1994-03-04,20.99,0.0,32.45
2834,1994-03-05,18.75,0.02,32.96
2835,1994-03-06,18.62,0.0,31.71
2836,1994-03-07,20.32,0.0,24.66
2837,1994-03-08,19.91,0.0,24.11
2838,1994-03-09,20.85,0.0,24.5
2839,1994-03-10,22.25,0.0,21.69
2840,1994-03-11,22.94,0.0,24.5
2841,1994-03-12,23.94,0.0,29.6
2842,1994-03-13,23.64,0.0,31.0
2843,1994-03-14,24.41,0.08,34.09
2844,1994-03-15,26.36,0.01,36.11
2845,1994-03-16,25.7,0.07,32.8
2846,1994-03-17,26.04,0.29,35.44
2847,1994-03-18,27.06,0.0,28.12
2848,1994-03-19,27.21,0.01,28.95
2849,1994-03-20,27.43,2.7,30.67
2850,1994-03-21,25.18,0.0,34.84
2851,1994-03-22,22.92,1.69,40.83
2852,1994-03-23,25.0,0.03,27.0
2853,1994-03-24,25.96,0.0,22.05
2854,1994-03-25,27.63,0.0,21.14
2855,1994-03-26,25.41,0.0,20.01
2856,1994-03-27,25.97,0.01,21.24
2857,1994-03-28,27.36,0.0,17.97
2858,1994-03-29,28.53,0.0,19.32
2859,1994-03-30,29.61,0.01,21.46
2860,1994-03-31,27.22,0.0,29.44
2861,1994-04-01,27.43,0.04,25.84
2862,1994-04-02,28.65,0.1,21.84
2863,1994-04-03,28.55,0.01,15.72
2864,1994-04-04,27.88,0.28,24.55
2865,1994-04-05,24.45,3.43,46.75
2866,1994-04-06,24.32,0.35,30.31
2867,1994-04-07,19.64,0.0,16.1
2868,1994-04-08,20.73,0.12,19.34
2869,1994-04-09,24.02,0.0,13.93
2870,1994-04-10,26.48,0.0,12.91
2871,1994-04-11,26.63,0.0,13.21
2872,1994-04-12,27.01,0.0,12.14
2873,1994-04-13,28.9,0.0,12.25
2874,1994-04-14,26.45,0.0,25.06
2875,1994-04-15,26.58,0.0,29.55
2876,1994-04-16,26.78,1.42,28.82
2877,1994-04-17,25.9,1.72,27.86
2878,1994-04-18,27.82,0.01,18.72
2879,1994-04-19,28.69,0.0,19.73
2880,1994-04-20,28.87,0.0,20.89
2881,1994-04-21,29.12,0.0,21.79
2882,1994-04-22,27.33,0.08,23.94
2883,1994-04-23,27.55,0.08,23.66
2884,1994-04-24,27.49,2.09,24.21
2885,1994-04-25,28.28,0.92,24.28
2886,1994-04-26,30.47,0.0,19.01
2887,1994-04-27,31.92,0.0,17.45
2888,1994-04-28,32.86,0.01,15.32
2889,1994-04-29,32.48,0.0,15.48
2890,1994-04-30,29.62,0.05,25.38
2891,1994-05-01,32.97,0.01,20.53
2892,1994-05-02,33.55,0.01,17.06
2893,1994-05-03,34.36,0.01,18.52
2894,1994-05-04,33.13,0.0,20.88
2895,1994-05-05,33.87,0.0,18.36
2896,1994-05-06,35.62,0.0,15.15
2897,1994-05-07,35.72,0.03,15.77
2898,1994-05-08,35.44,1.97,21.18
2899,1994-05-09,32.91,1.9,17.1
2900,1994-05-10,30.45,1.79,20.83
2901,1994-05-11,29.06,7.5,29.92
2902,1994-05-12,30.62,0.0,23.79
2903,1994-05-13,29.49,0.68,36.11
2904,1994-05-14,29.78,2.13,35.88
2905,1994-05-15,29.12,14.68,42.27
2906,1994-05-16,32.42,0.0,27.94
2907,1994-05-17,34.14,0.0,21.37
2908,1994-05-18,34.52,0.0,22.73
2909,1994-05-19,35.99,0.0,21.47
2910,1994-05-20,36.25,0.0,20.29
2911,1994-05-21,36.63,0.05,21.44
2912,1994-05-22,36.98,0.0,19.72
2913,1994-05-23,37.81,0.0,17.56
2914,1994-05-24,37.08,0.64,14.27
2915,1994-05-25,35.7,4.3,16.91
2916,1994-05-26,33.91,3.29,24.47
2917,1994-05-27,35.55,0.0,18.28
2918,1994-05-28,37.03,0.0,16.76
2919,1994-05-29,38.23,0.0,13.39
2920,1994-05-30,38.5,0.0,13.25
2921,1994-05-31,38.76,0.0,13.32
2922,1994-06-01,38.22,0.0,13.06
2923,1994-06-02,38.21,0.01,11.59
2924,1994-06-03,38.6,0.02,10.51
2925,1994-06-04,39.03,0.0,11.42
2926,1994-06-05,38.49,0.0,12.81
2927,1994-06-06,39.25,0.0,8.44
2928,1994-06-07,40.19,0.0,8.25
2929,1994-06-08,40.62,0.0,12.07
2930,1994-06-09,40.09,0.0,20.64
2931,1994-06-10,39.49,0.01,22.61
2932,1994-06-11,32.62,0.88,39.44
2933,1994-06-12,32.88,2.89,35.49
2934,1994-06-13,33.69,1.03,34.06
2935,1994-06-14,34.86,0.03,21.73
2936,1994-06-15,35.75,0.0,17.97
2937,1994-06-16,37.99,0.0,11.83
2938,1994-06-17,39.14,0.0,10.76
2939,1994-06-18,38.86,0.0,9.15
2940,1994-06-19,39.15,0.0,13.62
2941,1994-06-20,39.64,0.0,16.09
2942,1994-06-21,39.98,0.0,17.69
2943,1994-06-22,39.64,0.01,19.37
2944,1994-06-23,39.64,0.01,20.61
2945,1994-06-24,39.7,0.28,25.29
2946,1994-06-25,38.53,0.21,33.3
2947,1994-06-26,35.87,30.42,45.67
2948,1994-06-27,32.42,12.05,61.95
2949,1994-06-28,34.38,0.53,48.91
2950,1994-06-29,35.7,0.02,45.46
2951,1994-06-30,35.68,0.88,45.43
2952,1994-07-01,33.74,0.27,49.89
2953,1994-07-02,35.08,0.66,47.01
2954,1994-07-03,34.01,1.75,51.0
2955,1994-07-04,32.34,2.71,56.41
2956,1994-07-05,35.08,0.57,43.92
2957,1994-07-06,35.6,0.27,44.38
2958,1994-07-07,36.59,0.9,41.93
2959,1994-07-08,35.08,6.82,48.07
2960,1994-07-09,32.76,3.37,58.63
2961,1994-07-10,34.95,0.64,49.1
2962,1994-07-11,34.19,0.09,53.24
2963,1994-07-12,33.35,33.56,59.12
2964,1994-07-13,33.06,1.35,59.06
2965,1994-07-14,34.79,0.0,50.45
2966,1994-07-15,34.59,4.27,50.31
2967,1994-07-16,34.48,0.19,52.94
2968,1994-07-17,35.71,0.88,46.86
2969,1994-07-18,32.83,9.32,56.69
2970,1994-07-19,34.39,4.71,53.21
2971,1994-07-20,28.27,25.46,81.74
2972,1994-07-21,28.04,1.63,74.25
2973,1994-07-22,29.89,4.92,69.71
2974,1994-07-23,30.37,5.88,70.37
2975,1994-07-24,31.66,3.58,62.58
2976,1994-07-25,31.53,20.92,64.71
2977,1994-07-26,32.9,0.29,60.41
2978,1994-07-27,33.56,2.38,57.28
2979,1994-07-28,30.29,22.9,73.84
2980,1994-07-29,30.27,1.3,72.44
2981,1994-07-30,30.35,6.82,74.07
2982,1994-07-31,29.78,4.75,76.02
2983,1994-08-01,31.21,12.1,69.13
2984,1994-08-02,32.57,0.0,63.92
2985,1994-08-03,30.43,0.52,74.57
2986,1994-08-04,28.58,15.36,82.18
2987,1994-08-05,31.02,0.64,69.17
2988,1994-08-06,32.13,0.0,59.77
2989,1994-08-07,31.93,0.15,61.39
2990,1994-08-08,31.43,6.67,64.98
2991,1994-08-09,31.76,1.04,64.95
2992,1994-08-10,30.26,8.42,73.37
2993,1994-08-11,31.21,3.63,70.05
2994,1994-08-12,30.53,4.65,72.42
2995,1994-08-13,29.67,0.04,75.24
2996,1994-08-14,30.91,0.55,71.04
2997,1994-08-15,32.51,0.62,61.34
2998,1994-08-16,29.66,45.62,73.33
2999,1994-08-17,29.17,15.79,77.05
3000,1994-08-18,30.16,1.33,73.39
3001,1994-08-19,30.69,1.86,69.3
3002,1994-08-20,31.12,0.02,67.25
3003,1994-08-21,30.81,0.16,73.12
3004,1994-08-22,31.77,0.15,67.18
3005,1994-08-23,30.35,5.88,74.91
3006,1994-08-24,29.28,29.03,80.26
3007,1994-08-25,30.21,27.43,74.97
3008,1994-08-26,28.86,10.83,82.11
3009,1994-08-27,29.49,5.01,74.64
3010,1994-08-28,30.74,0.81,70.8
3011,1994-08-29,30.15,2.42,72.71
3012,1994-08-30,30.41,1.03,72.79
3013,1994-08-31,30.0,0.2,77.33
3014,1994-09-01,30.05,3.15,72.77
3015,1994-09-02,31.03,0.09,66.27
3016,1994-09-03,29.02,0.01,78.18
3017,1994-09-04,28.62,7.88,79.6
3018,1994-09-05,28.12,8.49,82.06
3019,1994-09-06,28.37,7.68,78.13
3020,1994-09-07,29.36,1.36,69.67
3021,1994-09-08,28.41,1.36,77.84
3022,1994-09-09,26.85,0.46,83.71
3023,1994-09-10,26.69,6.39,88.17
3024,1994-09-11,27.25,24.66,86.48
3025,1994-09-12,28.0,7.92,84.63
3026,1994-09-13,28.61,4.1,76.78
3027,1994-09-14,28.38,2.34,70.3
3028,1994-09-15,28.63,0.0,61.86
3029,1994-09-16,28.95,0.0,53.15
3030,1994-09-17,27.81,0.0,55.37
3031,1994-09-18,26.99,0.0,56.87
3032,1994-09-19,26.65,0.04,51.37
3033,1994-09-20,26.66,0.05,46.32
3034,1994-09-21,26.99,0.0,49.09
3035,1994-09-22,26.97,0.0,49.88
3036,1994-09-23,25.53,0.0,54.25
3037,1994-09-24,24.6,0.0,52.06
3038,1994-09-25,24.4,0.0,45.19
3039,1994-09-26,24.62,0.0,42.48
3040,1994-09-27,25.4,0.0,39.31
3041,1994-09-28,25.73,0.0,42.32
3042,1994-09-29,25.63,0.0,40.61
3043,1994-09-30,25.44,0.0,38.86
3044,1994-10-01,25.41,0.0,39.03
3045,1994-10-02,25.99,0.0,36.78
3046,1994-10-03,24.99,0.0,40.55
3047,1994-10-04,26.31,0.0,39.0
3048,1994-10-05,26.5,0.0,42.74
3049,1994-10-06,26.62,0.01,43.09
3050,1994-10-07,25.9,2.6,42.49
3051,1994-10-08,25.85,0.01,37.04
3052,1994-10-09,25.7,0.0,38.31
3053,1994-10-10,26.43,0.0,35.34
3054,1994-10-11,23.85,0.0,37.19
3055,1994-10-12,23.27,0.0,27.78
3056,1994-10-13,23.5,0.0,32.79
3057,1994-10-14,23.38,0.0,40.28
3058,1994-10-15,21.49,0.15,38.97
3059,1994-10-16,21.97,0.0,35.72
3060,1994-10-17,22.59,0.0,33.01
3061,1994-10-18,23.45,0.0,29.77
3062,1994-10-19,23.56,0.0,32.1
3063,1994-10-20,24.17,0.0,32.2
3064,1994-10-21,23.93,0.0,32.46
3065,1994-10-22,23.17,0.0,36.56
3066,1994-10-23,23.09,0.0,40.67
3067,1994-10-24,23.25,0.0,45.29
3068,1994-10-25,25.08,0.0,41.2
3069,1994-10-26,25.0,0.02,39.3
3070,1994-10-27,24.75,1.19,41.84
3071,1994-10-28,23.18,0.0,41.8
3072,1994-10-29,21.14,0.0,38.33
3073,1994-10-30,20.81,0.0,35.78
3074,1994-10-31,21.61,0.0,31.64
3075,1994-11-01,21.25,0.0,31.9
3076,1994-11-02,22.11,0.0,28.18
3077,1994-11-03,20.82,0.0,36.98
3078,1994-11-04,21.69,0.0,38.53
3079,1994-11-05,21.7,0.09,38.56
3080,1994-11-06,22.42,0.0,35.67
3081,1994-11-07,22.4,0.0,35.73
3082,1994-11-08,22.13,0.0,35.28
3083,1994-11-09,21.84,0.0,35.45
3084,1994-11-10,21.83,0.0,36.43
3085,1994-11-11,22.18,0.0,36.51
3086,1994-11-12,21.41,0.0,39.7
3087,1994-11-13,20.84,0.0,40.86
3088,1994-11-14,21.1,0.0,36.46
3089,1994-11-15,20.28,0.0,34.87
3090,1994-11-16,21.1,0.0,29.67
3091,1994-11-17,19.44,0.18,32.98
3092,1994-11-18,18.77,0.0,33.65
3093,1994-11-19,19.02,0.0,35.91
3094,1994-11-20,19.61,0.0,35.97
3095,1994-11-21,20.16,0.0,36.29
3096,1994-11-22,19.73,0.01,37.2
3097,1994-11-23,19.58,0.0,35.45
3098,1994-11-24,19.03,0.0,32.72
3099,1994-11-25,18.31,0.0,32.32
3100,1994-11-26,19.42,0.0,29.99
3101,1994-11-27,19.75,0.0,32.44
3102,1994-11-28,19.45,0.0,34.17
3103,1994-11-29,18.79,0.0,35.26
3104,1994-11-30,18.43,0.0,32.44
3105,1994-12-01,17.35,0.0,33.36
3106,1994-12-02,17.88,0.0,31.23
3107,1994-12-03,17.18,0.0,33.68
3108,1994-12-04,18.01,0.0,30.53
3109,1994-12-05,17.92,0.0,30.97
3110,1994-12-06,18.35,0.0,33.86
3111,1994-12-07,19.38,0.12,34.26
3112,1994-12-08,19.32,0.16,44.62
3113,1994-12-09,15.61,0.02,26.96
3114,1994-12-10,12.73,0.25,28.81
3115,1994-12-11,11.0,0.0,28.39
3116,1994-12-12,11.72,0.0,32.72
3117,1994-12-13,13.04,0.0,24.34
3118,1994-12-14,12.63,0.0,25.27
3119,1994-12-15,12.57,0.0,28.16
3120,1994-12-16,13.11,0.0,31.39
3121,1994-12-17,13.58,0.0,25.51
3122,1994-12-18,13.81,0.0,27.04
3123,1994-12-19,14.01,0.0,26.44
3124,1994-12-20,13.6,0.0,26.85
3125,1994-12-21,14.38,0.0,26.29
3126,1994-12-22,15.85,0.0,27.12
3127,1994-12-23,16.52,0.01,31.6
3128,1994-12-24,14.87,0.36,55.98
3129,1994-12-25,15.52,0.25,49.06
3130,1994-12-26,14.8,0.07,48.28
3131,1994-12-27,18.15,0.25,37.86
3132,1994-12-28,14.91,7.21,54.17
3133,1994-12-29,12.7,0.79,53.46
3134,1994-12-30,9.68,0.54,46.42
3135,1994-12-31,9.3,0.0,40.83
3136,1995-01-01,10.66,0.0,30.29
3137,1995-01-02,11.77,0.0,27.91
3138,1995-01-03,11.52,0.0,30.18
3139,1995-01-04,12.6,0.13,29.11
3140,1995-01-05,12.08,1.04,37.88
3141,1995-01-06,13.24,0.0,36.95
3142,1995-01-07,14.14,0.0,32.42
3143,1995-01-08,11.72,0.41,54.25
3144,1995-01-09,10.43,16.41,85.83
3145,1995-01-10,10.76,4.95,69.14
3146,1995-01-11,11.12,1.35,61.16
3147,1995-01-12,11.13,0.0,49.92
3148,1995-01-13,12.7,0.0,41.03
3149,1995-01-14,10.08,4.84,69.83
3150,1995-01-15,10.2,7.97,85.1
3151,1995-01-16,11.58,1.12,71.58
3152,1995-01-17,11.03,0.0,61.71
3153,1995-01-18,10.64,0.04,47.74
3154,1995-01-19,13.04,0.01,47.2
3155,1995-01-20,13.16,0.0,57.86
3156,1995-01-21,12.88,0.0,49.17
3157,1995-01-22,11.0,0.0,41.43
3158,1995-01-23,11.17,0.01,34.41
3159,1995-01-24,12.96,0.0,35.41
3160,1995-01-25,12.95,0.0,39.85
3161,1995-01-26,11.78,0.0,43.83
3162,1995-01-27,13.67,0.0,48.09
3163,1995-01-28,14.16,0.0,55.47
3164,1995-01-29,13.83,0.0,49.42
3165,1995-01-30,13.16,0.0,47.05
3166,1995-01-31,13.55,0.0,37.0
3167,1995-02-01,14.0,0.0,31.75
3168,1995-02-02,14.94,0.0,31.52
3169,1995-02-03,16.11,0.0,28.96
3170,1995-02-04,14.34,0.0,34.35
3171,1995-02-05,14.24,0.0,35.84
3172,1995-02-06,14.7,0.0,38.27
3173,1995-02-07,16.05,0.0,42.45
3174,1995-02-08,16.64,0.0,46.79
3175,1995-02-09,16.74,0.0,50.65
3176,1995-02-10,19.56,0.0,48.71
3177,1995-02-11,17.8,0.17,55.77
3178,1995-02-12,16.28,16.56,68.49
3179,1995-02-13,18.23,4.82,58.32
3180,1995-02-14,16.01,22.81,84.2
3181,1995-02-15,15.71,0.0,70.1
3182,1995-02-16,14.95,10.31,63.46
3183,1995-02-17,15.93,0.0,42.77
3184,1995-02-18,15.89,0.04,38.53
3185,1995-02-19,15.84,0.13,37.6
3186,1995-02-20,14.34,0.18,41.15
3187,1995-02-21,12.88,0.03,42.34
3188,1995-02-22,10.44,0.35,54.65
3189,1995-02-23,12.15,0.0,54.1
3190,1995-02-24,13.45,0.57,45.62
3191,1995-02-25,14.35,0.0,41.6
3192,1995-02-26,16.17,0.02,42.8
3193,1995-02-27,16.83,5.5,53.33
3194,1995-02-28,15.3,22.35,70.69
3195,1995-03-01,13.51,1.92,54.11
3196,1995-03-02,13.49,0.2,47.86
3197,1995-03-03,14.18,0.0,45.97
3198,1995-03-04,14.66,0.0,42.45
3199,1995-03-05,15.86,0.0,35.62
3200,1995-03-06,16.51,0.0,36.23
3201,1995-03-07,17.36,0.0,36.22
3202,1995-03-08,17.68,0.0,37.42
3203,1995-03-09,17.18,0.0,38.38
3204,1995-03-10,15.31,0.08,42.44
3205,1995-03-11,15.32,0.4,41.17
3206,1995-03-12,16.21,0.0,42.34
3207,1995-03-13,17.23,0.0,43.62
3208,1995-03-14,18.01,0.0,39.39
3209,1995-03-15,18.03,0.0,39.06
3210,1995-03-16,21.39,0.0,38.28
3211,1995-03-17,21.31,0.0,42.64
3212,1995-03-18,21.9,0.22,42.57
3213,1995-03-19,21.94,0.01,42.96
3214,1995-03-20,23.12,0.0,43.5
3215,1995-03-21,22.15,0.0,45.51
3216,1995-03-22,24.5,0.0,42.6
3217,1995-03-23,25.68,0.02,45.17
3218,1995-03-24,26.76,0.01,44.1
3219,1995-03-25,24.76,1.21,48.21
3220,1995-03-26,20.95,4.57,70.08
3221,1995-03-27,22.94,0.29,53.3
3222,1995-03-28,24.58,1.07,43.45
3223,1995-03-29,24.0,1.37,42.84
3224,1995-03-30,20.77,4.49,49.48
3225,1995-03-31,21.05,9.5,43.22
3226,1995-04-01,21.53,0.02,33.51
3227,1995-04-02,20.99,1.88,35.23
3228,1995-04-03,21.41,0.0,32.84
3229,1995-04-04,22.47,0.0,30.66
3230,1995-04-05,23.44,0.0,25.82
3231,1995-04-06,23.57,0.0,26.15
3232,1995-04-07,23.94,0.0,29.6
3233,1995-04-08,25.79,0.0,31.05
3234,1995-04-09,26.8,0.11,31.44
3235,1995-04-10,26.52,0.22,31.06
3236,1995-04-11,24.38,4.47,41.44
3237,1995-04-12,23.61,4.42,40.54
3238,1995-04-13,24.32,0.0,35.23
3239,1995-04-14,24.85,0.0,29.51
3240,1995-04-15,26.14,0.0,29.51
3241,1995-04-16,27.93,0.0,31.01
3242,1995-04-17,27.35,0.02,33.35
3243,1995-04-18,27.34,0.0,35.51
3244,1995-04-19,26.52,2.08,38.98
3245,1995-04-20,25.85,2.06,44.91
3246,1995-04-21,26.22,0.01,37.26
3247,1995-04-22,28.53,0.24,34.49
3248,1995-04-23,28.92,0.27,36.71
3249,1995-04-24,28.07,0.0,39.78
3250,1995-04-25,29.23,0.01,37.87
3251,1995-04-26,28.42,1.26,41.92
3252,1995-04-27,28.82,0.0,38.7
3253,1995-04-28,29.98,0.0,32.51
3254,1995-04-29,29.25,0.0,35.21
3255,1995-04-30,30.24,0.0,30.05
3256,1995-05-01,29.86,0.0,31.04
3257,1995-05-02,30.92,0.0,25.6
3258,1995-05-03,30.69,0.66,26.0
3259,1995-05-04,31.36,0.0,23.09
3260,1995-05-05,32.65,0.0,21.1
3261,1995-05-06,34.01,0.0,22.0
3262,1995-05-07,35.7,0.0,15.82
3263,1995-05-08,35.55,0.0,15.89
3264,1995-05-09,35.98,0.0,16.19
3265,1995-05-10,35.89,0.0,14.31
3266,1995-05-11,35.99,0.0,20.77
3267,1995-05-12,35.82,0.01,19.98
3268,1995-05-13,36.43,0.01,20.27
3269,1995-05-14,37.69,0.0,15.47
3270,1995-05-15,37.48,0.0,13.48
3271,1995-05-16,38.19,0.0,12.34
3272,1995-05-17,36.75,0.0,15.09
3273,1995-05-18,35.37,0.0,18.4
3274,1995-05-19,34.3,0.0,13.47
3275,1995-05-20,33.75,0.06,11.65
3276,1995-05-21,33.03,0.0,14.23
3277,1995-05-22,33.04,0.11,16.01
3278,1995-05-23,33.67,0.06,15.75
3279,1995-05-24,33.94,0.09,15.48
3280,1995-05-25,33.88,0.09,17.08
3281,1995-05-26,33.88,0.0,16.02
3282,1995-05-27,33.62,0.0,15.72
3283,1995-05-28,33.82,0.0,10.98
3284,1995-05-29,35.28,0.0,9.3
3285,1995-05-30,37.35,0.0,9.41
3286,1995-05-31,37.75,0.0,12.3
3287,1995-06-01,37.81,0.0,13.37
3288,1995-06-02,37.81,0.0,15.74
3289,1995-06-03,38.02,0.0,14.58
3290,1995-06-04,37.38,0.0,11.62
3291,1995-06-05,36.75,0.0,9.5
3292,1995-06-06,37.54,0.0,9.18
3293,1995-06-07,37.79,0.0,9.78
3294,1995-06-08,38.76,0.0,11.12
3295,1995-06-09,39.64,0.0,10.23
3296,1995-06-10,40.11,0.0,13.65
3297,1995-06-11,40.22,0.0,16.38
3298,1995-06-12,40.05,0.0,18.02
3299,1995-06-13,40.14,0.0,17.38
3300,1995-06-14,40.27,0.0,16.9
3301,1995-06-15,40.1,0.0,14.97
3302,1995-06-16,39.52,0.0,12.76
3303,1995-06-17,40.34,0.0,22.23
3304,1995-06-18,39.93,0.0,24.21
3305,1995-06-19,38.8,0.02,27.98
3306,1995-06-20,34.56,18.33,44.71
3307,1995-06-21,29.41,31.86,64.38
3308,1995-06-22,31.24,0.41,48.16
3309,1995-06-23,31.64,0.52,38.31
3310,1995-06-24,32.37,7.68,45.07
3311,1995-06-25,35.13,0.0,37.79
3312,1995-06-26,36.49,0.0,33.22
3313,1995-06-27,36.13,0.03,32.68
3314,1995-06-28,36.31,0.07,31.31
3315,1995-06-29,36.59,0.0,30.9
3316,1995-06-30,36.61,0.0,30.49
3317,1995-07-01,37.33,0.0,29.77
3318,1995-07-02,37.65,0.09,28.17
3319,1995-07-03,36.3,0.6,33.14
3320,1995-07-04,36.92,0.01,34.34
3321,1995-07-05,37.27,0.05,34.21
3322,1995-07-06,37.32,0.11,34.12
3323,1995-07-07,37.1,0.09,32.82
3324,1995-07-08,37.89,0.03,33.38
3325,1995-07-09,37.62,0.15,32.52
3326,1995-07-10,38.04,0.35,32.64
3327,1995-07-11,36.48,2.98,35.43
3328,1995-07-12,35.62,5.37,40.32
3329,1995-07-13,34.66,7.73,44.64
3330,1995-07-14,36.58,0.01,36.59
3331,1995-07-15,37.0,0.02,37.36
3332,1995-07-16,34.85,10.19,46.26
3333,1995-07-17,36.24,0.9,45.09
3334,1995-07-18,35.44,2.59,48.94
3335,1995-07-19,32.54,9.9,57.96
3336,1995-07-20,33.95,1.01,50.43
3337,1995-07-21,33.95,0.2,48.89
3338,1995-07-22,33.73,0.11,50.65
3339,1995-07-23,33.44,0.98,51.92
3340,1995-07-24,33.28,9.84,54.59
3341,1995-07-25,33.44,10.23,56.0
3342,1995-07-26,31.67,5.37,62.77
3343,1995-07-27,28.55,19.33,81.99
3344,1995-07-28,30.39,28.67,71.66
3345,1995-07-29,32.19,4.32,59.11
3346,1995-07-30,33.13,0.1,55.6
3347,1995-07-31,34.27,0.0,50.78
3348,1995-08-01,33.93,3.37,52.35
3349,1995-08-02,32.28,5.49,61.41
3350,1995-08-03,29.91,11.39,69.6
3351,1995-08-04,28.79,12.6,75.31
3352,1995-08-05,28.35,23.08,80.36
3353,1995-08-06,28.81,39.18,85.72
3354,1995-08-07,29.61,17.96,78.69
3355,1995-08-08,28.21,9.02,85.9
3356,1995-08-09,27.73,25.94,83.78
3357,1995-08-10,27.4,27.13,87.58
3358,1995-08-11,29.54,17.98,80.2
3359,1995-08-12,29.43,1.56,82.52
3360,1995-08-13,29.09,5.07,79.54
3361,1995-08-14,27.79,10.53,83.09
3362,1995-08-15,28.91,1.29,79.37
3363,1995-08-16,29.87,0.51,73.75
3364,1995-08-17,30.12,3.67,73.14
3365,1995-08-18,29.92,1.95,76.54
3366,1995-08-19,30.15,2.88,74.48
3367,1995-08-20,29.84,21.05,74.06
3368,1995-08-21,28.81,15.17,79.24
3369,1995-08-22,28.83,7.25,78.45
3370,1995-08-23,29.6,0.85,74.58
3371,1995-08-24,30.17,0.07,74.26
3372,1995-08-25,29.43,1.0,79.42
3373,1995-08-26,29.2,2.25,80.31
3374,1995-08-27,29.26,8.75,82.02
3375,1995-08-28,28.42,3.75,84.02
3376,1995-08-29,28.62,4.64,81.82
3377,1995-08-30,28.24,2.81,83.1
3378,1995-08-31,28.32,1.47,78.81
3379,1995-09-01,28.17,16.68,76.41
3380,1995-09-02,29.37,0.49,71.23
3381,1995-09-03,27.04,1.1,82.22
3382,1995-09-04,25.38,29.32,91.18
3383,1995-09-05,25.96,22.35,83.44
3384,1995-09-06,26.82,0.09,75.53
3385,1995-09-07,27.49,0.0,71.45
3386,1995-09-08,26.27,0.01,84.03
3387,1995-09-09,27.23,0.5,78.15
3388,1995-09-10,27.52,0.07,71.35
3389,1995-09-11,28.02,0.08,70.12
3390,1995-09-12,27.38,1.8,73.26
3391,1995-09-13,27.4,0.01,70.93
3392,1995-09-14,27.77,0.02,69.48
3393,1995-09-15,28.01,0.05,67.51
3394,1995-09-16,27.73,0.01,65.23
3395,1995-09-17,27.57,0.0,63.3
3396,1995-09-18,28.49,0.0,56.87
3397,1995-09-19,27.85,0.0,61.33
3398,1995-09-20,27.93,0.0,57.96
3399,1995-09-21,27.72,0.0,55.65
3400,1995-09-22,27.97,0.0,53.45
3401,1995-09-23,28.37,0.0,51.74
3402,1995-09-24,28.33,0.0,51.73
3403,1995-09-25,28.53,0.0,51.13
3404,1995-09-26,28.28,0.0,52.37
3405,1995-09-27,28.22,0.0,51.65
3406,1995-09-28,28.26,0.0,52.92
3407,1995-09-29,28.53,0.05,52.32
3408,1995-09-30,28.4,0.28,50.31
3409,1995-10-01,28.2,0.0,47.39
3410,1995-10-02,28.71,0.0,42.96
3411,1995-10-03,27.85,0.0,44.58
3412,1995-10-04,27.88,0.04,44.07
3413,1995-10-05,27.31,0.0,44.2
3414,1995-10-06,26.92,0.0,42.12
3415,1995-10-07,26.6,0.0,41.31
3416,1995-10-08,26.79,0.0,39.22
3417,1995-10-09,26.8,0.0,41.47
3418,1995-10-10,27.34,0.0,48.48
3419,1995-10-11,27.07,0.0,45.98
3420,1995-10-12,27.58,0.0,39.65
3421,1995-10-13,26.59,0.0,39.91
3422,1995-10-14,26.62,0.0,38.49
3423,1995-10-15,26.88,0.0,38.33
3424,1995-10-16,26.26,0.29,40.8
3425,1995-10-17,24.66,0.03,46.28
3426,1995-10-18,25.35,0.26,41.66
3427,1995-10-19,25.35,0.01,37.72
3428,1995-10-20,23.8,0.95,39.82
3429,1995-10-21,23.54,0.52,39.09
3430,1995-10-22,22.73,0.0,38.67
3431,1995-10-23,21.74,0.02,38.45
3432,1995-10-24,22.1,0.0,35.11
3433,1995-10-25,23.26,0.0,32.83
3434,1995-10-26,23.46,0.0,34.06
3435,1995-10-27,22.75,0.0,38.41
3436,1995-10-28,23.14,0.0,35.96
3437,1995-10-29,22.33,0.0,37.75
3438,1995-10-30,22.91,0.09,37.36
3439,1995-10-31,22.08,0.03,36.28
3440,1995-11-01,20.78,0.03,39.01
3441,1995-11-02,20.2,0.0,38.28
3442,1995-11-03,20.98,0.0,30.5
3443,1995-11-04,21.3,0.0,27.68
3444,1995-11-05,20.96,0.0,30.56
3445,1995-11-06,20.74,0.0,31.23
3446,1995-11-07,21.15,0.0,31.88
3447,1995-11-08,22.45,0.0,33.84
3448,1995-11-09,22.56,0.0,33.26
3449,1995-11-10,21.91,0.0,30.15
3450,1995-11-11,20.78,0.0,28.77
3451,1995-11-12,19.38,0.0,32.36
3452,1995-11-13,19.11,0.0,30.57
3453,1995-11-14,20.27,0.0,27.26
3454,1995-11-15,19.75,0.0,28.49
3455,1995-11-16,19.22,0.0,34.49
3456,1995-11-17,20.81,0.0,34.54
3457,1995-11-18,19.89,0.0,35.94
3458,1995-11-19,19.27,0.0,35.77
3459,1995-11-20,18.82,0.0,29.92
3460,1995-11-21,19.06,0.0,21.63
3461,1995-11-22,18.38,0.0,22.04
3462,1995-11-23,18.35,0.0,21.39
3463,1995-11-24,16.84,0.0,22.6
3464,1995-11-25,15.49,0.0,24.07
3465,1995-11-26,17.32,0.0,18.8
3466,1995-11-27,17.38,0.0,23.3
3467,1995-11-28,17.98,2.64,31.29
3468,1995-11-29,15.0,0.39,40.25
3469,1995-11-30,13.2,0.35,30.57
3470,1995-12-01,12.32,0.03,32.32
3471,1995-12-02,13.18,0.0,30.7
3472,1995-12-03,13.48,0.0,26.72
3473,1995-12-04,12.83,0.0,28.33
3474,1995-12-05,14.09,0.0,28.14
3475,1995-12-06,16.75,0.0,30.62
3476,1995-12-07,17.17,0.0,33.57
3477,1995-12-08,17.21,0.72,46.48
3478,1995-12-09,16.29,0.41,59.04
3479,1995-12-10,17.38,0.14,46.78
3480,1995-12-11,17.21,0.0,42.55
3481,1995-12-12,16.02,0.0,31.35
3482,1995-12-13,12.68,0.0,35.19
3483,1995-12-14,14.35,0.0,40.41
3484,1995-12-15,16.04,0.0,41.6
3485,1995-12-16,15.29,0.02,41.14
3486,1995-12-17,15.16,0.02,32.79
3487,1995-12-18,14.28,0.0,36.67
3488,1995-12-19,14.83,0.0,41.2
3489,1995-12-20,15.28,0.01,43.17
3490,1995-12-21,16.28,0.01,33.92
3491,1995-12-22,15.77,0.11,32.62
3492,1995-12-23,13.78,0.0,31.52
3493,1995-12-24,14.24,0.22,27.81
3494,1995-12-25,14.41,0.0,29.34
3495,1995-12-26,14.22,0.0,29.55
3496,1995-12-27,14.95,0.0,25.48
3497,1995-12-28,15.17,0.0,25.21
3498,1995-12-29,15.17,0.0,28.04
3499,1995-12-30,13.44,0.0,42.07
3500,1995-12-31,14.21,0.0,44.31
3501,1996-01-01,15.63,0.0,33.68
3502,1996-01-02,15.81,0.0,32.27
3503,1996-01-03,15.73,0.0,29.63
3504,1996-01-04,14.7,0.0,28.23
3505,1996-01-05,13.54,0.0,27.24
3506,1996-01-06,13.45,0.0,27.75
3507,1996-01-07,14.73,0.0,23.97
3508,1996-01-08,16.76,0.0,19.18
3509,1996-01-09,16.25,0.0,18.96
3510,1996-01-10,15.16,0.0,21.8
3511,1996-01-11,13.99,0.0,27.58
3512,1996-01-12,13.19,0.0,27.5
3513,1996-01-13,14.75,0.0,24.42
3514,1996-01-14,15.02,0.5,52.06
3515,1996-01-15,13.34,9.63,67.7
3516,1996-01-16,12.24,5.6,48.6
3517,1996-01-17,10.8,13.23,58.68
3518,1996-01-18,9.6,4.13,58.01
3519,1996-01-19,11.62,1.69,42.46
3520,1996-01-20,13.33,0.0,36.76
3521,1996-01-21,13.95,0.0,40.59
3522,1996-01-22,14.06,3.64,50.67
3523,1996-01-23,10.89,0.0,62.2
3524,1996-01-24,10.29,0.7,49.0
3525,1996-01-25,12.45,0.0,46.88
3526,1996-01-26,13.34,0.01,45.96
3527,1996-01-27,12.73,0.0,42.69
3528,1996-01-28,10.97,0.0,42.41
3529,1996-01-29,9.92,0.0,38.22
3530,1996-01-30,11.22,0.0,36.09
3531,1996-01-31,14.59,0.0,24.32
3532,1996-02-01,14.05,0.0,31.02
3533,1996-02-02,13.83,0.0,32.28
3534,1996-02-03,13.54,0.0,37.31
3535,1996-02-04,15.59,0.0,32.58
3536,1996-02-05,15.8,0.0,31.74
3537,1996-02-06,16.1,0.0,39.81
3538,1996-02-07,19.18,0.0,35.61
3539,1996-02-08,18.43,0.0,37.45
3540,1996-02-09,17.51,0.5,45.92
3541,1996-02-10,12.16,11.56,86.04
3542,1996-02-11,13.96,0.0,69.26
3543,1996-02-12,14.6,1.27,59.46
3544,1996-02-13,16.79,0.0,43.26
3545,1996-02-14,17.54,0.03,44.72
3546,1996-02-15,16.24,6.89,58.87
3547,1996-02-16,15.09,1.07,47.1
3548,1996-02-17,14.85,0.0,40.56
3549,1996-02-18,15.91,0.0,42.1
3550,1996-02-19,16.68,0.0,39.94
3551,1996-02-20,17.95,0.09,34.24
3552,1996-02-21,18.36,0.0,34.53
3553,1996-02-22,18.54,0.0,35.23
3554,1996-02-23,18.52,0.0,45.91
3555,1996-02-24,17.44,6.27,67.57
3556,1996-02-25,17.88,0.56,63.6
3557,1996-02-26,16.17,20.43,72.33
3558,1996-02-27,16.51,3.28,57.46
3559,1996-02-28,16.95,0.37,49.53
3560,1996-02-29,17.26,0.0,43.42
3561,1996-03-01,20.61,0.0,39.34
3562,1996-03-02,20.33,0.0,43.34
3563,1996-03-03,20.29,0.0,44.9
3564,1996-03-04,21.06,0.01,40.79
3565,1996-03-05,21.79,0.07,37.19
3566,1996-03-06,21.48,0.0,40.07
3567,1996-03-07,20.77,0.15,49.46
3568,1996-03-08,20.38,0.0,48.8
3569,1996-03-09,21.44,0.02,48.87
3570,1996-03-10,22.81,0.0,45.51
3571,1996-03-11,23.32,0.0,48.43
3572,1996-03-12,24.56,0.02,40.31
3573,1996-03-13,23.36,0.1,42.42
3574,1996-03-14,23.83,0.01,42.26
3575,1996-03-15,22.7,0.14,47.82
3576,1996-03-16,21.5,0.37,53.74
3577,1996-03-17,20.25,0.44,64.58
3578,1996-03-18,21.25,5.55,58.57
3579,1996-03-19,21.15,5.33,54.64
3580,1996-03-20,20.48,1.24,46.34
3581,1996-03-21,20.28,1.12,45.76
3582,1996-03-22,20.23,0.01,49.86
3583,1996-03-23,19.48,7.85,53.98
3584,1996-03-24,21.91,0.0,44.36
3585,1996-03-25,23.5,0.0,39.1
3586,1996-03-26,24.5,0.0,39.56
3587,1996-03-27,25.63,0.0,34.56
3588,1996-03-28,27.33,0.1,32.22
3589,1996-03-29,26.94,0.15,31.48
3590,1996-03-30,20.64,0.38,27.61
3591,1996-03-31,19.71,0.12,27.95
3592,1996-04-01,20.79,0.0,29.99
3593,1996-04-02,22.58,0.0,28.45
3594,1996-04-03,24.49,0.0,28.28
3595,1996-04-04,26.43,0.0,26.49
3596,1996-04-05,27.35,0.0,24.48
3597,1996-04-06,27.2,0.01,26.47
3598,1996-04-07,26.25,0.0,23.94
3599,1996-04-08,24.54,1.76,25.04
3600,1996-04-09,22.37,13.31,37.96
3601,1996-04-10,24.57,0.0,27.3
3602,1996-04-11,26.35,0.0,25.89
3603,1996-04-12,27.07,0.0,26.0
3604,1996-04-13,27.68,0.0,26.2
3605,1996-04-14,27.57,0.0,28.97
3606,1996-04-15,30.09,0.0,24.3
3607,1996-04-16,31.28,0.0,22.27
3608,1996-04-17,29.83,0.0,22.3
3609,1996-04-18,31.08,0.0,21.95
3610,1996-04-19,31.25,0.0,21.21
3611,1996-04-20,29.44,0.9,28.56
3612,1996-04-21,29.18,0.27,32.97
3613,1996-04-22,29.55,0.54,30.92
3614,1996-04-23,28.9,0.0,34.1
3615,1996-04-24,29.86,0.12,28.54
3616,1996-04-25,31.85,0.03,18.51
3617,1996-04-26,32.22,0.0,16.15
3618,1996-04-27,32.38,0.0,16.92
3619,1996-04-28,33.18,0.0,19.95
3620,1996-04-29,33.2,0.0,19.36
3621,1996-04-30,34.06,0.01,15.9
3622,1996-05-01,32.58,0.13,11.39
3623,1996-05-02,33.08,1.11,13.19
3624,1996-05-03,31.98,0.0,10.85
3625,1996-05-04,32.71,0.0,13.41
3626,1996-05-05,32.1,0.62,13.5
3627,1996-05-06,30.86,0.0,9.9
3628,1996-05-07,31.49,0.0,7.9
3629,1996-05-08,33.72,0.0,8.82
3630,1996-05-09,33.84,0.0,8.62
3631,1996-05-10,33.45,0.0,9.94
3632,1996-05-11,32.56,0.0,12.44
3633,1996-05-12,31.81,0.01,15.88
3634,1996-05-13,33.03,0.0,15.14
3635,1996-05-14,32.14,0.0,18.19
3636,1996-05-15,32.8,0.17,20.54
3637,1996-05-16,32.61,1.16,22.67
3638,1996-05-17,31.87,0.0,20.82
3639,1996-05-18,33.14,0.23,17.75
3640,1996-05-19,33.51,0.75,21.54
3641,1996-05-20,33.87,0.94,19.51
3642,1996-05-21,31.84,0.03,24.48
3643,1996-05-22,33.38,0.17,28.87
3644,1996-05-23,32.38,0.26,37.92
3645,1996-05-24,34.52,0.0,29.49
3646,1996-05-25,33.18,0.0,27.94
3647,1996-05-26,33.76,0.9,23.97
3648,1996-05-27,35.6,0.0,17.74
3649,1996-05-28,37.31,0.0,15.07
3650,1996-05-29,36.76,0.0,13.9
3651,1996-05-30,34.88,0.18,7.8
3652,1996-05-31,36.21,0.05,10.4
3653,1996-06-01,37.71,0.0,14.58
3654,1996-06-02,37.37,0.0,11.69
3655,1996-06-03,38.75,0.0,8.22
3656,1996-06-04,36.58,0.0,9.81
3657,1996-06-05,35.42,0.0,14.81
3658,1996-06-06,35.65,0.02,14.32
3659,1996-06-07,36.48,0.59,12.74
3660,1996-06-08,37.32,0.0,17.55
3661,1996-06-09,37.08,0.0,21.19
3662,1996-06-10,36.56,2.1,21.86
3663,1996-06-11,37.63,0.33,25.83
3664,1996-06-12,38.85,0.01,26.12
3665,1996-06-13,38.12,0.02,27.24
3666,1996-06-14,35.77,15.03,36.05
3667,1996-06-15,35.06,34.27,43.96
3668,1996-06-16,32.55,9.58,48.71
3669,1996-06-17,34.24,1.65,46.37
3670,1996-06-18,34.18,5.02,48.14
3671,1996-06-19,29.16,22.42,63.04
3672,1996-06-20,31.45,11.42,61.54
3673,1996-06-21,33.02,14.57,59.89
3674,1996-06-22,32.14,11.66,64.08
3675,1996-06-23,32.87,1.41,56.72
3676,1996-06-24,33.38,0.28,54.96
3677,1996-06-25,33.82,4.35,54.74
3678,1996-06-26,34.36,4.76,51.83
3679,1996-06-27,34.3,6.21,51.69
3680,1996-06-28,34.88,0.19,49.5
3681,1996-06-29,33.61,16.5,54.19
3682,1996-06-30,32.0,39.85,60.62
3683,1996-07-01,30.85,0.14,58.47
3684,1996-07-02,31.92,0.12,51.99
3685,1996-07-03,33.25,1.57,49.94
3686,1996-07-04,32.94,0.66,54.51
3687,1996-07-05,31.57,1.25,56.77
3688,1996-07-06,32.05,2.23,52.68
3689,1996-07-07,33.4,0.65,50.16
3690,1996-07-08,34.41,4.83,46.0
3691,1996-07-09,34.37,1.19,49.98
3692,1996-07-10,35.01,0.02,47.87
3693,1996-07-11,35.62,0.0,43.84
3694,1996-07-12,35.47,0.09,46.62
3695,1996-07-13,33.05,0.07,55.52
3696,1996-07-14,33.5,4.56,52.14
3697,1996-07-15,32.22,14.18,56.21
3698,1996-07-16,31.32,7.51,57.14
3699,1996-07-17,33.23,0.13,50.21
3700,1996-07-18,34.36,0.25,39.77
3701,1996-07-19,34.53,0.0,42.34
3702,1996-07-20,35.6,0.03,44.53
3703,1996-07-21,34.74,3.25,47.27
3704,1996-07-22,33.74,5.22,51.17
3705,1996-07-23,32.84,10.0,57.9
3706,1996-07-24,33.63,2.01,50.62
3707,1996-07-25,34.39,0.36,45.86
3708,1996-07-26,34.56,1.75,48.91
3709,1996-07-27,36.42,0.27,44.29
3710,1996-07-28,35.02,0.16,51.23
3711,1996-07-29,33.98,1.47,52.91
3712,1996-07-30,32.84,17.51,58.47
3713,1996-07-31,33.41,14.06,61.54
3714,1996-08-01,32.92,8.35,62.11
3715,1996-08-02,30.5,9.35,71.68
3716,1996-08-03,28.74,15.28,76.99
3717,1996-08-04,31.09,9.1,69.72
3718,1996-08-05,31.57,1.79,68.8
3719,1996-08-06,30.44,9.99,70.08
3720,1996-08-07,30.92,12.34,69.42
3721,1996-08-08,32.39,0.61,59.95
3722,1996-08-09,33.08,0.85,55.06
3723,1996-08-10,32.98,0.72,55.12
3724,1996-08-11,31.9,0.8,62.37
3725,1996-08-12,32.61,3.5,59.08
3726,1996-08-13,32.63,5.14,60.54
3727,1996-08-14,31.07,7.2,67.5
3728,1996-08-15,28.97,3.3,74.6
3729,1996-08-16,28.83,14.56,77.29
3730,1996-08-17,28.7,5.4,79.55
3731,1996-08-18,30.74,0.07,67.26
3732,1996-08-19,31.37,0.44,61.12
3733,1996-08-20,30.69,0.23,62.27
3734,1996-08-21,28.73,3.24,69.27
3735,1996-08-22,25.24,24.13,85.33
3736,1996-08-23,24.96,52.76,90.71
3737,1996-08-24,26.17,64.3,85.12
3738,1996-08-25,26.95,0.06,80.12
3739,1996-08-26,28.23,0.03,70.36
3740,1996-08-27,29.76,0.0,72.49
3741,1996-08-28,29.57,0.08,76.66
3742,1996-08-29,28.86,4.66,76.36
3743,1996-08-30,28.55,0.29,77.3
3744,1996-08-31,29.15,0.14,77.09
3745,1996-09-01,29.03,0.16,73.41
3746,1996-09-02,29.14,0.07,71.07
3747,1996-09-03,28.87,0.14,74.91
3748,1996-09-04,28.92,0.23,72.59
3749,1996-09-05,28.92,0.11,70.77
3750,1996-09-06,27.91,0.66,79.25
3751,1996-09-07,27.88,3.38,74.43
3752,1996-09-08,26.93,7.42,82.04
3753,1996-09-09,27.0,21.63,83.21
3754,1996-09-10,26.73,13.73,81.6
3755,1996-09-11,28.72,2.62,73.42
3756,1996-09-12,29.22,0.01,71.28
3757,1996-09-13,29.28,1.45,68.98
3758,1996-09-14,29.75,0.19,64.67
3759,1996-09-15,29.05,0.01,65.94
3760,1996-09-16,28.88,5.51,66.78
3761,1996-09-17,28.73,0.0,60.16
3762,1996-09-18,28.27,0.01,58.28
3763,1996-09-19,26.65,3.86,61.58
3764,1996-09-20,26.61,1.69,60.7
3765,1996-09-21,27.15,0.0,60.3
3766,1996-09-22,27.86,0.0,55.34
3767,1996-09-23,28.08,0.01,50.66
3768,1996-09-24,28.82,0.0,48.36
3769,1996-09-25,29.01,0.0,48.13
3770,1996-09-26,28.8,0.0,45.97
3771,1996-09-27,27.93,0.0,47.4
3772,1996-09-28,28.94,0.01,43.52
3773,1996-09-29,28.88,0.0,41.84
3774,1996-09-30,28.01,0.0,46.53
3775,1996-10-01,27.7,0.11,49.29
3776,1996-10-02,28.0,0.0,57.12
3777,1996-10-03,27.93,0.53,60.7
3778,1996-10-04,24.33,15.33,73.48
3779,1996-10-05,22.2,3.0,64.51
3780,1996-10-06,23.17,4.26,54.42
3781,1996-10-07,24.04,0.0,43.38
3782,1996-10-08,24.18,0.0,41.29
3783,1996-10-09,24.93,0.0,40.21
3784,1996-10-10,24.83,0.0,42.44
3785,1996-10-11,24.42,0.0,44.4
3786,1996-10-12,24.92,0.0,45.17
3787,1996-10-13,24.86,0.04,46.25
3788,1996-10-14,24.69,0.05,44.02
3789,1996-10-15,24.13,0.0,39.94
3790,1996-10-16,24.07,0.0,38.92
3791,1996-10-17,23.44,0.0,45.22
3792,1996-10-18,24.7,0.0,40.66
3793,1996-10-19,23.8,0.0,47.11
3794,1996-10-20,24.12,0.15,46.3
3795,1996-10-21,23.98,0.21,45.58
3796,1996-10-22,22.93,0.24,45.19
3797,1996-10-23,22.21,0.02,38.71
3798,1996-10-24,22.16,0.0,39.67
3799,1996-10-25,22.43,0.0,36.82
3800,1996-10-26,22.64,0.0,38.62
3801,1996-10-27,22.47,0.0,34.67
3802,1996-10-28,22.01,0.0,34.54
3803,1996-10-29,20.96,0.0,35.09
3804,1996-10-30,22.17,0.0,30.24
3805,1996-10-31,22.48,0.0,28.68
3806,1996-11-01,20.53,0.0,39.1
3807,1996-11-02,21.84,0.0,35.55
3808,1996-11-03,22.32,0.0,29.12
3809,1996-11-04,21.68,0.0,27.4
3810,1996-11-05,20.74,0.0,31.42
3811,1996-11-06,20.32,0.0,35.99
3812,1996-11-07,19.7,0.0,34.4
3813,1996-11-08,21.02,0.0,26.94
3814,1996-11-09,20.98,0.0,25.2
3815,1996-11-10,20.37,0.0,22.64
3816,1996-11-11,20.67,0.0,22.06
3817,1996-11-12,19.9,0.0,25.41
3818,1996-11-13,19.96,0.0,27.14
3819,1996-11-14,20.03,0.01,28.86
3820,1996-11-15,17.44,0.0,32.2
3821,1996-11-16,15.74,0.0,34.02
3822,1996-11-17,18.08,0.0,20.73
3823,1996-11-18,16.47,0.0,26.86
3824,1996-11-19,16.99,0.0,31.41
3825,1996-11-20,15.53,0.0,41.54
3826,1996-11-21,16.05,0.0,35.33
3827,1996-11-22,16.57,0.13,29.23
3828,1996-11-23,16.13,0.0,31.85
3829,1996-11-24,15.59,0.0,34.41
3830,1996-11-25,16.78,0.0,28.86
3831,1996-11-26,16.77,0.0,28.69
3832,1996-11-27,16.74,0.0,27.1
3833,1996-11-28,15.71,0.0,27.22
3834,1996-11-29,15.47,0.0,29.35
3835,1996-11-30,15.93,0.0,25.85
3836,1996-12-01,15.02,0.0,28.49
3837,1996-12-02,16.56,0.0,27.85
3838,1996-12-03,15.88,0.0,32.64
3839,1996-12-04,15.19,0.0,36.22
3840,1996-12-05,14.8,0.01,34.15
3841,1996-12-06,14.15,0.0,30.61
3842,1996-12-07,12.07,0.0,27.55
3843,1996-12-08,10.28,0.0,28.76
3844,1996-12-09,10.16,0.0,26.03
3845,1996-12-10,10.43,0.0,20.52
3846,1996-12-11,12.26,0.0,18.42
3847,1996-12-12,12.91,0.0,19.02
3848,1996-12-13,13.78,0.0,20.57
3849,1996-12-14,13.32,0.0,24.14
3850,1996-12-15,13.58,0.0,26.15
3851,1996-12-16,15.58,0.0,20.83
3852,1996-12-17,14.0,0.0,24.83
3853,1996-12-18,13.77,0.0,25.21
3854,1996-12-19,15.25,0.0,23.39
3855,1996-12-20,15.14,0.0,23.95
3856,1996-12-21,14.3,0.0,22.86
3857,1996-12-22,14.2,0.0,21.82
3858,1996-12-23,13.38,0.0,23.74
3859,1996-12-24,14.74,0.0,22.4
3860,1996-12-25,15.29,0.0,32.38
3861,1996-12-26,15.25,0.0,43.35
3862,1996-12-27,13.43,0.31,39.94
3863,1996-12-28,13.68,0.0,37.19
3864,1996-12-29,15.19,0.0,27.79
3865,1996-12-30,15.75,0.0,25.72
3866,1996-12-31,15.86,0.0,23.65
3867,1997-01-01,14.96,0.0,23.84
3868,1997-01-02,14.21,0.0,22.5
3869,1997-01-03,15.53,0.0,19.63
3870,1997-01-04,12.79,0.0,24.52
3871,1997-01-05,13.21,0.0,27.47
3872,1997-01-06,13.22,0.0,26.89
3873,1997-01-07,12.46,0.0,26.82
3874,1997-01-08,13.79,0.0,23.47
3875,1997-01-09,13.61,0.0,22.75
3876,1997-01-10,13.66,0.0,19.65
3877,1997-01-11,13.5,0.0,18.25
3878,1997-01-12,12.95,0.0,17.92
3879,1997-01-13,11.97,0.0,18.48
3880,1997-01-14,12.47,0.0,17.01
3881,1997-01-15,12.57,0.0,17.75
3882,1997-01-16,11.94,0.0,19.66
3883,1997-01-17,11.07,0.0,21.79
3884,1997-01-18,10.88,0.0,29.04
3885,1997-01-19,11.14,1.36,67.49
3886,1997-01-20,11.47,15.43,66.11
3887,1997-01-21,10.7,0.99,61.28
3888,1997-01-22,9.83,0.0,59.63
3889,1997-01-23,10.83,0.01,42.89
3890,1997-01-24,10.84,0.0,37.47
3891,1997-01-25,10.72,0.0,41.31
3892,1997-01-26,13.17,0.0,32.09
3893,1997-01-27,12.96,1.59,46.36
3894,1997-01-28,11.47,0.01,59.5
3895,1997-01-29,13.14,0.01,48.35
3896,1997-01-30,14.31,0.0,39.27
3897,1997-01-31,13.56,0.0,40.68
3898,1997-02-01,15.04,0.0,39.47
3899,1997-02-02,14.45,2.68,49.14
3900,1997-02-03,14.25,1.6,57.95
3901,1997-02-04,12.6,2.2,58.62
3902,1997-02-05,12.28,0.0,48.65
3903,1997-02-06,12.02,0.0,40.27
3904,1997-02-07,13.24,0.0,31.15
3905,1997-02-08,14.58,0.29,33.97
3906,1997-02-09,15.17,0.58,43.5
3907,1997-02-10,13.46,1.01,37.74
3908,1997-02-11,12.83,0.05,29.74
3909,1997-02-12,12.03,0.11,39.63
3910,1997-02-13,14.01,0.0,35.28
3911,1997-02-14,16.73,0.0,33.67
3912,1997-02-15,15.14,0.0,36.43
3913,1997-02-16,14.93,0.06,34.45
3914,1997-02-17,15.22,0.0,29.94
3915,1997-02-18,17.11,0.0,20.97
3916,1997-02-19,15.38,0.0,25.2
3917,1997-02-20,15.26,0.05,26.74
3918,1997-02-21,16.3,0.0,23.69
3919,1997-02-22,16.69,0.0,25.72
3920,1997-02-23,18.15,0.0,25.32
3921,1997-02-24,21.37,0.0,25.74
3922,1997-02-25,22.32,0.0,32.3
3923,1997-02-26,19.32,0.01,26.42
3924,1997-02-27,18.42,0.0,20.58
3925,1997-02-28,19.52,0.0,20.04
3926,1997-03-01,23.63,0.0,17.96
3927,1997-03-02,19.03,0.0,17.91
3928,1997-03-03,16.5,1.04,26.1
3929,1997-03-04,18.2,0.0,21.95
3930,1997-03-05,20.79,0.0,18.01
3931,1997-03-06,20.37,0.0,18.63
3932,1997-03-07,22.89,0.0,20.37
3933,1997-03-08,23.64,0.0,21.01
3934,1997-03-09,23.67,0.0,24.87
3935,1997-03-10,22.17,0.01,29.44
3936,1997-03-11,24.51,0.0,23.58
3937,1997-03-12,22.92,0.0,19.88
3938,1997-03-13,23.71,0.0,13.49
3939,1997-03-14,19.75,0.0,29.07
3940,1997-03-15,20.2,0.88,47.14
3941,1997-03-16,21.83,0.95,45.15
3942,1997-03-17,20.98,1.92,43.04
3943,1997-03-18,21.89,0.05,52.21
3944,1997-03-19,22.27,3.15,51.22
3945,1997-03-20,21.06,4.6,41.11
3946,1997-03-21,21.72,0.05,32.2
3947,1997-03-22,21.91,0.02,28.91
3948,1997-03-23,20.98,0.64,27.05
3949,1997-03-24,20.29,0.07,26.34
3950,1997-03-25,21.59,0.05,24.39
3951,1997-03-26,22.05,0.0,25.33
3952,1997-03-27,24.76,0.0,24.73
3953,1997-03-28,20.56,0.13,56.66
3954,1997-03-29,20.24,6.01,58.76
3955,1997-03-30,22.75,0.07,45.24
3956,1997-03-31,22.83,0.41,37.62
3957,1997-04-01,23.69,2.55,40.74
3958,1997-04-02,22.33,4.55,50.38
3959,1997-04-03,17.8,8.91,75.79
3960,1997-04-04,19.73,11.54,60.23
3961,1997-04-05,20.79,0.0,46.58
3962,1997-04-06,22.33,0.07,38.07
3963,1997-04-07,23.11,0.05,42.28
3964,1997-04-08,25.79,0.0,36.37
3965,1997-04-09,27.63,0.0,33.07
3966,1997-04-10,27.04,0.86,30.75
3967,1997-04-11,27.68,0.91,31.92
3968,1997-04-12,28.16,0.0,31.62
3969,1997-04-13,28.04,0.0,31.3
3970,1997-04-14,28.01,0.01,26.67
3971,1997-04-15,25.38,0.0,22.78
3972,1997-04-16,23.33,0.01,29.23
3973,1997-04-17,23.93,0.71,30.04
3974,1997-04-18,24.87,0.0,24.85
3975,1997-04-19,25.93,0.0,26.54
3976,1997-04-20,27.61,0.0,26.24
3977,1997-04-21,27.47,0.0,28.72
3978,1997-04-22,29.04,0.0,26.97
3979,1997-04-23,29.85,0.0,22.88
3980,1997-04-24,31.84,0.0,19.04
3981,1997-04-25,31.23,0.0,19.34
3982,1997-04-26,31.12,0.0,20.63
3983,1997-04-27,31.24,0.53,22.81
3984,1997-04-28,31.48,0.03,24.39
3985,1997-04-29,30.69,1.78,26.0
3986,1997-04-30,31.01,0.51,27.17
3987,1997-05-01,30.52,0.05,27.68
3988,1997-05-02,29.83,5.5,37.25
3989,1997-05-03,27.98,2.59,48.5
3990,1997-05-04,27.65,0.23,44.08
3991,1997-05-05,24.53,2.98,57.08
3992,1997-05-06,28.38,0.0,44.11
3993,1997-05-07,30.32,1.0,36.38
3994,1997-05-08,30.57,0.2,31.4
3995,1997-05-09,27.21,2.7,33.36
3996,1997-05-10,26.96,2.15,23.65
3997,1997-05-11,29.36,0.0,19.38
3998,1997-05-12,30.57,0.0,21.1
3999,1997-05-13,31.32,0.0,18.93
4000,1997-05-14,30.79,0.01,19.63
4001,1997-05-15,31.23,0.0,17.21
4002,1997-05-16,31.33,0.0,15.43
4003,1997-05-17,32.93,0.0,12.99
4004,1997-05-18,31.65,0.0,13.78
4005,1997-05-19,31.98,0.0,11.85
4006,1997-05-20,32.42,0.0,9.24
4007,1997-05-21,34.12,0.0,8.92
4008,1997-05-22,34.88,0.0,10.55
4009,1997-05-23,34.61,0.0,15.17
4010,1997-05-24,35.5,0.0,14.0
4011,1997-05-25,35.46,0.0,14.42
4012,1997-05-26,36.3,0.07,15.73
4013,1997-05-27,37.94,0.0,14.97
4014,1997-05-28,37.9,0.1,16.06
4015,1997-05-29,36.7,1.15,19.35
4016,1997-05-30,35.06,0.99,24.8
4017,1997-05-31,33.09,0.43,23.49
4018,1997-06-01,32.83,3.04,25.62
4019,1997-06-02,31.9,1.8,32.1
4020,1997-06-03,32.47,0.18,37.64
4021,1997-06-04,32.27,0.06,41.46
4022,1997-06-05,31.89,0.39,39.39
4023,1997-06-06,34.3,0.09,34.07
4024,1997-06-07,35.81,0.0,26.46
4025,1997-06-08,35.36,2.93,29.58
4026,1997-06-09,35.44,0.0,26.58
4027,1997-06-10,35.46,0.0,22.48
4028,1997-06-11,35.07,4.02,30.53
4029,1997-06-12,35.66,0.0,35.33
4030,1997-06-13,35.52,0.0,33.32
4031,1997-06-14,36.69,1.2,26.17
4032,1997-06-15,37.64,0.0,25.23
4033,1997-06-16,38.91,0.0,19.93
4034,1997-06-17,38.99,0.0,19.19
4035,1997-06-18,38.74,0.0,23.74
4036,1997-06-19,38.1,0.0,24.38
4037,1997-06-20,33.75,24.38,46.88
4038,1997-06-21,33.33,0.04,45.46
4039,1997-06-22,36.31,0.2,38.02
4040,1997-06-23,37.48,0.0,33.71
4041,1997-06-24,37.68,0.16,31.7
4042,1997-06-25,37.74,0.44,29.85
4043,1997-06-26,38.21,0.02,26.13
4044,1997-06-27,35.4,6.93,35.61
4045,1997-06-28,34.78,3.22,36.31
4046,1997-06-29,35.15,2.64,40.35
4047,1997-06-30,32.56,13.07,49.01
4048,1997-07-01,34.8,0.03,39.53
4049,1997-07-02,36.63,0.27,32.11
4050,1997-07-03,37.44,0.0,28.96
4051,1997-07-04,37.58,0.02,29.19
4052,1997-07-05,37.96,0.0,28.43
4053,1997-07-06,38.84,0.01,28.01
4054,1997-07-07,38.59,0.3,28.95
4055,1997-07-08,38.56,0.26,32.74
4056,1997-07-09,39.13,0.18,30.39
4057,1997-07-10,39.13,0.95,32.94
4058,1997-07-11,36.1,7.21,42.64
4059,1997-07-12,33.56,9.49,54.12
4060,1997-07-13,36.0,1.38,40.63
4061,1997-07-14,36.72,0.74,39.01
4062,1997-07-15,35.81,3.94,45.64
4063,1997-07-16,35.75,9.71,48.24
4064,1997-07-17,34.43,12.88,54.8
4065,1997-07-18,36.33,0.42,46.48
4066,1997-07-19,35.32,0.03,48.88
4067,1997-07-20,33.95,2.51,54.03
4068,1997-07-21,32.78,8.13,58.8
4069,1997-07-22,32.79,1.03,58.69
4070,1997-07-23,33.02,5.67,56.13
4071,1997-07-24,34.01,0.59,53.78
4072,1997-07-25,31.8,10.18,61.92
4073,1997-07-26,32.55,0.3,57.89
4074,1997-07-27,33.51,7.85,55.28
4075,1997-07-28,32.44,0.83,59.04
4076,1997-07-29,32.22,33.47,65.41
4077,1997-07-30,32.91,5.6,61.41
4078,1997-07-31,32.57,1.7,58.72
4079,1997-08-01,31.18,8.29,62.1
4080,1997-08-02,30.76,11.58,63.19
4081,1997-08-03,31.34,22.1,57.09
4082,1997-08-04,30.92,2.4,57.96
4083,1997-08-05,31.74,0.0,47.51
4084,1997-08-06,32.45,0.0,46.79
4085,1997-08-07,32.22,0.53,53.42
4086,1997-08-08,31.05,19.83,66.45
4087,1997-08-09,31.61,1.36,64.18
4088,1997-08-10,33.59,0.29,54.81
4089,1997-08-11,32.9,0.08,54.14
4090,1997-08-12,31.73,0.17,56.67
4091,1997-08-13,30.61,6.15,63.74
4092,1997-08-14,29.62,17.47,68.62
4093,1997-08-15,31.24,1.34,61.1
4094,1997-08-16,32.32,3.87,56.29
4095,1997-08-17,32.44,0.3,56.12
4096,1997-08-18,33.32,0.01,52.47
4097,1997-08-19,34.01,0.12,51.23
4098,1997-08-20,33.51,0.06,55.14
4099,1997-08-21,33.36,0.0,56.96
4100,1997-08-22,29.93,1.6,63.78
4101,1997-08-23,27.48,41.73,77.16
4102,1997-08-24,29.25,2.66,72.0
4103,1997-08-25,27.83,0.74,76.24
4104,1997-08-26,26.52,8.52,82.6
4105,1997-08-27,26.61,25.02,89.26
4106,1997-08-28,27.27,15.89,79.72
4107,1997-08-29,28.54,15.67,71.26
4108,1997-08-30,29.33,0.1,65.27
4109,1997-08-31,28.62,0.08,65.28
4110,1997-09-01,29.27,0.0,62.98
4111,1997-09-02,28.44,0.01,62.99
4112,1997-09-03,28.67,0.05,63.12
4113,1997-09-04,29.1,0.0,64.3
4114,1997-09-05,30.42,0.0,61.61
4115,1997-09-06,30.97,0.0,56.97
4116,1997-09-07,30.1,0.01,60.93
4117,1997-09-08,30.33,6.18,65.42
4118,1997-09-09,30.14,0.15,67.43
4119,1997-09-10,30.11,0.02,63.03
4120,1997-09-11,30.19,0.24,58.97
4121,1997-09-12,29.97,1.02,61.53
4122,1997-09-13,29.41,0.42,63.94
4123,1997-09-14,30.6,1.23,58.44
4124,1997-09-15,31.04,0.02,53.81
4125,1997-09-16,30.41,0.12,52.77
4126,1997-09-17,30.69,0.01,52.64
4127,1997-09-18,30.39,0.01,49.59
4128,1997-09-19,29.84,0.0,47.69
4129,1997-09-20,29.49,0.12,46.3
4130,1997-09-21,29.7,0.06,45.87
4131,1997-09-22,29.71,0.0,44.84
4132,1997-09-23,30.29,0.0,40.03
4133,1997-09-24,29.98,0.0,35.12
4134,1997-09-25,28.74,0.0,35.85
4135,1997-09-26,28.34,0.0,34.58
4136,1997-09-27,28.38,0.0,36.09
4137,1997-09-28,28.69,0.0,36.84
4138,1997-09-29,27.44,2.23,47.01
4139,1997-09-30,27.35,2.02,44.26
4140,1997-10-01,27.04,0.19,49.46
4141,1997-10-02,28.26,0.25,47.71
4142,1997-10-03,26.84,0.06,52.4
4143,1997-10-04,25.98,7.12,55.96
4144,1997-10-05,24.18,0.87,60.83
4145,1997-10-06,24.91,0.01,52.92
4146,1997-10-07,25.89,0.0,46.69
4147,1997-10-08,26.06,0.06,45.09
4148,1997-10-09,26.64,0.0,41.73
4149,1997-10-10,26.54,0.05,41.55
4150,1997-10-11,26.14,0.15,43.99
4151,1997-10-12,25.86,0.0,44.64
4152,1997-10-13,25.73,0.0,39.88
4153,1997-10-14,25.3,0.0,39.63
4154,1997-10-15,25.41,0.0,36.03
4155,1997-10-16,25.11,0.0,37.04
4156,1997-10-17,25.51,0.02,39.67
4157,1997-10-18,25.16,0.08,43.99
4158,1997-10-19,23.19,0.48,54.89
4159,1997-10-20,22.1,11.24,69.65
4160,1997-10-21,22.7,8.72,63.14
4161,1997-10-22,22.55,0.02,52.75
4162,1997-10-23,20.76,0.07,58.01
4163,1997-10-24,21.79,0.01,51.72
4164,1997-10-25,22.22,0.08,47.5
4165,1997-10-26,20.64,0.0,50.63
4166,1997-10-27,22.0,0.0,48.82
4167,1997-10-28,21.38,2.12,60.64
4168,1997-10-29,21.54,0.01,58.43
4169,1997-10-30,20.65,0.0,61.06
4170,1997-10-31,21.59,0.0,50.07
4171,1997-11-01,21.44,0.0,46.58
4172,1997-11-02,21.72,0.0,40.73
4173,1997-11-03,22.08,0.0,35.61
4174,1997-11-04,21.43,0.0,39.67
4175,1997-11-05,21.93,0.0,36.12
4176,1997-11-06,22.25,0.0,33.77
4177,1997-11-07,22.06,0.0,35.55
4178,1997-11-08,22.08,0.0,35.86
4179,1997-11-09,19.73,3.2,51.35
4180,1997-11-10,20.55,0.13,52.48
4181,1997-11-11,19.84,0.0,51.56
4182,1997-11-12,18.67,0.0,45.04
4183,1997-11-13,18.94,0.0,40.48
4184,1997-11-14,18.72,0.0,37.97
4185,1997-11-15,19.2,0.0,35.83
4186,1997-11-16,18.99,0.0,37.29
4187,1997-11-17,18.65,0.0,44.51
4188,1997-11-18,18.51,0.0,42.71
4189,1997-11-19,18.96,0.0,42.02
4190,1997-11-20,18.51,0.0,40.6
4191,1997-11-21,17.98,0.0,37.3
4192,1997-11-22,18.04,0.0,35.71
4193,1997-11-23,16.94,0.0,47.08
4194,1997-11-24,16.3,0.58,53.09
4195,1997-11-25,15.33,17.2,72.76
4196,1997-11-26,16.4,1.66,69.43
4197,1997-11-27,15.53,0.6,58.42
4198,1997-11-28,15.83,0.0,51.67
4199,1997-11-29,15.77,0.0,46.59
4200,1997-11-30,15.58,1.41,46.86
4201,1997-12-01,13.98,0.07,60.35
4202,1997-12-02,14.91,0.0,46.09
4203,1997-12-03,15.43,0.0,40.73
4204,1997-12-04,15.69,0.0,41.82
4205,1997-12-05,15.91,0.0,44.11
4206,1997-12-06,16.3,0.0,45.84
4207,1997-12-07,18.38,0.05,46.27
4208,1997-12-08,16.59,5.73,72.64
4209,1997-12-09,15.0,8.06,85.31
4210,1997-12-10,14.8,0.15,73.29
4211,1997-12-11,13.99,0.0,67.26
4212,1997-12-12,14.21,0.0,53.18
4213,1997-12-13,14.19,0.41,59.81
4214,1997-12-14,13.57,0.0,67.65
4215,1997-12-15,13.28,0.0,64.96
4216,1997-12-16,14.3,0.0,51.82
4217,1997-12-17,13.36,0.0,51.09
4218,1997-12-18,12.87,0.0,49.25
4219,1997-12-19,11.89,0.0,51.76
4220,1997-12-20,11.1,0.0,56.2
4221,1997-12-21,10.91,0.0,50.06
4222,1997-12-22,10.57,0.0,51.11
4223,1997-12-23,11.71,0.0,47.39
4224,1997-12-24,11.15,0.07,56.0
4225,1997-12-25,12.15,0.0,48.97
4226,1997-12-26,12.17,0.0,44.89
4227,1997-12-27,12.18,0.0,42.84
4228,1997-12-28,13.65,0.0,41.0
4229,1997-12-29,13.06,0.94,50.29
4230,1997-12-30,10.56,0.01,69.07
4231,1997-12-31,9.31,0.0,47.21
4232,1998-01-01,8.28,0.0,39.41
4233,1998-01-02,8.5,0.0,39.24
4234,1998-01-03,9.24,0.0,36.73
4235,1998-01-04,8.2,0.0,44.29
4236,1998-01-05,12.06,0.0,39.21
4237,1998-01-06,13.33,0.0,45.12
4238,1998-01-07,12.26,0.01,55.67
4239,1998-01-08,14.26,0.0,47.13
4240,1998-01-09,13.95,0.0,47.73
4241,1998-01-10,13.69,0.0,40.15
4242,1998-01-11,14.75,0.0,36.41
4243,1998-01-12,15.27,0.1,48.2
4244,1998-01-13,13.03,0.0,67.44
4245,1998-01-14,11.81,0.0,54.38
4246,1998-01-15,13.07,0.22,52.03
4247,1998-01-16,9.96,0.02,41.94
4248,1998-01-17,10.5,0.0,35.29
4249,1998-01-18,10.13,0.0,34.67
4250,1998-01-19,10.13,0.0,35.85
4251,1998-01-20,11.25,0.0,30.54
4252,1998-01-21,10.9,0.0,34.75
4253,1998-01-22,11.38,0.0,31.62
4254,1998-01-23,11.45,0.0,32.24
4255,1998-01-24,11.65,0.0,33.99
4256,1998-01-25,11.42,0.0,37.16
4257,1998-01-26,12.32,0.0,32.91
4258,1998-01-27,12.1,0.0,36.5
4259,1998-01-28,13.73,0.0,39.5
4260,1998-01-29,15.39,0.0,46.28
4261,1998-01-30,13.45,0.0,44.14
4262,1998-01-31,13.06,0.0,50.73
4263,1998-02-01,14.46,1.52,58.94
4264,1998-02-02,15.83,7.62,60.41
4265,1998-02-03,14.55,0.0,46.16
4266,1998-02-04,13.42,0.0,37.45
4267,1998-02-05,13.71,0.0,30.94
4268,1998-02-06,14.66,0.0,25.69
4269,1998-02-07,14.53,0.0,24.53
4270,1998-02-08,14.53,0.0,24.33
4271,1998-02-09,14.85,0.0,30.98
4272,1998-02-10,17.13,0.0,34.44
4273,1998-02-11,17.9,0.0,35.91
4274,1998-02-12,17.99,0.0,34.98
4275,1998-02-13,18.06,0.0,33.93
4276,1998-02-14,16.41,2.36,47.61
4277,1998-02-15,18.88,0.26,54.56
4278,1998-02-16,18.03,0.0,47.57
4279,1998-02-17,17.77,0.03,40.97
4280,1998-02-18,17.48,1.31,48.57
4281,1998-02-19,14.75,0.0,37.06
4282,1998-02-20,15.09,0.0,39.58
4283,1998-02-21,16.43,0.0,36.85
4284,1998-02-22,16.91,0.0,26.85
4285,1998-02-23,15.13,0.32,39.68
4286,1998-02-24,12.77,14.01,84.42
4287,1998-02-25,14.04,1.83,74.25
4288,1998-02-26,14.41,0.0,58.58
4289,1998-02-27,14.66,0.0,45.48
4290,1998-02-28,15.62,0.38,45.32
4291,1998-03-01,17.11,0.0,37.74
4292,1998-03-02,16.17,0.0,38.61
4293,1998-03-03,15.98,1.18,54.04
4294,1998-03-04,16.0,1.34,69.39
4295,1998-03-05,17.69,2.17,64.15
4296,1998-03-06,17.29,0.22,49.41
4297,1998-03-07,15.56,0.0,35.34
4298,1998-03-08,16.03,0.0,28.11
4299,1998-03-09,17.89,0.0,27.3
4300,1998-03-10,19.69,0.0,27.01
4301,1998-03-11,17.69,2.38,44.12
4302,1998-03-12,17.83,5.66,60.3
4303,1998-03-13,16.94,0.03,63.07
4304,1998-03-14,17.85,0.0,44.9
4305,1998-03-15,19.69,0.0,33.98
4306,1998-03-16,21.73,0.0,26.9
4307,1998-03-17,21.29,0.0,31.74
4308,1998-03-18,20.34,0.0,40.09
4309,1998-03-19,19.44,0.1,41.16
4310,1998-03-20,21.57,0.0,39.97
4311,1998-03-21,21.04,0.0,49.09
4312,1998-03-22,23.99,0.0,39.52
4313,1998-03-23,23.38,0.0,28.06
4314,1998-03-24,20.04,0.0,21.24
4315,1998-03-25,20.15,0.0,17.81
4316,1998-03-26,23.43,0.0,17.09
4317,1998-03-27,24.44,0.0,20.34
4318,1998-03-28,25.4,0.0,22.73
4319,1998-03-29,25.51,0.0,24.23
4320,1998-03-30,24.11,0.18,32.79
4321,1998-03-31,26.7,0.0,21.86
4322,1998-04-01,26.86,0.0,22.83
4323,1998-04-02,28.24,0.0,23.1
4324,1998-04-03,26.98,1.12,30.04
4325,1998-04-04,27.28,0.02,37.96
4326,1998-04-05,28.19,0.0,27.07
4327,1998-04-06,29.04,0.0,23.54
4328,1998-04-07,28.98,0.0,25.05
4329,1998-04-08,27.9,1.98,28.35
4330,1998-04-09,26.09,1.12,39.11
4331,1998-04-10,26.29,0.01,25.52
4332,1998-04-11,26.18,0.0,22.03
4333,1998-04-12,26.03,0.0,23.09
4334,1998-04-13,27.05,0.0,20.26
4335,1998-04-14,28.63,0.0,17.01
4336,1998-04-15,28.73,0.0,17.43
4337,1998-04-16,29.35,0.0,15.82
4338,1998-04-17,29.64,0.0,14.18
4339,1998-04-18,31.44,0.0,13.31
4340,1998-04-19,32.34,0.0,13.09
4341,1998-04-20,33.03,0.0,14.06
4342,1998-04-21,33.35,0.0,17.12
4343,1998-04-22,33.14,0.01,16.92
4344,1998-04-23,32.86,0.0,18.02
4345,1998-04-24,33.61,0.0,16.85
4346,1998-04-25,33.88,3.21,19.28
4347,1998-04-26,31.05,2.32,33.57
4348,1998-04-27,31.23,0.0,29.4
4349,1998-04-28,31.38,0.0,21.89
4350,1998-04-29,33.16,0.04,15.85
4351,1998-04-30,32.62,0.31,22.12
4352,1998-05-01,33.9,0.0,22.07
4353,1998-05-02,34.24,0.0,24.51
4354,1998-05-03,35.38,0.02,24.09
4355,1998-05-04,34.27,0.0,22.96
4356,1998-05-05,33.62,0.0,15.4
4357,1998-05-06,31.5,1.13,22.47
4358,1998-05-07,31.09,0.39,30.81
4359,1998-05-08,28.13,1.22,36.79
4360,1998-05-09,28.07,0.0,33.61
4361,1998-05-10,29.86,0.0,23.55
4362,1998-05-11,31.09,0.0,22.57
4363,1998-05-12,32.72,0.0,19.06
4364,1998-05-13,34.34,0.0,17.41
4365,1998-05-14,35.41,0.0,14.53
4366,1998-05-15,36.22,0.0,12.09
4367,1998-05-16,37.46,0.0,11.22
4368,1998-05-17,37.22,0.0,13.31
4369,1998-05-18,37.15,0.0,15.14
4370,1998-05-19,36.7,0.28,17.64
4371,1998-05-20,37.27,0.0,12.29
4372,1998-05-21,37.8,0.0,9.55
4373,1998-05-22,38.47,0.0,10.2
4374,1998-05-23,38.6,0.0,9.81
4375,1998-05-24,38.4,0.0,11.48
4376,1998-05-25,39.77,0.0,12.97
4377,1998-05-26,39.56,0.0,8.68
4378,1998-05-27,39.17,0.07,8.63
4379,1998-05-28,37.45,0.0,9.13
4380,1998-05-29,36.07,0.02,7.76
4381,1998-05-30,35.86,0.0,7.68
4382,1998-05-31,37.87,0.0,8.11
4383,1998-06-01,37.99,0.0,11.55
4384,1998-06-02,36.94,0.0,14.0
4385,1998-06-03,35.79,0.62,15.35
4386,1998-06-04,36.92,0.0,16.48
4387,1998-06-05,37.23,0.19,14.17
4388,1998-06-06,37.54,0.0,15.34
4389,1998-06-07,38.31,0.32,19.17
4390,1998-06-08,37.24,0.12,17.01
4391,1998-06-09,34.99,0.0,29.73
4392,1998-06-10,32.15,3.68,39.69
4393,1998-06-11,27.1,23.66,68.55
4394,1998-06-12,31.36,0.24,52.06
4395,1998-06-13,32.97,0.0,37.32
4396,1998-06-14,34.16,0.0,30.97
4397,1998-06-15,35.64,0.0,24.8
4398,1998-06-16,35.4,0.0,26.76
4399,1998-06-17,33.42,3.21,45.05
4400,1998-06-18,33.58,7.14,42.36
4401,1998-06-19,35.54,0.0,29.07
4402,1998-06-20,36.76,0.0,25.28
4403,1998-06-21,36.22,0.0,25.04
4404,1998-06-22,36.32,0.0,27.8
4405,1998-06-23,37.35,0.8,27.49
4406,1998-06-24,37.69,0.04,26.84
4407,1998-06-25,38.97,0.0,25.06
4408,1998-06-26,39.72,0.0,23.49
4409,1998-06-27,38.86,0.04,26.21
4410,1998-06-28,37.36,0.29,35.12
4411,1998-06-29,36.87,0.09,40.13
4412,1998-06-30,34.94,1.17,49.57
4413,1998-07-01,35.44,1.49,49.67
4414,1998-07-02,34.13,0.13,53.66
4415,1998-07-03,33.62,0.6,54.46
4416,1998-07-04,35.85,2.34,47.15
4417,1998-07-05,36.39,1.57,47.67
4418,1998-07-06,35.15,16.0,52.64
4419,1998-07-07,34.15,7.28,56.6
4420,1998-07-08,35.89,1.41,48.73
4421,1998-07-09,36.56,2.66,46.84
4422,1998-07-10,36.32,10.88,50.09
4423,1998-07-11,34.84,6.11,54.31
4424,1998-07-12,33.17,21.41,59.88
4425,1998-07-13,31.0,5.21,70.51
4426,1998-07-14,32.74,0.58,57.72
4427,1998-07-15,31.84,6.54,63.66
4428,1998-07-16,31.64,10.12,67.53
4429,1998-07-17,33.56,0.66,57.75
4430,1998-07-18,34.78,1.05,50.59
4431,1998-07-19,34.06,1.99,54.68
4432,1998-07-20,33.96,7.19,54.49
4433,1998-07-21,33.8,5.09,54.65
4434,1998-07-22,35.13,0.0,47.0
4435,1998-07-23,36.14,0.05,41.99
4436,1998-07-24,34.3,0.32,47.21
4437,1998-07-25,35.75,0.96,43.29
4438,1998-07-26,35.76,0.59,41.62
4439,1998-07-27,36.22,0.01,38.23
4440,1998-07-28,36.26,0.04,36.99
4441,1998-07-29,34.62,0.11,51.04
4442,1998-07-30,34.36,0.05,52.81
4443,1998-07-31,34.62,0.01,51.84
4444,1998-08-01,34.77,0.97,50.56
4445,1998-08-02,34.73,1.09,51.36
4446,1998-08-03,35.3,2.07,49.51
4447,1998-08-04,35.95,0.31,48.75
4448,1998-08-05,35.5,1.03,47.01
4449,1998-08-06,34.25,3.81,52.69
4450,1998-08-07,34.32,5.49,54.14
4451,1998-08-08,34.89,0.0,49.55
4452,1998-08-09,35.2,0.21,50.22
4453,1998-08-10,34.86,0.16,53.72
4454,1998-08-11,33.42,16.71,60.49
4455,1998-08-12,33.41,7.72,58.97
4456,1998-08-13,32.89,6.17,60.89
4457,1998-08-14,31.22,1.86,69.17
4458,1998-08-15,31.31,2.48,66.63
4459,1998-08-16,32.27,2.06,59.51
4460,1998-08-17,33.96,0.4,50.55
4461,1998-08-18,34.65,0.47,45.58
4462,1998-08-19,34.35,0.59,47.97
4463,1998-08-20,33.79,0.78,51.4
4464,1998-08-21,34.25,0.27,47.65
4465,1998-08-22,32.6,8.14,60.36
4466,1998-08-23,32.65,0.46,60.03
4467,1998-08-24,33.14,0.02,54.82
4468,1998-08-25,32.37,2.68,58.15
4469,1998-08-26,31.4,2.76,62.82
4470,1998-08-27,31.43,3.05,61.34
4471,1998-08-28,31.01,1.4,62.33
4472,1998-08-29,32.91,0.08,53.54
4473,1998-08-30,34.85,0.03,41.74
4474,1998-08-31,34.76,0.02,37.75
4475,1998-09-01,34.39,0.0,33.18
4476,1998-09-02,33.25,0.56,42.01
4477,1998-09-03,33.94,0.27,41.47
4478,1998-09-04,34.05,0.05,39.83
4479,1998-09-05,34.04,0.0,41.18
4480,1998-09-06,34.67,0.0,38.24
4481,1998-09-07,33.36,2.53,45.26
4482,1998-09-08,33.43,0.12,48.08
4483,1998-09-09,33.27,2.07,47.04
4484,1998-09-10,34.08,0.1,38.42
4485,1998-09-11,32.64,4.29,46.41
4486,1998-09-12,31.57,1.74,52.14
4487,1998-09-13,28.89,6.15,60.63
4488,1998-09-14,29.82,1.09,57.3
4489,1998-09-15,31.42,0.01,50.25
4490,1998-09-16,31.75,0.04,51.3
4491,1998-09-17,30.68,3.03,56.62
4492,1998-09-18,31.88,0.83,53.01
4493,1998-09-19,32.67,0.42,44.93
4494,1998-09-20,31.47,1.96,57.96
4495,1998-09-21,29.5,2.51,67.12
4496,1998-09-22,28.41,5.97,73.6
4497,1998-09-23,28.64,6.25,71.16
4498,1998-09-24,28.06,3.36,68.44
4499,1998-09-25,29.98,0.3,59.0
4500,1998-09-26,31.4,0.07,51.89
4501,1998-09-27,32.2,0.01,49.14
4502,1998-09-28,31.68,0.0,39.59
4503,1998-09-29,31.61,0.0,35.75
4504,1998-09-30,31.33,0.18,36.4
4505,1998-10-01,29.92,2.41,47.4
4506,1998-10-02,30.05,0.9,50.66
4507,1998-10-03,30.2,0.05,49.2
4508,1998-10-04,29.0,3.02,56.53
4509,1998-10-05,28.79,0.12,53.4
4510,1998-10-06,29.2,0.0,39.63
4511,1998-10-07,29.97,0.0,35.42
4512,1998-10-08,30.09,0.0,29.27
4513,1998-10-09,28.91,0.0,31.88
4514,1998-10-10,28.1,0.26,36.3
4515,1998-10-11,28.51,0.0,28.97
4516,1998-10-12,27.49,0.0,30.02
4517,1998-10-13,27.8,0.0,21.73
4518,1998-10-14,26.6,0.0,24.51
4519,1998-10-15,22.89,1.05,45.33
4520,1998-10-16,20.71,5.3,72.93
4521,1998-10-17,22.79,13.82,77.59
4522,1998-10-18,24.48,0.69,68.81
4523,1998-10-19,26.44,0.0,50.97
4524,1998-10-20,25.42,0.0,35.46
4525,1998-10-21,24.71,0.0,30.53
4526,1998-10-22,25.37,0.0,29.33
4527,1998-10-23,25.33,0.0,30.72
4528,1998-10-24,24.94,0.0,32.97
4529,1998-10-25,25.22,0.03,30.13
4530,1998-10-26,24.91,0.0,30.77
4531,1998-10-27,24.72,0.0,25.98
4532,1998-10-28,23.73,0.0,25.4
4533,1998-10-29,24.35,0.0,23.16
4534,1998-10-30,23.52,0.0,26.69
4535,1998-10-31,23.56,0.0,23.14
4536,1998-11-01,22.08,0.0,27.42
4537,1998-11-02,22.11,0.0,20.52
4538,1998-11-03,22.86,0.0,17.42
4539,1998-11-04,22.98,0.0,17.89
4540,1998-11-05,22.26,0.0,27.53
4541,1998-11-06,22.46,0.0,44.46
4542,1998-11-07,23.56,0.03,44.9
4543,1998-11-08,23.24,0.0,44.32
4544,1998-11-09,21.28,0.0,48.95
4545,1998-11-10,21.44,0.0,31.86
4546,1998-11-11,21.86,0.0,20.65
4547,1998-11-12,22.0,0.0,19.01
4548,1998-11-13,21.15,0.0,18.58
4549,1998-11-14,21.12,0.0,19.59
4550,1998-11-15,20.19,0.0,26.08
4551,1998-11-16,20.31,0.0,20.02
4552,1998-11-17,20.83,0.0,16.2
4553,1998-11-18,21.92,0.0,18.52
4554,1998-11-19,20.9,0.0,25.68
4555,1998-11-20,20.13,0.0,22.28
4556,1998-11-21,19.72,0.0,17.82
4557,1998-11-22,20.84,0.0,23.21
4558,1998-11-23,20.62,0.0,31.32
4559,1998-11-24,19.76,0.0,23.68
4560,1998-11-25,19.63,0.0,17.25
4561,1998-11-26,19.43,0.0,16.64
4562,1998-11-27,19.77,0.0,14.94
4563,1998-11-28,19.25,0.0,13.84
4564,1998-11-29,18.46,0.0,13.42
4565,1998-11-30,17.35,0.0,13.35
4566,1998-12-01,16.23,0.0,15.37
4567,1998-12-02,16.94,0.0,18.61
4568,1998-12-03,18.72,0.0,17.79
4569,1998-12-04,18.84,0.0,19.76
4570,1998-12-05,19.19,0.0,21.78
4571,1998-12-06,19.76,0.0,20.64
4572,1998-12-07,18.91,0.0,17.65
4573,1998-12-08,18.43,0.0,17.09
4574,1998-12-09,18.36,0.0,15.92
4575,1998-12-10,16.78,0.0,17.43
4576,1998-12-11,14.57,0.0,25.01
4577,1998-12-12,15.72,0.0,17.92
4578,1998-12-13,15.31,0.0,18.77
4579,1998-12-14,16.41,0.0,24.76
4580,1998-12-15,17.12,0.0,20.6
4581,1998-12-16,16.96,0.0,17.88
4582,1998-12-17,16.07,0.0,18.08
4583,1998-12-18,15.14,0.0,18.77
4584,1998-12-19,13.27,0.0,28.72
4585,1998-12-20,13.37,0.0,41.71
4586,1998-12-21,13.93,0.0,43.5
4587,1998-12-22,14.83,0.0,35.99
4588,1998-12-23,15.9,0.0,32.2
4589,1998-12-24,14.66,0.0,31.95
4590,1998-12-25,13.39,0.0,24.86
4591,1998-12-26,13.61,0.0,19.62
4592,1998-12-27,14.3,0.0,18.77
4593,1998-12-28,15.43,0.0,19.61
4594,1998-12-29,14.46,0.0,27.22
4595,1998-12-30,15.05,0.0,28.85
4596,1998-12-31,13.45,0.0,41.72
4597,1999-01-01,13.15,0.0,24.21
4598,1999-01-02,14.33,0.0,14.83
4599,1999-01-03,14.35,0.0,21.64
4600,1999-01-04,13.44,0.0,34.77
4601,1999-01-05,14.21,0.06,42.32
4602,1999-01-06,12.86,19.42,65.31
4603,1999-01-07,11.57,1.58,77.01
4604,1999-01-08,11.12,0.03,76.65
4605,1999-01-09,10.82,0.0,69.06
4606,1999-01-10,10.52,0.0,53.76
4607,1999-01-11,13.46,0.0,37.08
4608,1999-01-12,11.23,0.0,44.91
4609,1999-01-13,11.92,0.0,44.08
4610,1999-01-14,11.87,0.0,46.09
4611,1999-01-15,13.02,0.0,41.71
4612,1999-01-16,13.35,0.0,40.31
4613,1999-01-17,13.16,0.0,40.37
4614,1999-01-18,13.14,0.0,38.82
4615,1999-01-19,14.02,0.0,40.27
4616,1999-01-20,13.16,1.18,57.37
4617,1999-01-21,15.0,1.35,56.73
4618,1999-01-22,15.89,0.04,50.38
4619,1999-01-23,15.89,0.7,50.54
4620,1999-01-24,13.94,0.59,64.27
4621,1999-01-25,13.23,0.0,65.92
4622,1999-01-26,11.39,0.0,61.94
4623,1999-01-27,14.1,4.77,52.97
4624,1999-01-28,10.72,6.24,85.98
4625,1999-01-29,12.22,0.0,68.55
4626,1999-01-30,12.82,0.0,58.39
4627,1999-01-31,12.98,0.0,48.45
4628,1999-02-01,13.06,0.0,39.32
4629,1999-02-02,13.08,0.0,37.22
4630,1999-02-03,12.14,0.0,37.9
4631,1999-02-04,11.46,0.0,39.51
4632,1999-02-05,13.35,0.0,33.06
4633,1999-02-06,14.23,0.0,36.19
4634,1999-02-07,14.48,0.12,36.71
4635,1999-02-08,14.21,0.24,67.32
4636,1999-02-09,16.99,0.01,61.79
4637,1999-02-10,19.94,0.0,45.7
4638,1999-02-11,21.12,0.0,38.61
4639,1999-02-12,19.44,0.0,45.22
4640,1999-02-13,18.64,0.0,51.31
4641,1999-02-14,18.04,0.0,46.62
4642,1999-02-15,18.99,0.0,39.59
4643,1999-02-16,19.27,0.0,40.73
4644,1999-02-17,20.04,0.18,46.64
4645,1999-02-18,19.57,0.08,54.72
4646,1999-02-19,18.92,0.09,49.87
4647,1999-02-20,18.02,0.0,43.65
4648,1999-02-21,18.02,0.0,38.13
4649,1999-02-22,18.48,0.0,39.66
4650,1999-02-23,17.47,1.04,53.37
4651,1999-02-24,18.7,0.02,57.13
4652,1999-02-25,17.99,0.0,40.32
4653,1999-02-26,16.61,0.0,34.35
4654,1999-02-27,16.43,0.0,29.56
4655,1999-02-28,18.19,0.0,26.58
4656,1999-03-01,18.65,0.0,26.94
4657,1999-03-02,20.84,0.0,30.38
4658,1999-03-03,22.38,0.0,34.59
4659,1999-03-04,23.74,0.19,31.64
4660,1999-03-05,23.13,0.02,31.39
4661,1999-03-06,23.18,0.12,33.63
4662,1999-03-07,24.61,0.23,36.12
4663,1999-03-08,23.93,1.32,34.36
4664,1999-03-09,20.72,0.0,41.72
4665,1999-03-10,21.49,0.0,31.04
4666,1999-03-11,20.61,0.0,25.3
4667,1999-03-12,20.54,0.0,22.66
4668,1999-03-13,20.02,0.0,19.59
4669,1999-03-14,20.23,0.0,16.11
4670,1999-03-15,21.9,0.0,15.06
4671,1999-03-16,24.03,0.0,10.74
4672,1999-03-17,23.97,0.0,13.48
4673,1999-03-18,22.87,0.0,15.07
4674,1999-03-19,22.16,0.0,11.7
4675,1999-03-20,21.97,0.01,15.32
4676,1999-03-21,20.51,0.0,22.19
4677,1999-03-22,22.13,0.0,19.35
4678,1999-03-23,24.62,0.0,15.77
4679,1999-03-24,26.4,0.0,16.95
4680,1999-03-25,26.81,0.02,20.54
4681,1999-03-26,25.04,0.0,18.44
4682,1999-03-27,23.99,0.0,12.23
4683,1999-03-28,26.9,0.0,11.11
4684,1999-03-29,29.5,0.0,12.1
4685,1999-03-30,29.36,0.0,10.82
4686,1999-03-31,29.66,0.0,12.53
4687,1999-04-01,29.55,0.18,12.53
4688,1999-04-02,28.09,0.2,14.57
4689,1999-04-03,25.71,0.0,9.17
4690,1999-04-04,25.91,0.0,9.32
4691,1999-04-05,27.8,0.0,9.72
4692,1999-04-06,30.18,0.0,9.43
4693,1999-04-07,29.34,0.0,16.6
4694,1999-04-08,30.82,0.0,16.89
4695,1999-04-09,30.55,0.0,15.4
4696,1999-04-10,31.94,0.0,12.5
4697,1999-04-11,32.9,0.0,11.61
4698,1999-04-12,30.73,0.0,11.3
4699,1999-04-13,28.19,0.0,6.22
4700,1999-04-14,26.54,0.0,5.51
4701,1999-04-15,26.43,0.0,9.3
4702,1999-04-16,27.79,0.0,8.51
4703,1999-04-17,30.31,0.0,9.9
4704,1999-04-18,31.93,0.0,9.94
4705,1999-04-19,32.08,0.0,8.43
4706,1999-04-20,33.28,0.0,7.44
4707,1999-04-21,32.8,0.0,11.4
4708,1999-04-22,32.22,0.0,12.39
4709,1999-04-23,32.45,0.0,10.93
4710,1999-04-24,33.38,0.0,8.82
4711,1999-04-25,33.58,0.0,8.89
4712,1999-04-26,33.7,0.0,6.87
4713,1999-04-27,33.16,0.0,5.44
4714,1999-04-28,33.9,0.0,4.95
4715,1999-04-29,35.14,0.0,6.92
4716,1999-04-30,35.62,0.0,7.81
4717,1999-05-01,34.59,0.0,9.46
4718,1999-05-02,35.54,0.0,8.4
4719,1999-05-03,34.88,0.0,7.68
4720,1999-05-04,35.24,0.18,8.72
4721,1999-05-05,36.42,0.0,11.13
4722,1999-05-06,35.62,0.0,13.15
4723,1999-05-07,35.39,0.0,14.36
4724,1999-05-08,36.03,0.02,13.22
4725,1999-05-09,35.19,0.0,13.53
4726,1999-05-10,35.09,0.01,13.13
4727,1999-05-11,35.37,0.24,15.64
4728,1999-05-12,35.21,0.25,19.72
4729,1999-05-13,33.36,3.07,24.24
4730,1999-05-14,33.53,0.0,22.97
4731,1999-05-15,35.47,0.0,17.77
4732,1999-05-16,36.68,0.0,13.33
4733,1999-05-17,37.21,0.0,12.25
4734,1999-05-18,38.13,0.0,11.29
4735,1999-05-19,37.98,0.0,10.61
4736,1999-05-20,37.55,0.04,18.36
4737,1999-05-21,36.11,0.06,24.99
4738,1999-05-22,34.49,0.6,30.37
4739,1999-05-23,33.65,1.38,34.73
4740,1999-05-24,30.58,0.88,49.44
4741,1999-05-25,34.79,0.0,29.0
4742,1999-05-26,35.23,0.0,17.51
4743,1999-05-27,35.68,0.0,11.03
4744,1999-05-28,35.4,0.0,9.65
4745,1999-05-29,35.22,0.0,12.47
4746,1999-05-30,35.49,0.0,18.59
4747,1999-05-31,35.29,0.1,20.82
4748,1999-06-01,33.7,0.52,22.58
4749,1999-06-02,34.88,3.78,17.15
4750,1999-06-03,30.68,3.01,41.03
4751,1999-06-04,32.94,1.42,36.71
4752,1999-06-05,32.66,2.29,34.63
4753,1999-06-06,34.17,0.0,24.35
4754,1999-06-07,36.64,0.0,22.92
4755,1999-06-08,35.94,6.77,31.54
4756,1999-06-09,37.46,0.0,27.18
4757,1999-06-10,37.58,1.92,24.1
4758,1999-06-11,36.72,3.52,25.52
4759,1999-06-12,35.86,4.23,30.38
4760,1999-06-13,36.48,0.03,22.51
4761,1999-06-14,36.5,0.0,19.84
4762,1999-06-15,37.86,0.0,19.57
4763,1999-06-16,37.92,0.0,17.73
4764,1999-06-17,37.61,0.54,23.61
4765,1999-06-18,38.61,0.0,27.02
4766,1999-06-19,37.41,11.43,37.08
4767,1999-06-20,35.55,3.34,44.24
4768,1999-06-21,35.25,5.52,39.16
4769,1999-06-22,36.15,0.77,35.15
4770,1999-06-23,37.14,0.0,30.55
4771,1999-06-24,37.6,0.0,26.27
4772,1999-06-25,37.73,0.0,27.5
4773,1999-06-26,38.75,0.0,24.96
4774,1999-06-27,38.96,0.36,24.94
4775,1999-06-28,36.76,3.51,33.82
4776,1999-06-29,36.74,1.98,32.87
4777,1999-06-30,37.92,0.26,31.01
4778,1999-07-01,38.51,0.0,30.45
4779,1999-07-02,39.36,0.32,28.78
4780,1999-07-03,37.72,0.23,29.77
4781,1999-07-04,37.48,0.13,28.29
4782,1999-07-05,38.23,0.02,26.07
4783,1999-07-06,39.08,0.01,24.09
4784,1999-07-07,38.38,1.23,25.48
4785,1999-07-08,38.71,0.07,25.45
4786,1999-07-09,39.86,0.0,23.4
4787,1999-07-10,39.78,0.39,24.51
4788,1999-07-11,39.56,1.33,26.84
4789,1999-07-12,34.86,11.0,41.35
4790,1999-07-13,34.8,0.0,41.79
4791,1999-07-14,35.7,0.0,33.27
4792,1999-07-15,37.22,0.0,26.57
4793,1999-07-16,37.15,0.02,29.85
4794,1999-07-17,37.97,0.01,31.57
4795,1999-07-18,37.67,0.04,35.89
4796,1999-07-19,35.31,0.51,45.71
4797,1999-07-20,31.35,19.28,66.11
4798,1999-07-21,29.36,5.33,75.27
4799,1999-07-22,32.94,0.02,54.73
4800,1999-07-23,34.2,4.19,46.91
4801,1999-07-24,35.87,0.03,41.08
4802,1999-07-25,36.6,0.0,36.5
4803,1999-07-26,36.92,0.0,32.16
4804,1999-07-27,36.66,0.12,33.22
4805,1999-07-28,33.24,0.6,51.43
4806,1999-07-29,31.16,2.53,59.77
4807,1999-07-30,32.04,1.62,56.77
4808,1999-07-31,31.9,12.85,61.24
4809,1999-08-01,33.23,0.37,55.03
4810,1999-08-02,34.95,0.37,47.91
4811,1999-08-03,34.4,4.23,50.26
4812,1999-08-04,34.18,0.68,51.31
4813,1999-08-05,35.27,6.27,46.43
4814,1999-08-06,35.85,0.47,44.22
4815,1999-08-07,35.34,0.15,43.84
4816,1999-08-08,36.32,0.55,39.25
4817,1999-08-09,35.94,0.22,41.94
4818,1999-08-10,34.61,0.85,49.93
4819,1999-08-11,33.15,25.58,55.84
4820,1999-08-12,31.92,49.61,63.04
4821,1999-08-13,30.39,20.24,68.86
4822,1999-08-14,31.78,0.0,56.67
4823,1999-08-15,32.79,0.05,49.94
4824,1999-08-16,33.19,0.04,46.07
4825,1999-08-17,33.08,0.0,44.34
4826,1999-08-18,32.26,0.0,46.6
4827,1999-08-19,32.39,0.11,49.28
4828,1999-08-20,32.8,0.19,52.67
4829,1999-08-21,32.73,0.16,46.83
4830,1999-08-22,33.06,0.13,45.32
4831,1999-08-23,33.59,0.0,43.14
4832,1999-08-24,33.47,0.0,42.57
4833,1999-08-25,33.15,0.0,41.8
4834,1999-08-26,32.76,1.29,44.26
4835,1999-08-27,32.54,2.02,48.3
4836,1999-08-28,32.72,0.01,43.98
4837,1999-08-29,33.01,0.23,42.34
4838,1999-08-30,33.59,0.01,39.88
4839,1999-08-31,33.48,0.02,39.88
4840,1999-09-01,33.65,0.25,40.46
4841,1999-09-02,33.66,0.26,40.31
4842,1999-09-03,33.68,0.54,40.49
4843,1999-09-04,33.55,0.0,37.37
4844,1999-09-05,33.1,2.06,41.7
4845,1999-09-06,31.51,2.98,56.06
4846,1999-09-07,32.26,0.35,50.95
4847,1999-09-08,33.5,0.2,39.48
4848,1999-09-09,32.26,0.36,44.65
4849,1999-09-10,30.64,9.29,59.49
4850,1999-09-11,32.4,0.0,48.89
4851,1999-09-12,32.47,0.22,41.78
4852,1999-09-13,32.69,0.13,40.1
4853,1999-09-14,31.51,5.37,51.28
4854,1999-09-15,32.52,0.15,48.11
4855,1999-09-16,33.42,0.58,43.9
4856,1999-09-17,32.69,0.51,42.38
4857,1999-09-18,32.8,0.25,41.49
4858,1999-09-19,32.9,2.1,43.6
4859,1999-09-20,32.32,0.85,45.85
4860,1999-09-21,32.85,0.0,36.46
4861,1999-09-22,32.52,0.0,33.86
4862,1999-09-23,32.12,0.01,42.89
4863,1999-09-24,31.78,0.01,47.74
4864,1999-09-25,32.3,0.0,41.59
4865,1999-09-26,32.63,0.0,32.95
4866,1999-09-27,31.73,0.05,32.38
4867,1999-09-28,30.81,0.02,41.83
4868,1999-09-29,30.03,21.21,53.42
4869,1999-09-30,29.32,3.75,51.35
4870,1999-10-01,29.4,0.2,40.35
4871,1999-10-02,29.31,0.0,33.8
4872,1999-10-03,28.11,0.66,53.07
4873,1999-10-04,28.77,0.05,43.72
4874,1999-10-05,28.15,0.42,47.41
4875,1999-10-06,29.23,0.03,30.71
4876,1999-10-07,28.69,0.0,30.37
4877,1999-10-08,28.34,0.0,27.52
4878,1999-10-09,26.97,0.0,27.04
4879,1999-10-10,27.01,0.0,24.86
4880,1999-10-11,26.68,0.0,24.65
4881,1999-10-12,26.67,0.0,22.88
4882,1999-10-13,26.06,0.0,23.41
4883,1999-10-14,25.68,0.0,23.16
4884,1999-10-15,24.8,0.0,24.9
4885,1999-10-16,25.52,0.0,22.6
4886,1999-10-17,26.02,0.0,21.34
4887,1999-10-18,24.98,0.0,25.76
4888,1999-10-19,25.2,0.0,27.8
4889,1999-10-20,25.36,0.0,23.59
4890,1999-10-21,25.31,0.0,23.84
4891,1999-10-22,25.52,0.0,23.36
4892,1999-10-23,25.33,0.0,20.18
4893,1999-10-24,25.18,0.0,20.86
4894,1999-10-25,24.87,0.0,20.91
4895,1999-10-26,25.14,0.0,20.18
4896,1999-10-27,25.35,0.0,20.37
4897,1999-10-28,25.89,0.0,21.57
4898,1999-10-29,26.15,0.0,21.84
4899,1999-10-30,25.86,0.0,20.76
4900,1999-10-31,24.63,0.0,21.66
4901,1999-11-01,25.19,0.0,21.03
4902,1999-11-02,25.83,0.0,17.08
4903,1999-11-03,25.02,0.0,18.02
4904,1999-11-04,24.83,0.02,21.42
4905,1999-11-05,24.41,0.68,25.27
4906,1999-11-06,25.88,0.09,24.78
4907,1999-11-07,21.19,0.58,21.71
4908,1999-11-08,21.26,0.0,21.52
4909,1999-11-09,20.75,0.0,19.31
4910,1999-11-10,21.14,0.0,17.16
4911,1999-11-11,21.54,0.0,20.01
4912,1999-11-12,20.89,0.0,19.36
4913,1999-11-13,21.4,0.0,21.31
4914,1999-11-14,22.39,0.18,29.42
4915,1999-11-15,21.27,0.0,27.51
4916,1999-11-16,21.27,0.0,19.51
4917,1999-11-17,20.87,0.0,15.97
4918,1999-11-18,19.8,0.0,14.55
4919,1999-11-19,19.16,0.0,14.75
4920,1999-11-20,19.65,0.0,15.14
4921,1999-11-21,19.06,0.0,16.88
4922,1999-11-22,20.22,0.0,16.2
4923,1999-11-23,20.39,0.0,18.86
4924,1999-11-24,17.57,0.0,24.8
4925,1999-11-25,18.92,0.0,24.67
4926,1999-11-26,18.24,0.0,24.65
4927,1999-11-27,16.91,0.0,21.96
4928,1999-11-28,18.03,0.0,18.96
4929,1999-11-29,19.72,0.0,19.31
4930,1999-11-30,20.33,0.0,18.11
4931,1999-12-01,18.08,0.0,20.02
4932,1999-12-02,18.14,0.0,20.17
4933,1999-12-03,19.01,0.0,17.61
4934,1999-12-04,18.74,0.0,16.52
4935,1999-12-05,17.76,0.0,18.64
4936,1999-12-06,17.16,0.0,19.99
4937,1999-12-07,16.31,0.0,22.7
4938,1999-12-08,16.38,0.0,21.67
4939,1999-12-09,15.37,0.0,20.55
4940,1999-12-10,14.48,0.0,21.31
4941,1999-12-11,16.2,0.0,17.23
4942,1999-12-12,16.26,0.0,16.16
4943,1999-12-13,15.69,0.0,18.08
4944,1999-12-14,15.67,0.0,16.7
4945,1999-12-15,15.11,0.0,16.05
4946,1999-12-16,15.67,0.0,18.71
4947,1999-12-17,18.22,0.0,18.32
4948,1999-12-18,17.26,0.0,20.77
4949,1999-12-19,15.88,0.0,22.68
4950,1999-12-20,15.74,0.0,22.61
4951,1999-12-21,14.97,0.0,20.15
4952,1999-12-22,16.78,0.0,15.9
4953,1999-12-23,17.49,0.0,13.0
4954,1999-12-24,16.07,0.0,13.42
4955,1999-12-25,16.29,0.0,13.07
4956,1999-12-26,15.29,0.0,14.8
4957,1999-12-27,13.62,0.0,18.54
4958,1999-12-28,14.79,0.0,17.34
4959,1999-12-29,15.4,0.0,15.68
4960,1999-12-30,15.15,0.0,16.87
4961,1999-12-31,15.94,0.0,17.57
4962,2000-01-01,14.68,0.0,19.98
4963,2000-01-02,15.17,0.0,19.3
4964,2000-01-03,14.43,0.0,19.83
4965,2000-01-04,14.93,0.0,20.5
4966,2000-01-05,13.94,0.0,22.17
4967,2000-01-06,13.86,0.0,22.0
4968,2000-01-07,15.39,0.0,17.57
4969,2000-01-08,15.6,0.0,17.2
4970,2000-01-09,15.31,0.0,29.4
4971,2000-01-10,15.28,0.0,49.49
4972,2000-01-11,16.55,0.95,38.79
4973,2000-01-12,16.04,23.83,50.62
4974,2000-01-13,14.15,0.68,62.95
4975,2000-01-14,8.85,0.42,42.69
4976,2000-01-15,9.46,0.0,37.6
4977,2000-01-16,8.51,0.0,42.35
4978,2000-01-17,8.88,0.0,40.58
4979,2000-01-18,12.37,0.0,39.05
4980,2000-01-19,13.81,0.0,49.21
4981,2000-01-20,11.42,0.0,55.48
4982,2000-01-21,15.05,0.0,43.24
4983,2000-01-22,16.87,0.0,42.16
4984,2000-01-23,14.96,0.0,49.95
4985,2000-01-24,15.71,0.01,42.65
4986,2000-01-25,15.19,4.47,53.1
4987,2000-01-26,15.06,0.1,62.13
4988,2000-01-27,13.61,0.17,59.98
4989,2000-01-28,12.88,0.02,50.2
4990,2000-01-29,12.37,0.0,42.58
4991,2000-01-30,16.19,0.0,30.69
4992,2000-01-31,14.58,0.5,35.32
4993,2000-02-01,13.57,0.75,43.15
4994,2000-02-02,12.36,0.07,50.83
4995,2000-02-03,14.33,0.0,43.2
4996,2000-02-04,13.87,1.96,43.19
4997,2000-02-05,12.02,0.78,74.9
4998,2000-02-06,12.76,0.15,68.91
4999,2000-02-07,14.28,0.0,54.9
5000,2000-02-08,13.74,0.0,50.78
5001,2000-02-09,14.4,0.65,47.72
5002,2000-02-10,12.7,6.93,74.87
5003,2000-02-11,11.42,6.76,85.97
5004,2000-02-12,11.82,0.12,62.03
5005,2000-02-13,11.24,0.0,54.74
5006,2000-02-14,12.79,0.0,45.49
5007,2000-02-15,14.87,0.0,34.28
5008,2000-02-16,15.03,0.0,31.25
5009,2000-02-17,14.01,0.0,34.79
5010,2000-02-18,13.48,0.0,34.73
5011,2000-02-19,13.16,0.0,35.91
5012,2000-02-20,13.75,0.3,37.36
5013,2000-02-21,13.83,0.0,40.85
5014,2000-02-22,13.57,0.0,37.49
5015,2000-02-23,13.96,0.0,35.25
5016,2000-02-24,13.66,0.0,35.66
5017,2000-02-25,14.06,0.0,34.42
5018,2000-02-26,15.35,0.0,28.93
5019,2000-02-27,16.47,0.0,27.48
5020,2000-02-28,18.38,0.0,30.22
5021,2000-02-29,18.66,0.0,39.16
5022,2000-03-01,20.25,0.0,38.92
5023,2000-03-02,19.1,0.0,34.26
5024,2000-03-03,19.42,0.0,28.25
5025,2000-03-04,19.82,0.0,26.01
5026,2000-03-05,16.53,0.0,32.87
5027,2000-03-06,16.18,0.0,28.15
5028,2000-03-07,16.99,0.0,24.84
5029,2000-03-08,17.0,0.0,27.79
5030,2000-03-09,17.59,0.0,29.3
5031,2000-03-10,20.62,0.0,20.5
5032,2000-03-11,22.13,0.0,22.44
5033,2000-03-12,21.1,0.0,25.95
5034,2000-03-13,20.02,0.13,29.77
5035,2000-03-14,19.42,0.05,21.93
5036,2000-03-15,19.94,0.0,21.8
5037,2000-03-16,21.86,0.0,19.6
5038,2000-03-17,22.63,0.05,16.97
5039,2000-03-18,20.31,0.04,18.26
5040,2000-03-19,19.78,0.0,17.21
5041,2000-03-20,20.67,0.0,14.71
5042,2000-03-21,21.35,0.09,27.08
5043,2000-03-22,22.29,0.61,31.9
5044,2000-03-23,21.93,0.0,30.36
5045,2000-03-24,20.33,1.57,34.99
5046,2000-03-25,21.86,0.0,21.63
5047,2000-03-26,24.11,0.0,18.24
5048,2000-03-27,24.98,0.0,16.46
5049,2000-03-28,26.55,0.0,14.21
5050,2000-03-29,28.13,0.0,15.73
5051,2000-03-30,27.94,0.0,18.45
5052,2000-03-31,28.84,0.01,15.28
5053,2000-04-01,27.05,0.0,18.41
5054,2000-04-02,25.96,0.0,13.98
5055,2000-04-03,27.64,0.0,11.69
5056,2000-04-04,29.3,0.0,8.96
5057,2000-04-05,26.76,0.0,7.69
5058,2000-04-06,25.66,0.0,7.2
5059,2000-04-07,27.26,0.0,8.19
5060,2000-04-08,28.65,0.0,14.55
5061,2000-04-09,27.8,0.0,13.3
5062,2000-04-10,28.67,0.0,7.85
5063,2000-04-11,30.53,0.0,6.63
5064,2000-04-12,32.85,0.0,6.09
5065,2000-04-13,32.4,0.0,7.82
5066,2000-04-14,33.35,0.15,12.65
5067,2000-04-15,32.25,0.03,17.11
5068,2000-04-16,31.89,0.0,14.34
5069,2000-04-17,32.96,0.0,12.9
5070,2000-04-18,34.25,0.0,11.58
5071,2000-04-19,34.7,0.01,12.28
5072,2000-04-20,34.71,0.0,14.57
5073,2000-04-21,33.83,0.11,16.82
5074,2000-04-22,33.84,0.0,16.48
5075,2000-04-23,33.2,0.0,17.8
5076,2000-04-24,33.36,0.0,16.78
5077,2000-04-25,34.67,0.0,13.73
5078,2000-04-26,35.16,0.02,12.64
5079,2000-04-27,34.39,0.0,12.56
5080,2000-04-28,32.56,0.32,15.31
5081,2000-04-29,32.78,0.0,11.98
5082,2000-04-30,33.31,0.0,9.72
5083,2000-05-01,34.14,0.0,7.6
5084,2000-05-02,34.42,0.0,7.34
5085,2000-05-03,37.08,0.0,7.46
5086,2000-05-04,36.67,0.01,9.96
5087,2000-05-05,33.82,2.07,17.04
5088,2000-05-06,33.51,2.42,23.36
5089,2000-05-07,31.1,2.1,36.82
5090,2000-05-08,32.09,0.0,32.88
5091,2000-05-09,34.44,0.0,29.22
5092,2000-05-10,36.22,0.0,24.16
5093,2000-05-11,37.55,0.0,20.31
5094,2000-05-12,37.99,0.0,22.2
5095,2000-05-13,37.31,2.64,27.68
5096,2000-05-14,36.47,0.21,29.37
5097,2000-05-15,38.38,0.01,26.48
5098,2000-05-16,37.42,0.05,21.87
5099,2000-05-17,36.95,0.0,21.6
5100,2000-05-18,37.55,0.0,20.19
5101,2000-05-19,38.09,0.48,20.22
5102,2000-05-20,39.35,0.0,15.53
5103,2000-05-21,38.39,0.02,15.97
5104,2000-05-22,37.17,0.0,23.88
5105,2000-05-23,37.98,0.32,22.0
5106,2000-05-24,37.82,0.0,20.63
5107,2000-05-25,38.42,0.0,18.12
5108,2000-05-26,37.42,5.96,23.43
5109,2000-05-27,37.35,0.0,22.61
5110,2000-05-28,37.23,0.01,19.45
5111,2000-05-29,37.61,0.0,18.5
5112,2000-05-30,37.08,0.0,19.62
5113,2000-05-31,36.17,3.29,25.68
5114,2000-06-01,37.18,0.0,24.54
5115,2000-06-02,38.31,0.02,20.23
5116,2000-06-03,37.45,0.05,21.58
5117,2000-06-04,36.7,6.11,28.92
5118,2000-06-05,35.02,2.03,36.42
5119,2000-06-06,36.54,0.13,23.91
5120,2000-06-07,32.21,23.87,51.58
5121,2000-06-08,30.51,32.22,59.88
5122,2000-06-09,30.48,10.88,51.22
5123,2000-06-10,31.87,0.34,43.33
5124,2000-06-11,33.57,0.0,36.42
5125,2000-06-12,35.21,0.0,32.85
5126,2000-06-13,36.16,0.41,30.89
5127,2000-06-14,35.8,0.8,35.51
5128,2000-06-15,36.12,0.03,35.59
5129,2000-06-16,36.03,0.08,35.1
5130,2000-06-17,35.04,0.08,35.0
5131,2000-06-18,35.36,0.0,30.99
5132,2000-06-19,34.77,0.0,33.31
5133,2000-06-20,35.45,0.1,37.96
5134,2000-06-21,35.96,1.14,36.43
5135,2000-06-22,36.01,0.91,29.43
5136,2000-06-23,33.31,10.79,45.48
5137,2000-06-24,34.78,0.15,41.05
5138,2000-06-25,35.78,0.01,37.24
5139,2000-06-26,35.17,0.21,38.31
5140,2000-06-27,36.18,0.41,37.16
5141,2000-06-28,36.47,0.0,35.45
5142,2000-06-29,35.82,0.02,39.63
5143,2000-06-30,34.33,0.16,50.38
5144,2000-07-01,33.93,9.25,51.96
5145,2000-07-02,33.22,5.63,50.28
5146,2000-07-03,34.49,0.42,44.05
5147,2000-07-04,35.65,0.16,41.5
5148,2000-07-05,36.87,0.0,34.98
5149,2000-07-06,38.1,0.0,30.78
5150,2000-07-07,39.21,0.09,33.46
5151,2000-07-08,37.5,0.24,38.01
5152,2000-07-09,35.78,4.96,45.68
5153,2000-07-10,35.7,8.32,45.83
5154,2000-07-11,35.49,2.47,46.42
5155,2000-07-12,33.93,0.62,48.63
5156,2000-07-13,33.56,1.41,50.28
5157,2000-07-14,32.61,10.89,57.47
5158,2000-07-15,30.6,7.12,67.78
5159,2000-07-16,30.59,8.13,69.55
5160,2000-07-17,29.34,15.4,79.45
5161,2000-07-18,31.7,8.51,63.36
5162,2000-07-19,31.88,0.73,60.64
5163,2000-07-20,32.65,0.58,57.79
5164,2000-07-21,31.47,9.66,64.05
5165,2000-07-22,28.86,7.02,73.27
5166,2000-07-23,29.15,20.26,72.36
5167,2000-07-24,28.97,28.27,79.21
5168,2000-07-25,31.79,3.03,62.74
5169,2000-07-26,33.43,0.2,52.38
5170,2000-07-27,33.12,0.01,48.92
5171,2000-07-28,30.78,0.01,61.53
5172,2000-07-29,31.18,0.01,59.5
5173,2000-07-30,30.73,5.02,64.4
5174,2000-07-31,32.16,1.2,58.67
5175,2000-08-01,32.62,0.95,53.39
5176,2000-08-02,31.74,0.68,53.59
5177,2000-08-03,31.84,0.79,54.7
5178,2000-08-04,32.59,0.08,50.75
5179,2000-08-05,33.89,0.0,45.36
5180,2000-08-06,34.64,0.0,44.19
5181,2000-08-07,34.5,0.01,43.86
5182,2000-08-08,34.88,0.0,41.57
5183,2000-08-09,33.56,0.07,45.29
5184,2000-08-10,32.79,2.98,52.94
5185,2000-08-11,31.33,0.59,61.65
5186,2000-08-12,32.02,2.56,58.05
5187,2000-08-13,32.85,1.09,54.21
5188,2000-08-14,34.17,0.89,48.2
5189,2000-08-15,34.31,0.75,47.72
5190,2000-08-16,34.86,2.44,46.71
5191,2000-08-17,35.36,0.09,42.57
5192,2000-08-18,34.13,1.83,45.52
5193,2000-08-19,32.43,4.57,58.45
5194,2000-08-20,33.73,0.13,49.39
5195,2000-08-21,34.14,0.77,43.62
5196,2000-08-22,33.35,0.7,47.36
5197,2000-08-23,32.72,1.27,53.39
5198,2000-08-24,33.42,0.26,52.5
5199,2000-08-25,34.59,0.04,50.28
5200,2000-08-26,32.29,0.0,58.53
5201,2000-08-27,33.67,0.49,52.78
5202,2000-08-28,35.26,2.42,44.63
5203,2000-08-29,35.49,1.42,43.88
5204,2000-08-30,33.6,16.29,52.17
5205,2000-08-31,32.67,6.4,54.94
5206,2000-09-01,33.19,0.05,48.5
5207,2000-09-02,33.97,0.01,44.11
5208,2000-09-03,33.64,0.29,45.72
5209,2000-09-04,33.89,0.31,50.78
5210,2000-09-05,33.64,1.72,49.14
5211,2000-09-06,33.92,0.05,43.5
5212,2000-09-07,32.96,5.87,49.87
5213,2000-09-08,33.44,1.29,40.92
5214,2000-09-09,32.27,12.59,49.93
5215,2000-09-10,31.25,4.25,53.39
5216,2000-09-11,31.21,0.04,44.28
5217,2000-09-12,31.51,0.0,39.6
5218,2000-09-13,31.45,0.1,38.28
5219,2000-09-14,31.66,0.0,35.02
5220,2000-09-15,31.95,0.09,33.41
5221,2000-09-16,32.12,0.02,31.61
5222,2000-09-17,31.7,0.0,31.4
5223,2000-09-18,31.46,0.0,31.4
5224,2000-09-19,31.5,0.1,32.84
5225,2000-09-20,30.79,0.82,40.39
5226,2000-09-21,30.09,1.07,48.48
5227,2000-09-22,30.22,0.14,43.35
5228,2000-09-23,29.71,0.0,42.42
5229,2000-09-24,29.78,0.0,38.94
5230,2000-09-25,30.18,0.0,36.04
5231,2000-09-26,28.31,11.98,40.88
5232,2000-09-27,28.36,0.0,39.45
5233,2000-09-28,28.39,0.0,37.59
5234,2000-09-29,27.96,0.0,34.33
5235,2000-09-30,27.7,0.0,33.31
5236,2000-10-01,27.84,0.0,35.42
5237,2000-10-02,27.76,0.0,33.8
5238,2000-10-03,28.62,0.0,29.03
5239,2000-10-04,28.97,0.0,26.89
5240,2000-10-05,28.0,0.0,33.2
5241,2000-10-06,28.32,0.0,34.95
5242,2000-10-07,28.33,0.0,35.08
5243,2000-10-08,28.92,0.0,31.19
5244,2000-10-09,28.87,0.0,29.78
5245,2000-10-10,28.36,0.0,26.19
5246,2000-10-11,27.65,0.0,23.74
5247,2000-10-12,27.04,0.0,24.08
5248,2000-10-13,26.54,0.0,23.21
5249,2000-10-14,25.91,0.0,21.96
5250,2000-10-15,25.93,0.0,21.28
5251,2000-10-16,27.37,0.0,19.53
5252,2000-10-17,27.85,0.0,19.18
5253,2000-10-18,27.56,0.0,21.25
5254,2000-10-19,27.26,0.0,21.46
5255,2000-10-20,26.81,0.0,24.29
5256,2000-10-21,27.86,0.0,19.12
5257,2000-10-22,25.81,0.0,21.49
5258,2000-10-23,26.38,0.0,24.86
5259,2000-10-24,26.24,0.0,21.71
5260,2000-10-25,26.11,0.0,20.55
5261,2000-10-26,24.98,0.0,17.36
5262,2000-10-27,25.8,0.0,14.15
5263,2000-10-28,25.45,0.0,11.57
5264,2000-10-29,22.99,0.0,17.14
5265,2000-10-30,22.85,0.0,23.24
5266,2000-10-31,22.86,0.0,21.1
5267,2000-11-01,21.8,0.0,28.39
5268,2000-11-02,21.94,0.0,35.28
5269,2000-11-03,23.11,0.0,29.32
5270,2000-11-04,23.13,0.0,23.2
5271,2000-11-05,22.93,0.0,22.11
5272,2000-11-06,23.83,0.0,19.66
5273,2000-11-07,24.7,0.0,17.98
5274,2000-11-08,22.49,0.01,22.72
5275,2000-11-09,23.76,0.27,24.8
5276,2000-11-10,21.62,0.0,23.17
5277,2000-11-11,21.48,0.0,20.37
5278,2000-11-12,20.2,0.0,21.89
5279,2000-11-13,22.79,0.0,21.54
5280,2000-11-14,21.2,0.08,31.44
5281,2000-11-15,20.05,0.0,17.8
5282,2000-11-16,21.68,0.0,11.64
5283,2000-11-17,20.25,0.0,14.24
5284,2000-11-18,19.82,0.0,21.32
5285,2000-11-19,19.77,0.0,27.02
5286,2000-11-20,20.58,0.0,18.19
5287,2000-11-21,21.05,0.0,14.38
5288,2000-11-22,20.8,0.0,25.98
5289,2000-11-23,22.18,1.0,35.06
5290,2000-11-24,20.59,0.74,38.97
5291,2000-11-25,17.75,0.0,33.94
5292,2000-11-26,18.9,0.0,26.23
5293,2000-11-27,19.82,0.0,24.52
5294,2000-11-28,18.51,0.0,24.03
5295,2000-11-29,15.92,0.0,23.65
5296,2000-11-30,14.79,0.0,22.67
5297,2000-12-01,13.7,0.0,17.68
5298,2000-12-02,13.78,0.0,12.12
5299,2000-12-03,16.76,0.0,11.48
5300,2000-12-04,16.65,0.0,16.17
5301,2000-12-05,17.57,0.0,18.25
5302,2000-12-06,17.07,0.0,18.81
5303,2000-12-07,16.92,0.0,16.73
5304,2000-12-08,17.96,0.01,17.8
5305,2000-12-09,15.74,0.0,25.83
5306,2000-12-10,15.83,0.0,24.08
5307,2000-12-11,15.64,0.0,21.1
5308,2000-12-12,14.77,0.0,19.3
5309,2000-12-13,16.57,0.0,17.73
5310,2000-12-14,16.9,0.0,23.31
5311,2000-12-15,18.01,0.0,25.5
5312,2000-12-16,19.39,0.15,26.17
5313,2000-12-17,18.86,0.38,33.23
5314,2000-12-18,17.18,0.0,47.82
5315,2000-12-19,14.36,0.0,41.97
5316,2000-12-20,13.55,0.0,31.8
5317,2000-12-21,13.07,0.0,32.42
5318,2000-12-22,13.59,0.0,30.92
5319,2000-12-23,15.04,0.0,24.02
5320,2000-12-24,14.25,0.0,25.63
5321,2000-12-25,14.28,0.0,28.31
5322,2000-12-26,14.75,0.0,31.94
5323,2000-12-27,15.78,0.0,29.01
5324,2000-12-28,15.25,0.0,26.43
5325,2000-12-29,15.3,0.0,26.15
5326,2000-12-30,16.45,0.0,25.51
5327,2000-12-31,14.86,1.66,49.2
5328,2001-01-01,12.09,11.01,86.05
5329,2001-01-02,12.46,0.0,71.77
5330,2001-01-03,12.42,0.0,63.72
5331,2001-01-04,11.59,0.0,61.5
5332,2001-01-05,11.05,0.0,50.96
5333,2001-01-06,12.26,0.0,35.49
5334,2001-01-07,10.38,0.0,41.34
5335,2001-01-08,9.69,0.0,45.8
5336,2001-01-09,10.0,0.0,44.56
5337,2001-01-10,9.65,0.0,44.53
5338,2001-01-11,10.97,0.0,39.54
5339,2001-01-12,11.99,0.0,35.06
5340,2001-01-13,10.92,0.0,37.47
5341,2001-01-14,11.11,0.0,39.04
5342,2001-01-15,12.81,0.0,29.79
5343,2001-01-16,12.54,0.0,30.21
5344,2001-01-17,13.71,0.0,29.25
5345,2001-01-18,13.76,0.0,28.91
5346,2001-01-19,14.0,0.0,28.28
5347,2001-01-20,14.46,0.0,26.26
5348,2001-01-21,13.45,0.0,31.55
5349,2001-01-22,12.54,0.34,38.07
5350,2001-01-23,11.74,0.03,42.99
5351,2001-01-24,10.42,0.0,31.77
5352,2001-01-25,11.63,0.0,28.43
5353,2001-01-26,14.69,0.0,22.7
5354,2001-01-27,13.58,0.0,23.92
5355,2001-01-28,14.14,0.0,23.46
5356,2001-01-29,16.42,0.0,18.65
5357,2001-01-30,16.69,0.0,24.67
5358,2001-01-31,14.54,0.0,21.0
5359,2001-02-01,11.97,0.0,20.88
5360,2001-02-02,11.32,0.0,23.4
5361,2001-02-03,12.8,0.0,21.66
5362,2001-02-04,14.55,0.0,15.6
5363,2001-02-05,14.38,0.0,17.44
5364,2001-02-06,14.38,0.0,15.62
5365,2001-02-07,14.38,0.0,18.68
5366,2001-02-08,15.17,0.0,21.99
5367,2001-02-09,15.62,0.0,23.9
5368,2001-02-10,16.93,0.0,15.51
5369,2001-02-11,17.04,0.0,14.37
5370,2001-02-12,16.91,0.0,13.47
5371,2001-02-13,17.74,0.01,16.11
5372,2001-02-14,19.44,0.02,26.66
5373,2001-02-15,18.23,0.0,40.58
5374,2001-02-16,17.17,0.85,39.0
5375,2001-02-17,19.66,0.0,31.62
5376,2001-02-18,19.41,0.0,31.28
5377,2001-02-19,18.57,0.0,26.2
5378,2001-02-20,17.83,1.02,37.78
5379,2001-02-21,19.06,0.0,37.41
5380,2001-02-22,20.76,0.0,28.55
5381,2001-02-23,22.21,0.02,27.63
5382,2001-02-24,22.38,0.32,32.55
5383,2001-02-25,20.18,1.52,33.5
5384,2001-02-26,18.56,0.11,25.2
5385,2001-02-27,18.86,0.0,19.17
5386,2001-02-28,17.94,0.0,17.13
5387,2001-03-01,17.91,0.0,15.96
5388,2001-03-02,17.89,0.0,16.12
5389,2001-03-03,19.14,0.0,13.96
5390,2001-03-04,18.71,0.0,14.72
5391,2001-03-05,18.56,0.0,16.31
5392,2001-03-06,20.95,0.0,13.42
5393,2001-03-07,22.26,0.0,12.89
5394,2001-03-08,21.58,0.0,14.78
5395,2001-03-09,22.67,0.0,13.94
5396,2001-03-10,23.36,0.0,13.34
5397,2001-03-11,24.16,0.0,12.97
5398,2001-03-12,22.59,0.0,13.92
5399,2001-03-13,24.29,0.66,15.17
5400,2001-03-14,23.5,0.32,29.02
5401,2001-03-15,23.25,0.0,24.27
5402,2001-03-16,21.95,0.0,15.39
5403,2001-03-17,23.04,0.0,15.12
5404,2001-03-18,25.19,0.0,14.06
5405,2001-03-19,25.37,0.1,15.86
5406,2001-03-20,26.24,0.47,27.78
5407,2001-03-21,23.93,0.08,30.31
5408,2001-03-22,23.95,0.09,25.42
5409,2001-03-23,23.65,0.0,23.96
5410,2001-03-24,23.92,0.0,18.53
5411,2001-03-25,25.37,0.0,16.49
5412,2001-03-26,26.5,0.0,17.55
5413,2001-03-27,27.92,0.0,15.81
5414,2001-03-28,26.36,1.82,28.45
5415,2001-03-29,24.55,9.32,42.42
5416,2001-03-30,22.02,0.03,48.23
5417,2001-03-31,22.75,0.59,37.99
5418,2001-04-01,23.31,0.0,33.54
5419,2001-04-02,25.11,0.0,31.16
5420,2001-04-03,26.05,0.0,26.3
5421,2001-04-04,26.92,0.0,22.1
5422,2001-04-05,27.33,0.0,20.37
5423,2001-04-06,27.49,0.0,17.83
5424,2001-04-07,28.44,0.0,15.21
5425,2001-04-08,30.09,0.0,13.29
5426,2001-04-09,30.53,0.0,12.07
5427,2001-04-10,31.22,0.0,13.24
5428,2001-04-11,31.51,0.0,14.06
5429,2001-04-12,29.47,0.46,21.35
5430,2001-04-13,29.02,0.41,29.97
5431,2001-04-14,28.55,0.14,32.77
5432,2001-04-15,29.68,2.36,32.35
5433,2001-04-16,27.84,1.92,41.55
5434,2001-04-17,21.37,11.03,68.42
5435,2001-04-18,23.91,0.03,57.72
5436,2001-04-19,24.52,0.7,49.28
5437,2001-04-20,24.06,0.0,52.21
5438,2001-04-21,26.09,0.0,35.83
5439,2001-04-22,27.88,0.0,28.31
5440,2001-04-23,29.99,0.0,21.66
5441,2001-04-24,30.21,0.0,21.76
5442,2001-04-25,31.67,0.0,24.93
5443,2001-04-26,32.81,0.0,22.5
5444,2001-04-27,33.7,0.0,19.0
5445,2001-04-28,33.91,0.0,17.73
5446,2001-04-29,34.09,0.0,15.98
5447,2001-04-30,35.43,0.0,12.15
5448,2001-05-01,35.79,0.02,14.66
5449,2001-05-02,35.39,0.04,18.02
5450,2001-05-03,35.55,0.0,16.15
5451,2001-05-04,35.75,0.07,13.82
5452,2001-05-05,36.15,0.0,10.09
5453,2001-05-06,36.03,0.05,11.67
5454,2001-05-07,36.05,0.0,13.76
5455,2001-05-08,35.16,4.88,22.27
5456,2001-05-09,36.01,0.0,22.09
5457,2001-05-10,36.66,0.0,16.53
5458,2001-05-11,37.73,0.0,13.92
5459,2001-05-12,37.04,0.0,12.15
5460,2001-05-13,37.41,0.0,13.44
5461,2001-05-14,37.74,0.0,14.62
5462,2001-05-15,36.27,1.21,17.75
5463,2001-05-16,33.31,2.65,33.71
5464,2001-05-17,32.53,4.32,44.54
5465,2001-05-18,32.48,0.12,41.58
5466,2001-05-19,32.33,1.93,41.77
5467,2001-05-20,31.81,2.0,45.24
5468,2001-05-21,33.89,0.03,38.82
5469,2001-05-22,34.37,0.09,35.23
5470,2001-05-23,35.63,0.0,28.41
5471,2001-05-24,36.94,0.0,21.0
5472,2001-05-25,37.78,0.0,17.14
5473,2001-05-26,37.55,0.06,16.46
5474,2001-05-27,37.66,1.01,14.34
5475,2001-05-28,35.9,7.58,32.47
5476,2001-05-29,33.76,5.52,43.88
5477,2001-05-30,34.9,0.84,41.03
5478,2001-05-31,35.56,0.92,37.5
5479,2001-06-01,36.31,0.61,36.41
5480,2001-06-02,36.73,1.08,33.4
5481,2001-06-03,36.74,0.01,31.46
5482,2001-06-04,35.03,3.09,37.33
5483,2001-06-05,31.07,9.95,54.78
5484,2001-06-06,32.75,2.45,42.47
5485,2001-06-07,33.25,1.51,42.55
5486,2001-06-08,33.85,1.08,40.85
5487,2001-06-09,34.93,0.09,37.25
5488,2001-06-10,35.88,0.08,33.18
5489,2001-06-11,36.12,0.02,30.36
5490,2001-06-12,36.7,0.86,32.65
5491,2001-06-13,36.44,6.34,38.59
5492,2001-06-14,33.68,6.74,52.51
5493,2001-06-15,33.21,6.84,53.77
5494,2001-06-16,33.5,7.38,52.7
5495,2001-06-17,33.19,0.47,51.04
5496,2001-06-18,34.04,0.04,45.05
5497,2001-06-19,34.96,0.2,37.13
5498,2001-06-20,36.61,1.6,33.55
5499,2001-06-21,36.79,2.96,39.18
5500,2001-06-22,36.59,0.26,37.97
5501,2001-06-23,33.89,6.69,48.7
5502,2001-06-24,34.83,0.2,44.09
5503,2001-06-25,34.85,1.74,39.48
5504,2001-06-26,35.28,1.41,41.41
5505,2001-06-27,35.87,0.27,36.8
5506,2001-06-28,37.58,0.08,32.67
5507,2001-06-29,36.65,8.89,40.53
5508,2001-06-30,35.51,7.73,50.15
5509,2001-07-01,31.17,3.84,64.86
5510,2001-07-02,32.85,7.73,58.99
5511,2001-07-03,32.06,16.76,66.76
5512,2001-07-04,32.46,2.47,60.51
5513,2001-07-05,35.03,0.64,49.72
5514,2001-07-06,36.07,0.14,47.03
5515,2001-07-07,34.75,12.21,53.1
5516,2001-07-08,30.42,5.45,66.98
5517,2001-07-09,33.87,1.79,52.27
5518,2001-07-10,35.71,2.32,48.75
5519,2001-07-11,32.33,18.2,60.6
5520,2001-07-12,32.04,0.68,59.07
5521,2001-07-13,31.07,7.38,66.88
5522,2001-07-14,32.38,4.68,63.34
5523,2001-07-15,32.79,15.89,60.71
5524,2001-07-16,30.57,18.28,73.18
5525,2001-07-17,32.3,1.8,61.26
5526,2001-07-18,33.05,0.0,52.97
5527,2001-07-19,33.64,0.08,49.04
5528,2001-07-20,32.93,0.23,56.47
5529,2001-07-21,34.02,0.39,55.04
5530,2001-07-22,30.78,0.66,64.83
5531,2001-07-23,30.64,2.1,70.56
5532,2001-07-24,30.7,24.49,73.12
5533,2001-07-25,31.93,11.02,67.74
5534,2001-07-26,31.95,4.66,67.64
5535,2001-07-27,32.69,7.13,65.39
5536,2001-07-28,32.71,3.09,65.26
5537,2001-07-29,31.53,20.41,69.34
5538,2001-07-30,29.55,18.74,74.99
5539,2001-07-31,30.55,0.36,67.76
5540,2001-08-01,30.17,0.0,62.57
5541,2001-08-02,31.35,0.05,57.72
5542,2001-08-03,32.03,0.04,56.31
5543,2001-08-04,31.69,1.37,64.89
5544,2001-08-05,32.01,1.26,63.84
5545,2001-08-06,31.65,0.35,65.22
5546,2001-08-07,31.76,0.29,62.12
5547,2001-08-08,31.62,0.16,62.89
5548,2001-08-09,31.13,3.75,67.77
5549,2001-08-10,30.4,12.1,74.62
5550,2001-08-11,31.4,4.96,68.68
5551,2001-08-12,33.13,0.81,60.32
5552,2001-08-13,33.13,4.99,61.64
5553,2001-08-14,30.62,18.54,76.1
5554,2001-08-15,31.32,11.24,70.96
5555,2001-08-16,31.7,5.23,67.11
5556,2001-08-17,32.62,3.33,61.92
5557,2001-08-18,33.07,1.37,54.43
5558,2001-08-19,32.2,0.07,55.83
5559,2001-08-20,32.04,0.03,56.11
5560,2001-08-21,33.27,0.02,52.06
5561,2001-08-22,33.16,0.06,50.23
5562,2001-08-23,32.52,0.23,51.87
5563,2001-08-24,32.59,0.07,51.12
5564,2001-08-25,32.45,0.0,51.69
5565,2001-08-26,32.72,0.06,49.04
5566,2001-08-27,32.59,0.02,47.24
5567,2001-08-28,32.52,0.13,46.73
5568,2001-08-29,31.59,0.12,50.85
5569,2001-08-30,31.72,0.26,51.36
5570,2001-08-31,33.17,0.14,48.77
5571,2001-09-01,33.95,0.0,45.55
5572,2001-09-02,33.86,0.08,43.85
5573,2001-09-03,33.39,5.92,45.48
5574,2001-09-04,32.42,0.85,50.13
5575,2001-09-05,32.16,2.69,50.51
5576,2001-09-06,31.76,0.87,51.93
5577,2001-09-07,32.12,0.06,45.41
5578,2001-09-08,31.95,0.0,47.79
5579,2001-09-09,32.24,0.08,44.44
5580,2001-09-10,31.5,0.01,42.97
5581,2001-09-11,31.56,0.06,45.38
5582,2001-09-12,32.09,0.16,43.73
5583,2001-09-13,31.4,0.0,44.79
5584,2001-09-14,30.44,14.36,53.64
5585,2001-09-15,29.76,0.0,47.92
5586,2001-09-16,29.01,0.0,46.81
5587,2001-09-17,29.48,0.0,39.62
5588,2001-09-18,30.2,0.0,37.2
5589,2001-09-19,29.87,0.0,32.58
5590,2001-09-20,29.96,0.0,32.64
5591,2001-09-21,30.41,0.0,34.07
5592,2001-09-22,29.93,0.0,35.62
5593,2001-09-23,29.66,0.0,32.35
5594,2001-09-24,29.99,0.0,33.06
5595,2001-09-25,29.4,0.0,34.63
5596,2001-09-26,28.86,0.04,32.23
5597,2001-09-27,29.14,0.0,29.38
5598,2001-09-28,28.99,0.0,28.1
5599,2001-09-29,29.61,0.08,30.64
5600,2001-09-30,30.19,0.07,39.28
5601,2001-10-01,30.77,0.04,45.98
5602,2001-10-02,31.0,0.0,44.63
5603,2001-10-03,30.21,0.05,38.81
5604,2001-10-04,29.31,0.02,37.02
5605,2001-10-05,28.62,0.01,32.73
5606,2001-10-06,28.69,0.0,26.85
5607,2001-10-07,28.54,0.0,24.91
5608,2001-10-08,28.92,0.0,26.19
5609,2001-10-09,29.46,0.0,24.78
5610,2001-10-10,28.56,0.0,23.71
5611,2001-10-11,27.18,0.0,26.57
5612,2001-10-12,27.57,0.01,26.16
5613,2001-10-13,27.01,0.0,24.59
5614,2001-10-14,26.03,0.0,22.68
5615,2001-10-15,26.79,0.0,21.55
5616,2001-10-16,25.52,0.0,22.75
5617,2001-10-17,25.76,0.0,17.43
5618,2001-10-18,25.76,0.0,15.64
5619,2001-10-19,25.45,0.0,16.51
5620,2001-10-20,27.35,0.0,15.9
5621,2001-10-21,26.02,0.0,18.97
5622,2001-10-22,25.4,0.0,23.73
5623,2001-10-23,26.16,0.0,20.45
5624,2001-10-24,27.06,0.0,18.34
5625,2001-10-25,26.59,0.0,18.46
5626,2001-10-26,27.36,0.0,17.79
5627,2001-10-27,26.97,0.0,17.83
5628,2001-10-28,25.4,0.0,19.06
5629,2001-10-29,24.32,0.0,26.25
5630,2001-10-30,24.59,0.0,25.52
5631,2001-10-31,26.37,0.0,22.24
5632,2001-11-01,26.76,0.0,21.53
5633,2001-11-02,26.44,0.01,21.57
5634,2001-11-03,25.25,0.25,23.35
5635,2001-11-04,22.78,0.01,21.5
5636,2001-11-05,21.83,0.0,19.6
5637,2001-11-06,22.13,0.0,19.08
5638,2001-11-07,21.37,0.0,25.22
5639,2001-11-08,20.8,0.0,23.42
5640,2001-11-09,20.89,0.0,19.56
5641,2001-11-10,21.31,0.15,17.71
5642,2001-11-11,20.37,0.0,18.77
5643,2001-11-12,20.58,0.0,19.91
5644,2001-11-13,21.11,0.0,18.26
5645,2001-11-14,22.42,0.0,16.68
5646,2001-11-15,21.27,0.0,20.27
5647,2001-11-16,21.2,0.0,22.26
5648,2001-11-17,21.17,0.0,20.42
5649,2001-11-18,20.53,0.0,21.62
5650,2001-11-19,20.32,0.0,20.13
5651,2001-11-20,20.41,0.0,19.01
5652,2001-11-21,20.83,0.0,18.88
5653,2001-11-22,20.22,0.0,21.08
5654,2001-11-23,18.73,0.0,22.24
5655,2001-11-24,19.31,0.0,20.7
5656,2001-11-25,18.45,0.0,22.5
5657,2001-11-26,18.67,0.0,22.22
5658,2001-11-27,17.97,0.0,24.89
5659,2001-11-28,17.75,0.0,24.91
5660,2001-11-29,17.82,0.0,23.56
5661,2001-11-30,17.15,0.0,23.71
5662,2001-12-01,17.05,0.0,22.96
5663,2001-12-02,17.69,0.0,21.55
5664,2001-12-03,18.39,0.0,21.51
5665,2001-12-04,19.33,0.0,20.4
5666,2001-12-05,18.86,0.0,23.31
5667,2001-12-06,18.49,0.0,23.46
5668,2001-12-07,19.45,0.0,21.65
5669,2001-12-08,19.08,0.03,23.15
5670,2001-12-09,18.69,0.0,20.43
5671,2001-12-10,16.01,0.0,20.35
5672,2001-12-11,16.62,0.17,29.87
5673,2001-12-12,16.16,0.0,32.07
5674,2001-12-13,16.54,0.0,23.98
5675,2001-12-14,16.79,0.11,18.84
5676,2001-12-15,14.06,5.79,58.88
5677,2001-12-16,14.6,0.01,55.72
5678,2001-12-17,14.2,0.0,53.83
5679,2001-12-18,15.24,0.77,55.14
5680,2001-12-19,15.02,0.0,58.1
5681,2001-12-20,13.55,0.0,44.59
5682,2001-12-21,13.6,0.0,33.92
5683,2001-12-22,13.89,0.0,28.88
5684,2001-12-23,13.44,0.0,28.36
5685,2001-12-24,13.91,0.0,27.35
5686,2001-12-25,15.2,0.2,28.49
5687,2001-12-26,14.11,0.0,34.43
5688,2001-12-27,13.53,0.0,34.88
5689,2001-12-28,13.56,0.0,35.41
5690,2001-12-29,12.93,0.0,33.85
5691,2001-12-30,11.99,0.0,34.08
5692,2001-12-31,11.89,0.0,38.6
5693,2002-01-01,14.03,0.0,30.88
5694,2002-01-02,13.76,0.0,29.02
5695,2002-01-03,14.41,0.0,28.98
5696,2002-01-04,15.07,0.0,26.18
5697,2002-01-05,14.17,0.0,27.4
5698,2002-01-06,13.12,0.0,29.6
5699,2002-01-07,13.48,0.0,31.98
5700,2002-01-08,13.19,0.0,31.23
5701,2002-01-09,13.66,0.0,27.63
5702,2002-01-10,13.74,0.0,26.34
5703,2002-01-11,13.33,0.0,32.19
5704,2002-01-12,16.27,0.0,34.05
5705,2002-01-13,17.62,0.03,32.8
5706,2002-01-14,16.66,0.69,40.12
5707,2002-01-15,14.93,0.83,65.91
5708,2002-01-16,14.05,0.02,72.98
5709,2002-01-17,14.16,0.02,57.19
5710,2002-01-18,14.5,0.04,44.75
5711,2002-01-19,14.4,0.04,47.83
5712,2002-01-20,14.16,0.0,52.49
5713,2002-01-21,13.52,0.0,50.97
5714,2002-01-22,13.0,0.0,45.1
5715,2002-01-23,13.27,0.0,33.22
5716,2002-01-24,13.55,0.0,25.48
5717,2002-01-25,14.11,0.11,28.35
5718,2002-01-26,14.63,0.05,30.32
5719,2002-01-27,13.52,0.1,39.18
5720,2002-01-28,12.43,0.44,33.45
5721,2002-01-29,12.81,0.0,22.11
5722,2002-01-30,12.77,0.0,21.76
5723,2002-01-31,13.19,0.0,19.24
5724,2002-02-01,14.03,0.0,17.82
5725,2002-02-02,14.93,0.0,19.69
5726,2002-02-03,12.74,0.0,30.79
5727,2002-02-04,14.39,0.0,18.09
5728,2002-02-05,15.68,0.01,16.14
5729,2002-02-06,16.21,0.0,34.49
5730,2002-02-07,13.59,0.07,27.05
5731,2002-02-08,12.04,1.09,27.98
5732,2002-02-09,9.87,0.49,36.64
5733,2002-02-10,11.72,0.0,24.66
5734,2002-02-11,11.57,13.24,58.87
5735,2002-02-12,13.09,1.1,69.58
5736,2002-02-13,13.9,0.08,46.2
5737,2002-02-14,14.79,0.0,30.96
5738,2002-02-15,16.13,0.0,30.13
5739,2002-02-16,19.18,0.0,28.33
5740,2002-02-17,18.66,0.0,35.13
5741,2002-02-18,18.8,0.0,36.92
5742,2002-02-19,19.04,0.0,31.37
5743,2002-02-20,19.26,0.0,28.62
5744,2002-02-21,19.58,0.19,31.72
5745,2002-02-22,18.97,2.31,47.66
5746,2002-02-23,19.05,0.67,58.27
5747,2002-02-24,18.89,0.26,48.11
5748,2002-02-25,18.3,1.03,43.17
5749,2002-02-26,16.93,0.37,41.54
5750,2002-02-27,17.15,0.0,42.58
5751,2002-02-28,19.84,0.02,34.18
5752,2002-03-01,18.87,5.0,51.97
5753,2002-03-02,16.76,3.51,68.1
5754,2002-03-03,17.68,0.0,50.83
5755,2002-03-04,17.65,0.0,36.88
5756,2002-03-05,18.85,0.0,29.3
5757,2002-03-06,19.94,0.0,25.71
5758,2002-03-07,19.26,0.0,24.32
5759,2002-03-08,20.38,0.06,30.77
5760,2002-03-09,21.23,3.13,36.84
5761,2002-03-10,21.16,0.06,41.48
5762,2002-03-11,20.27,0.01,37.92
5763,2002-03-12,21.15,0.0,32.16
5764,2002-03-13,22.55,0.0,24.55
5765,2002-03-14,22.58,0.0,22.68
5766,2002-03-15,23.05,0.0,23.07
5767,2002-03-16,24.82,0.0,18.86
5768,2002-03-17,25.8,0.0,18.2
5769,2002-03-18,26.29,0.0,17.41
5770,2002-03-19,27.95,0.0,17.13
5771,2002-03-20,27.94,0.0,18.68
5772,2002-03-21,26.78,0.8,22.89
5773,2002-03-22,27.3,0.0,27.09
5774,2002-03-23,27.97,0.04,26.01
5775,2002-03-24,27.85,0.3,27.15
5776,2002-03-25,25.82,1.58,30.12
5777,2002-03-26,25.06,0.01,25.18
5778,2002-03-27,25.93,0.0,19.97
5779,2002-03-28,27.28,0.0,16.43
5780,2002-03-29,28.1,0.0,14.33
5781,2002-03-30,28.85,0.0,13.67
5782,2002-03-31,29.27,0.07,19.12
5783,2002-04-01,29.32,0.03,22.5
5784,2002-04-02,27.38,0.04,20.12
5785,2002-04-03,27.0,0.0,12.9
5786,2002-04-04,28.4,0.0,10.08
5787,2002-04-05,29.59,0.0,11.48
5788,2002-04-06,30.29,0.24,15.36
5789,2002-04-07,30.36,1.2,19.99
5790,2002-04-08,27.78,1.23,26.84
5791,2002-04-09,27.39,0.07,22.11
5792,2002-04-10,28.78,0.14,18.15
5793,2002-04-11,30.01,0.0,14.63
5794,2002-04-12,30.95,0.0,11.86
5795,2002-04-13,32.0,0.0,12.12
5796,2002-04-14,32.86,0.0,13.02
5797,2002-04-15,32.54,0.0,14.97
5798,2002-04-16,32.1,0.0,18.01
5799,2002-04-17,31.27,0.0,17.84
5800,2002-04-18,31.59,0.0,15.26
5801,2002-04-19,32.21,0.0,13.23
5802,2002-04-20,34.29,0.0,10.43
5803,2002-04-21,34.66,0.0,13.36
5804,2002-04-22,35.27,0.0,13.64
5805,2002-04-23,35.4,0.0,12.55
5806,2002-04-24,33.19,1.62,19.13
5807,2002-04-25,31.0,0.21,24.62
5808,2002-04-26,29.24,0.85,27.41
5809,2002-04-27,30.75,0.0,16.47
5810,2002-04-28,31.14,0.0,13.07
5811,2002-04-29,28.83,0.08,9.95
5812,2002-04-30,30.87,0.0,10.0
5813,2002-05-01,32.66,0.0,14.14
5814,2002-05-02,34.03,0.02,15.27
5815,2002-05-03,34.44,0.0,13.73
5816,2002-05-04,35.11,0.0,14.19
5817,2002-05-05,36.26,0.07,13.47
5818,2002-05-06,37.37,0.0,11.27
5819,2002-05-07,37.04,0.0,10.26
5820,2002-05-08,37.08,0.0,10.68
5821,2002-05-09,37.39,0.0,11.6
5822,2002-05-10,37.66,0.0,12.12
5823,2002-05-11,37.26,0.0,7.18
5824,2002-05-12,38.38,0.0,6.45
5825,2002-05-13,38.3,0.0,14.75
5826,2002-05-14,40.09,0.06,17.17
5827,2002-05-15,38.86,1.25,20.74
5828,2002-05-16,38.24,0.0,15.97
5829,2002-05-17,37.53,0.0,11.16
5830,2002-05-18,36.64,0.0,7.21
5831,2002-05-19,37.22,0.0,7.13
5832,2002-05-20,35.14,0.1,6.95
5833,2002-05-21,35.0,0.0,5.2
5834,2002-05-22,36.8,0.0,5.6
5835,2002-05-23,38.14,0.0,10.52
5836,2002-05-24,38.83,0.0,12.38
5837,2002-05-25,38.75,0.0,10.3
5838,2002-05-26,37.75,0.44,16.2
5839,2002-05-27,38.52,0.0,14.31
5840,2002-05-28,34.76,9.64,32.4
5841,2002-05-29,32.89,5.15,42.3
5842,2002-05-30,33.16,0.01,36.62
5843,2002-05-31,34.47,0.19,24.97
5844,2002-06-01,35.67,0.36,21.98
5845,2002-06-02,35.97,0.24,20.29
5846,2002-06-03,35.3,2.93,23.3
5847,2002-06-04,35.97,0.0,21.2
5848,2002-06-05,37.76,0.06,17.64
5849,2002-06-06,38.11,0.52,16.9
5850,2002-06-07,37.85,2.82,20.38
5851,2002-06-08,38.47,0.0,18.85
5852,2002-06-09,38.87,0.02,18.43
5853,2002-06-10,38.78,0.01,16.45
5854,2002-06-11,39.43,0.03,17.13
5855,2002-06-12,38.45,0.9,17.08
5856,2002-06-13,38.16,0.03,17.72
5857,2002-06-14,38.21,1.42,13.33
5858,2002-06-15,38.48,0.06,13.75
5859,2002-06-16,36.91,6.28,23.04
5860,2002-06-17,36.75,0.86,24.99
5861,2002-06-18,36.13,1.47,26.82
5862,2002-06-19,32.81,0.03,36.53
5863,2002-06-20,36.39,0.02,30.2
5864,2002-06-21,37.99,0.0,24.59
5865,2002-06-22,39.42,0.0,20.27
5866,2002-06-23,40.53,0.0,18.86
5867,2002-06-24,39.82,0.61,22.71
5868,2002-06-25,38.83,1.78,28.87
5869,2002-06-26,37.53,4.12,33.7
5870,2002-06-27,36.77,0.45,37.69
5871,2002-06-28,37.8,0.07,34.02
5872,2002-06-29,38.48,0.22,29.18
5873,2002-06-30,39.35,0.16,25.95
5874,2002-07-01,40.07,0.0,18.91
5875,2002-07-02,40.15,0.0,19.14
5876,2002-07-03,40.64,0.01,20.71
5877,2002-07-04,39.44,11.85,30.95
5878,2002-07-05,37.05,6.04,42.3
5879,2002-07-06,37.22,1.57,33.21
5880,2002-07-07,36.7,0.52,34.5
5881,2002-07-08,36.73,0.64,31.17
5882,2002-07-09,36.73,0.0,29.08
5883,2002-07-10,36.86,0.07,28.8
5884,2002-07-11,37.35,0.14,25.15
5885,2002-07-12,38.24,0.0,19.43
5886,2002-07-13,37.71,0.02,20.25
5887,2002-07-14,37.94,0.0,21.48
5888,2002-07-15,38.59,0.0,21.87
5889,2002-07-16,38.76,0.0,20.83
5890,2002-07-17,39.76,0.0,20.61
5891,2002-07-18,38.39,3.22,23.94
5892,2002-07-19,37.88,2.57,30.29
5893,2002-07-20,39.3,0.05,23.17
5894,2002-07-21,38.91,0.0,26.29
5895,2002-07-22,35.98,24.13,39.19
5896,2002-07-23,34.74,1.68,44.68
5897,2002-07-24,34.83,2.78,41.94
5898,2002-07-25,35.34,0.04,38.64
5899,2002-07-26,35.96,0.0,36.75
5900,2002-07-27,36.2,2.17,38.4
5901,2002-07-28,36.87,0.07,35.77
5902,2002-07-29,36.6,3.04,36.01
5903,2002-07-30,36.28,0.02,33.7
5904,2002-07-31,36.25,0.01,29.83
5905,2002-08-01,35.29,0.35,29.73
5906,2002-08-02,36.13,0.94,28.64
5907,2002-08-03,34.92,3.94,39.88
5908,2002-08-04,34.83,0.41,43.92
5909,2002-08-05,34.39,0.03,44.91
5910,2002-08-06,35.91,0.46,39.58
5911,2002-08-07,34.56,0.6,46.07
5912,2002-08-08,36.95,0.46,38.55
5913,2002-08-09,36.25,2.56,44.29
5914,2002-08-10,37.14,0.48,39.83
5915,2002-08-11,37.66,0.66,36.61
5916,2002-08-12,33.59,36.9,56.06
5917,2002-08-13,28.59,20.86,81.13
5918,2002-08-14,30.43,5.62,67.95
5919,2002-08-15,32.66,0.21,52.37
5920,2002-08-16,32.95,0.0,45.75
5921,2002-08-17,33.52,0.0,38.44
5922,2002-08-18,33.57,0.0,40.26
5923,2002-08-19,34.18,0.0,38.01
5924,2002-08-20,34.1,0.09,37.81
5925,2002-08-21,33.08,9.25,45.76
5926,2002-08-22,31.51,9.05,62.65
5927,2002-08-23,32.56,0.61,54.84
5928,2002-08-24,32.41,0.16,53.86
5929,2002-08-25,31.59,0.74,53.49
5930,2002-08-26,31.32,5.43,60.39
5931,2002-08-27,32.77,1.68,55.76
5932,2002-08-28,33.74,0.1,51.76
5933,2002-08-29,33.58,0.51,50.74
5934,2002-08-30,31.82,2.12,58.69
5935,2002-08-31,31.87,8.14,57.61
5936,2002-09-01,31.05,8.95,60.21
5937,2002-09-02,30.44,10.21,64.8
5938,2002-09-03,31.47,0.11,55.8
5939,2002-09-04,31.47,0.15,54.39
5940,2002-09-05,30.96,0.17,53.45
5941,2002-09-06,29.97,0.27,54.11
5942,2002-09-07,29.25,1.13,58.02
5943,2002-09-08,29.03,0.86,58.43
5944,2002-09-09,30.81,0.0,51.97
5945,2002-09-10,30.64,0.0,47.57
5946,2002-09-11,30.37,0.57,48.26
5947,2002-09-12,28.35,16.51,62.23
5948,2002-09-13,26.53,27.66,79.29
5949,2002-09-14,27.06,21.68,78.29
5950,2002-09-15,28.24,0.05,67.74
5951,2002-09-16,28.05,11.11,68.34
5952,2002-09-17,27.66,5.08,67.76
5953,2002-09-18,27.84,1.18,63.78
5954,2002-09-19,28.53,0.0,56.03
5955,2002-09-20,28.35,0.0,51.96
5956,2002-09-21,29.12,0.0,47.8
5957,2002-09-22,28.65,0.04,51.08
5958,2002-09-23,28.84,0.0,55.58
5959,2002-09-24,28.43,0.0,49.93
5960,2002-09-25,27.79,1.56,47.66
5961,2002-09-26,28.02,0.0,44.06
5962,2002-09-27,27.8,0.0,41.97
5963,2002-09-28,27.92,0.0,41.75
5964,2002-09-29,27.86,0.0,40.55
5965,2002-09-30,27.42,0.0,38.18
5966,2002-10-01,27.64,0.0,34.84
5967,2002-10-02,28.65,0.0,32.11
5968,2002-10-03,28.62,0.0,31.28
5969,2002-10-04,28.4,0.0,32.14
5970,2002-10-05,27.99,0.0,34.4
5971,2002-10-06,27.21,0.0,36.19
5972,2002-10-07,27.33,0.0,36.88
5973,2002-10-08,27.27,0.0,39.35
5974,2002-10-09,27.03,0.0,41.59
5975,2002-10-10,26.87,0.0,50.56
5976,2002-10-11,26.65,0.0,52.31
5977,2002-10-12,25.92,0.03,57.34
5978,2002-10-13,25.61,1.69,60.71
5979,2002-10-14,25.79,0.24,53.7
5980,2002-10-15,26.14,0.0,47.75
5981,2002-10-16,26.04,0.0,45.09
5982,2002-10-17,26.36,0.0,41.86
5983,2002-10-18,26.2,0.0,40.63
5984,2002-10-19,26.23,0.0,38.88
5985,2002-10-20,25.24,0.0,39.49
5986,2002-10-21,25.19,0.11,38.3
5987,2002-10-22,24.11,0.04,42.08
5988,2002-10-23,24.17,0.01,38.93
5989,2002-10-24,22.81,0.0,41.71
5990,2002-10-25,23.66,0.0,38.68
5991,2002-10-26,24.27,0.0,35.63
5992,2002-10-27,24.01,0.0,35.46
5993,2002-10-28,24.2,0.0,33.81
5994,2002-10-29,23.82,0.0,33.25
5995,2002-10-30,23.87,0.0,33.75
5996,2002-10-31,23.89,0.0,33.49
5997,2002-11-01,23.55,0.0,34.42
5998,2002-11-02,23.96,0.0,36.56
5999,2002-11-03,23.1,0.0,36.67
6000,2002-11-04,22.66,0.0,36.22
6001,2002-11-05,22.43,0.0,36.95
6002,2002-11-06,22.88,0.0,36.18
6003,2002-11-07,20.09,0.0,51.49
6004,2002-11-08,21.25,0.0,43.65
6005,2002-11-09,21.64,0.0,41.9
6006,2002-11-10,21.72,0.0,44.5
6007,2002-11-11,21.85,0.0,43.64
6008,2002-11-12,20.11,0.0,47.73
6009,2002-11-13,20.22,0.0,44.74
6010,2002-11-14,19.44,0.0,43.8
6011,2002-11-15,20.41,0.0,39.24
6012,2002-11-16,20.91,0.0,36.4
6013,2002-11-17,21.47,0.0,32.68
6014,2002-11-18,21.86,0.0,30.87
6015,2002-11-19,20.91,0.0,31.99
6016,2002-11-20,20.34,0.0,28.6
6017,2002-11-21,20.47,0.0,23.85
6018,2002-11-22,19.62,0.0,23.69
6019,2002-11-23,19.05,0.0,24.37
6020,2002-11-24,19.91,0.0,23.58
6021,2002-11-25,19.03,0.0,22.22
6022,2002-11-26,19.21,0.0,20.98
6023,2002-11-27,18.3,0.0,23.83
6024,2002-11-28,17.53,0.08,27.15
6025,2002-11-29,16.3,0.0,28.76
6026,2002-11-30,17.83,0.0,24.19
6027,2002-12-01,17.16,0.0,26.3
6028,2002-12-02,16.66,0.0,29.52
6029,2002-12-03,17.1,0.0,26.97
6030,2002-12-04,15.48,0.0,36.31
6031,2002-12-05,14.37,0.0,48.54
6032,2002-12-06,15.04,0.0,40.16
6033,2002-12-07,15.32,0.0,33.23
6034,2002-12-08,15.43,0.0,25.69
6035,2002-12-09,14.6,0.0,24.44
6036,2002-12-10,15.75,0.0,17.88
6037,2002-12-11,16.7,0.0,17.63
6038,2002-12-12,15.98,0.0,19.26
6039,2002-12-13,15.27,0.0,21.66
6040,2002-12-14,16.94,0.0,43.75
6041,2002-12-15,18.55,0.0,49.21
6042,2002-12-16,19.91,0.0,43.97
6043,2002-12-17,18.5,0.0,41.52
6044,2002-12-18,18.79,0.0,34.59
6045,2002-12-19,18.56,0.0,33.34
6046,2002-12-20,18.28,0.01,36.27
6047,2002-12-21,16.78,0.0,36.09
6048,2002-12-22,16.47,0.0,34.43
6049,2002-12-23,15.61,0.0,33.35
6050,2002-12-24,15.4,5.5,44.79
6051,2002-12-25,15.16,0.06,49.25
6052,2002-12-26,14.36,0.0,53.79
6053,2002-12-27,12.93,0.0,58.77
6054,2002-12-28,12.18,0.0,52.96
6055,2002-12-29,13.5,0.0,42.22
6056,2002-12-30,14.35,1.12,37.65
6057,2002-12-31,13.84,1.17,52.15
6058,2003-01-01,11.13,0.52,55.72
6059,2003-01-02,12.08,0.0,39.11
6060,2003-01-03,11.13,0.0,43.14
6061,2003-01-04,10.11,0.0,48.2
6062,2003-01-05,11.13,0.0,45.15
6063,2003-01-06,12.51,0.0,37.08
6064,2003-01-07,11.16,0.0,38.72
6065,2003-01-08,10.53,0.0,40.04
6066,2003-01-09,11.4,0.0,35.46
6067,2003-01-10,10.8,0.0,36.76
6068,2003-01-11,11.1,0.0,35.89
6069,2003-01-12,11.4,0.0,29.27
6070,2003-01-13,10.7,0.0,35.62
6071,2003-01-14,11.09,0.0,36.65
6072,2003-01-15,12.82,0.0,29.38
6073,2003-01-16,12.4,0.0,30.39
6074,2003-01-17,13.22,0.0,33.05
6075,2003-01-18,14.69,0.0,26.58
6076,2003-01-19,13.21,0.0,29.24
6077,2003-01-20,12.77,0.0,27.29
6078,2003-01-21,13.5,0.0,25.61
6079,2003-01-22,14.71,0.0,24.5
6080,2003-01-23,15.82,0.0,28.89
6081,2003-01-24,15.81,0.0,27.52
6082,2003-01-25,16.71,0.0,20.28
6083,2003-01-26,18.25,0.14,23.07
6084,2003-01-27,17.41,0.95,36.61
6085,2003-01-28,14.53,2.27,71.86
6086,2003-01-29,15.05,0.33,65.23
6087,2003-01-30,13.77,4.39,67.08
6088,2003-01-31,11.94,17.93,90.22
6089,2003-02-01,13.03,0.29,73.88
6090,2003-02-02,13.12,1.09,69.9
6091,2003-02-03,13.12,4.65,60.83
6092,2003-02-04,14.13,0.0,53.18
6093,2003-02-05,15.41,0.0,40.44
6094,2003-02-06,15.74,0.0,35.03
6095,2003-02-07,16.0,0.0,36.83
6096,2003-02-08,15.31,0.0,37.57
6097,2003-02-09,14.26,0.0,38.42
6098,2003-02-10,14.86,0.0,38.24
6099,2003-02-11,15.56,0.0,38.05
6100,2003-02-12,15.12,0.0,40.61
6101,2003-02-13,15.82,0.0,37.41
6102,2003-02-14,16.38,0.0,37.82
6103,2003-02-15,18.49,0.01,32.62
6104,2003-02-16,18.96,0.45,38.87
6105,2003-02-17,16.23,4.83,63.35
6106,2003-02-18,14.02,35.06,88.79
6107,2003-02-19,13.6,15.83,79.28
6108,2003-02-20,13.59,0.0,61.3
6109,2003-02-21,13.9,0.0,59.32
6110,2003-02-22,15.86,0.0,56.33
6111,2003-02-23,18.41,0.91,49.69
6112,2003-02-24,19.14,0.11,53.96
6113,2003-02-25,18.82,0.02,58.26
6114,2003-02-26,20.23,0.0,54.42
6115,2003-02-27,21.69,0.0,48.42
6116,2003-02-28,21.39,1.54,53.11
6117,2003-03-01,21.36,11.99,61.48
6118,2003-03-02,20.15,2.66,62.18
6119,2003-03-03,14.54,0.01,38.89
6120,2003-03-04,11.83,0.03,39.99
6121,2003-03-05,13.15,0.0,44.65
6122,2003-03-06,15.76,0.0,39.86
6123,2003-03-07,16.7,0.0,41.23
6124,2003-03-08,15.52,0.0,46.17
6125,2003-03-09,18.97,0.0,37.13
6126,2003-03-10,19.7,0.03,40.89
6127,2003-03-11,20.74,0.0,36.52
6128,2003-03-12,20.52,0.0,38.63
6129,2003-03-13,21.19,0.0,40.03
6130,2003-03-14,20.38,0.0,45.18
6131,2003-03-15,23.06,0.0,39.4
6132,2003-03-16,22.07,0.0,38.12
6133,2003-03-17,21.53,0.01,37.91
6134,2003-03-18,20.83,0.0,38.43
6135,2003-03-19,21.4,0.0,37.23
6136,2003-03-20,22.08,0.0,41.47
6137,2003-03-21,23.8,0.0,38.64
6138,2003-03-22,23.83,0.0,39.98
6139,2003-03-23,25.38,0.0,41.35
6140,2003-03-24,24.86,0.03,47.62
6141,2003-03-25,25.88,0.02,42.39
6142,2003-03-26,25.47,0.0,39.83
6143,2003-03-27,25.5,0.0,37.02
6144,2003-03-28,25.12,0.82,42.58
6145,2003-03-29,24.18,0.54,42.25
6146,2003-03-30,24.28,0.62,46.15
6147,2003-03-31,24.98,0.56,41.01
6148,2003-04-01,25.76,0.0,38.31
6149,2003-04-02,26.49,0.0,31.43
6150,2003-04-03,26.9,0.18,30.5
6151,2003-04-04,26.48,0.02,30.22
6152,2003-04-05,24.03,0.51,35.02
6153,2003-04-06,24.15,0.0,29.38
6154,2003-04-07,26.11,0.0,28.19
6155,2003-04-08,27.9,0.0,25.33
6156,2003-04-09,29.4,0.0,23.58
6157,2003-04-10,30.12,0.0,25.0
6158,2003-04-11,30.37,0.0,25.27
6159,2003-04-12,31.66,0.0,24.75
6160,2003-04-13,31.72,0.0,22.39
6161,2003-04-14,30.78,0.0,25.07
6162,2003-04-15,30.01,0.15,30.02
6163,2003-04-16,29.93,0.01,36.07
6164,2003-04-17,30.33,0.0,26.86
6165,2003-04-18,30.38,0.11,22.09
6166,2003-04-19,30.7,1.59,23.94
6167,2003-04-20,28.52,0.0,31.73
6168,2003-04-21,28.48,0.0,21.44
6169,2003-04-22,29.72,0.0,19.03
6170,2003-04-23,32.37,0.0,17.27
6171,2003-04-24,34.15,0.0,13.21
6172,2003-04-25,33.2,0.0,11.38
6173,2003-04-26,33.28,0.06,15.38
6174,2003-04-27,31.74,0.06,21.59
6175,2003-04-28,31.35,2.0,20.91
6176,2003-04-29,31.93,0.0,19.42
6177,2003-04-30,32.23,0.0,22.88
6178,2003-05-01,33.56,0.01,23.33
6179,2003-05-02,33.71,0.02,16.36
6180,2003-05-03,27.05,0.0,7.73
6181,2003-05-04,27.81,0.0,8.24
6182,2003-05-05,28.24,0.0,9.41
6183,2003-05-06,29.59,0.0,9.96
6184,2003-05-07,30.79,0.0,10.61
6185,2003-05-08,32.46,0.0,8.72
6186,2003-05-09,33.56,0.0,8.11
6187,2003-05-10,34.14,0.13,10.35
6188,2003-05-11,34.06,0.0,11.0
6189,2003-05-12,34.94,0.01,10.55
6190,2003-05-13,34.47,0.09,10.17
6191,2003-05-14,33.79,0.31,11.45
6192,2003-05-15,33.92,0.16,11.87
6193,2003-05-16,33.82,0.0,10.94
6194,2003-05-17,35.25,0.0,11.57
6195,2003-05-18,36.01,0.0,10.49
6196,2003-05-19,37.36,0.0,9.99
6197,2003-05-20,37.23,0.0,10.36
6198,2003-05-21,37.98,0.1,12.0
6199,2003-05-22,37.61,1.75,15.46
6200,2003-05-23,35.02,3.51,29.57
6201,2003-05-24,34.28,0.27,29.8
6202,2003-05-25,32.89,1.17,26.48
6203,2003-05-26,34.2,0.0,24.27
6204,2003-05-27,34.97,0.0,19.34
6205,2003-05-28,34.68,0.0,12.13
6206,2003-05-29,34.73,0.0,12.86
6207,2003-05-30,35.76,0.0,12.87
6208,2003-05-31,36.8,0.0,12.94
6209,2003-06-01,37.51,0.67,14.37
6210,2003-06-02,38.14,0.0,12.81
6211,2003-06-03,39.2,0.0,11.94
6212,2003-06-04,39.82,0.0,12.26
6213,2003-06-05,39.84,0.01,8.11
6214,2003-06-06,40.36,0.0,9.9
6215,2003-06-07,39.96,0.0,13.69
6216,2003-06-08,39.18,0.0,18.35
6217,2003-06-09,38.51,0.03,22.51
6218,2003-06-10,37.78,0.09,14.79
6219,2003-06-11,38.74,0.08,14.97
6220,2003-06-12,37.81,0.02,16.29
6221,2003-06-13,38.27,0.0,16.58
6222,2003-06-14,39.53,0.0,13.26
6223,2003-06-15,39.5,0.0,11.88
6224,2003-06-16,39.61,0.0,11.65
6225,2003-06-17,39.56,0.15,13.88
6226,2003-06-18,35.26,11.99,32.32
6227,2003-06-19,34.43,0.09,37.28
6228,2003-06-20,36.01,0.14,33.99
6229,2003-06-21,37.01,0.88,32.3
6230,2003-06-22,37.32,1.28,29.54
6231,2003-06-23,35.66,8.88,37.19
6232,2003-06-24,35.62,1.62,39.15
6233,2003-06-25,35.16,2.99,44.95
6234,2003-06-26,36.5,1.01,41.75
6235,2003-06-27,37.25,2.88,39.09
6236,2003-06-28,33.89,2.25,43.83
6237,2003-06-29,34.72,9.08,46.09
6238,2003-06-30,35.55,8.47,46.25
6239,2003-07-01,36.56,0.53,38.59
6240,2003-07-02,36.81,1.3,34.71
6241,2003-07-03,36.96,0.25,36.45
6242,2003-07-04,37.4,2.71,37.7
6243,2003-07-05,32.07,26.09,65.34
6244,2003-07-06,31.42,6.27,62.93
6245,2003-07-07,29.36,0.71,69.39
6246,2003-07-08,31.77,5.01,59.7
6247,2003-07-09,32.75,9.4,58.1
6248,2003-07-10,31.29,6.54,62.73
6249,2003-07-11,29.91,2.0,61.99
6250,2003-07-12,31.92,1.15,55.0
6251,2003-07-13,32.29,0.33,58.67
6252,2003-07-14,33.59,0.23,52.78
6253,2003-07-15,33.01,9.33,59.17
6254,2003-07-16,30.81,3.22,67.75
6255,2003-07-17,30.33,13.18,71.17
6256,2003-07-18,29.62,22.0,78.06
6257,2003-07-19,32.68,0.04,62.87
6258,2003-07-20,32.92,10.31,63.74
6259,2003-07-21,30.11,10.44,78.13
6260,2003-07-22,31.18,7.59,69.7
6261,2003-07-23,31.69,0.53,67.27
6262,2003-07-24,32.49,4.36,65.88
6263,2003-07-25,32.81,6.56,64.58
6264,2003-07-26,31.47,9.45,72.17
6265,2003-07-27,31.91,0.89,65.82
6266,2003-07-28,30.82,1.55,70.15
6267,2003-07-29,30.05,0.17,71.49
6268,2003-07-30,31.87,3.32,63.48
6269,2003-07-31,31.36,18.78,67.86
6270,2003-08-01,30.14,7.21,73.58
6271,2003-08-02,29.73,17.57,76.72
6272,2003-08-03,28.7,8.67,80.13
6273,2003-08-04,28.78,5.33,78.91
6274,2003-08-05,29.93,1.43,74.94
6275,2003-08-06,31.38,0.69,66.64
6276,2003-08-07,31.5,0.05,67.67
6277,2003-08-08,32.82,0.17,62.54
6278,2003-08-09,33.06,4.36,62.0
6279,2003-08-10,31.63,7.17,67.27
6280,2003-08-11,31.87,1.4,62.68
6281,2003-08-12,32.91,0.28,57.69
6282,2003-08-13,33.49,0.84,52.65
6283,2003-08-14,33.19,0.1,51.09
6284,2003-08-15,31.11,0.68,60.63
6285,2003-08-16,31.16,0.31,63.15
6286,2003-08-17,32.52,0.27,58.31
6287,2003-08-18,33.31,1.02,54.4
6288,2003-08-19,31.83,0.69,58.89
6289,2003-08-20,31.4,2.35,61.08
6290,2003-08-21,31.66,2.51,58.61
6291,2003-08-22,33.08,0.0,51.91
6292,2003-08-23,33.26,0.08,51.99
6293,2003-08-24,32.36,0.04,59.05
6294,2003-08-25,32.29,0.18,60.48
6295,2003-08-26,31.89,5.81,64.33
6296,2003-08-27,30.38,8.7,71.99
6297,2003-08-28,30.57,5.94,69.71
6298,2003-08-29,30.84,10.82,70.22
6299,2003-08-30,30.66,15.3,71.41
6300,2003-08-31,31.1,9.55,66.31
6301,2003-09-01,31.98,0.64,60.24
6302,2003-09-02,31.93,11.38,60.77
6303,2003-09-03,31.18,6.9,65.16
6304,2003-09-04,31.08,5.31,62.42
6305,2003-09-05,30.26,1.81,64.65
6306,2003-09-06,30.43,1.95,62.71
6307,2003-09-07,29.62,2.6,66.64
6308,2003-09-08,30.53,2.07,60.21
6309,2003-09-09,31.05,0.0,52.49
6310,2003-09-10,30.82,0.01,52.95
6311,2003-09-11,31.08,0.57,51.38
6312,2003-09-12,31.22,0.66,50.75
6313,2003-09-13,31.25,0.02,55.52
6314,2003-09-14,31.81,0.1,54.32
6315,2003-09-15,31.18,3.83,59.79
6316,2003-09-16,30.77,1.07,60.76
6317,2003-09-17,30.94,0.0,56.85
6318,2003-09-18,31.11,0.31,56.25
6319,2003-09-19,31.24,0.0,55.63
6320,2003-09-20,31.8,0.0,49.99
6321,2003-09-21,31.62,0.03,52.78
6322,2003-09-22,31.34,0.91,54.02
6323,2003-09-23,30.38,0.51,58.89
6324,2003-09-24,29.07,1.37,65.98
6325,2003-09-25,27.93,9.18,70.96
6326,2003-09-26,27.81,0.0,60.48
6327,2003-09-27,28.12,0.04,48.07
6328,2003-09-28,28.13,3.71,49.58
6329,2003-09-29,26.76,0.01,49.62
6330,2003-09-30,26.9,0.0,41.29
6331,2003-10-01,25.95,0.0,35.71
6332,2003-10-02,25.59,0.0,38.21
6333,2003-10-03,26.6,0.0,37.92
6334,2003-10-04,26.78,0.0,38.44
6335,2003-10-05,26.93,0.0,38.55
6336,2003-10-06,25.95,0.0,45.84
6337,2003-10-07,26.39,0.0,49.07
6338,2003-10-08,26.76,0.0,44.26
6339,2003-10-09,26.58,0.02,43.63
6340,2003-10-10,26.08,0.03,39.78
6341,2003-10-11,25.31,0.0,34.92
6342,2003-10-12,24.56,0.0,33.52
6343,2003-10-13,24.07,0.0,34.45
6344,2003-10-14,24.35,0.0,34.84
6345,2003-10-15,25.58,0.0,30.43
6346,2003-10-16,24.82,0.56,35.45
6347,2003-10-17,24.85,0.0,34.76
6348,2003-10-18,25.58,0.0,32.11
6349,2003-10-19,25.43,0.0,33.69
6350,2003-10-20,25.2,0.0,36.48
6351,2003-10-21,26.4,0.0,30.23
6352,2003-10-22,24.99,0.02,31.99
6353,2003-10-23,24.5,0.0,32.28
6354,2003-10-24,24.1,0.05,32.55
6355,2003-10-25,23.39,0.0,36.38
6356,2003-10-26,23.04,0.0,46.3
6357,2003-10-27,23.42,0.0,40.46
6358,2003-10-28,22.75,0.0,45.42
6359,2003-10-29,23.47,0.0,42.04
6360,2003-10-30,23.56,0.0,36.96
6361,2003-10-31,23.51,0.0,32.33
6362,2003-11-01,22.44,0.0,31.11
6363,2003-11-02,22.46,0.0,29.84
6364,2003-11-03,22.8,0.0,29.34
6365,2003-11-04,22.79,0.0,29.35
6366,2003-11-05,21.72,0.0,33.89
6367,2003-11-06,22.73,0.0,34.08
6368,2003-11-07,23.04,0.0,26.67
6369,2003-11-08,21.19,0.0,29.69
6370,2003-11-09,20.44,0.0,32.37
6371,2003-11-10,19.42,0.0,30.6
6372,2003-11-11,21.41,0.0,20.2
6373,2003-11-12,18.95,0.0,25.25
6374,2003-11-13,18.08,0.0,32.26
6375,2003-11-14,17.19,0.0,43.37
6376,2003-11-15,19.05,0.01,42.74
6377,2003-11-16,20.13,1.46,42.41
6378,2003-11-17,18.59,5.73,59.39
6379,2003-11-18,17.45,0.02,53.09
6380,2003-11-19,16.55,0.0,43.99
6381,2003-11-20,15.95,0.0,41.1
6382,2003-11-21,15.86,0.0,38.23
6383,2003-11-22,16.71,0.0,29.08
6384,2003-11-23,16.97,0.0,28.26
6385,2003-11-24,16.5,0.0,29.97
6386,2003-11-25,15.05,0.0,31.81
6387,2003-11-26,16.39,0.0,24.48
6388,2003-11-27,15.54,0.0,28.41
6389,2003-11-28,15.48,0.0,28.44
6390,2003-11-29,14.97,0.0,29.36
6391,2003-11-30,14.75,0.0,28.64
6392,2003-12-01,14.93,0.0,27.9
6393,2003-12-02,16.66,0.0,24.86
6394,2003-12-03,15.24,0.0,32.09
6395,2003-12-04,17.5,0.0,32.46
6396,2003-12-05,17.31,0.0,34.69
6397,2003-12-06,16.63,0.0,34.51
6398,2003-12-07,17.44,0.0,30.09
6399,2003-12-08,18.05,0.0,30.52
6400,2003-12-09,18.35,0.08,49.11
6401,2003-12-10,18.58,0.09,57.52
6402,2003-12-11,18.95,0.0,43.78
6403,2003-12-12,17.85,3.82,58.01
6404,2003-12-13,18.84,1.76,56.86
6405,2003-12-14,17.1,1.01,63.12
6406,2003-12-15,17.32,6.3,69.31
6407,2003-12-16,16.0,0.1,68.7
6408,2003-12-17,14.72,0.0,61.3
6409,2003-12-18,15.6,0.0,58.43
6410,2003-12-19,15.2,0.0,61.8
6411,2003-12-20,14.68,0.0,57.88
6412,2003-12-21,14.28,0.0,46.32
6413,2003-12-22,14.78,0.0,39.96
6414,2003-12-23,12.65,0.0,45.87
6415,2003-12-24,12.72,0.0,50.44
6416,2003-12-25,12.8,0.0,46.83
6417,2003-12-26,12.0,0.0,43.28
6418,2003-12-27,12.43,0.13,50.57
6419,2003-12-28,11.2,0.0,51.0
6420,2003-12-29,10.88,0.0,46.09
6421,2003-12-30,12.72,0.0,34.44
6422,2003-12-31,13.96,0.0,32.57
6423,2004-01-01,12.23,0.01,37.27
6424,2004-01-02,11.33,0.0,44.85
6425,2004-01-03,10.48,0.0,53.27
6426,2004-01-04,9.38,0.0,50.42
6427,2004-01-05,9.86,0.03,45.14
6428,2004-01-06,12.23,0.0,46.36
6429,2004-01-07,11.82,0.0,51.49
6430,2004-01-08,12.45,0.0,40.65
6431,2004-01-09,13.61,0.0,47.5
6432,2004-01-10,15.17,0.0,50.61
6433,2004-01-11,16.12,0.0,45.74
6434,2004-01-12,16.62,0.0,40.64
6435,2004-01-13,15.22,0.0,46.14
6436,2004-01-14,15.93,0.0,44.81
6437,2004-01-15,17.78,0.0,39.76
6438,2004-01-16,17.67,0.0,37.84
6439,2004-01-17,16.04,1.69,54.8
6440,2004-01-18,14.05,0.0,61.39
6441,2004-01-19,13.91,0.0,55.44
6442,2004-01-20,15.08,0.0,43.37
6443,2004-01-21,12.54,7.43,75.14
6444,2004-01-22,12.68,11.36,84.12
6445,2004-01-23,12.63,3.0,79.19
6446,2004-01-24,11.39,0.0,65.66
6447,2004-01-25,12.23,0.0,50.73
6448,2004-01-26,12.61,0.0,46.95
6449,2004-01-27,12.42,0.0,47.76
6450,2004-01-28,11.75,0.0,46.36
6451,2004-01-29,12.98,0.54,45.21
6452,2004-01-30,11.7,11.75,76.04
6453,2004-01-31,10.97,0.45,78.44
6454,2004-02-01,10.95,0.0,67.67
6455,2004-02-02,10.74,0.0,52.11
6456,2004-02-03,11.12,0.0,41.76
6457,2004-02-04,13.52,0.0,36.2
6458,2004-02-05,14.06,0.0,34.74
6459,2004-02-06,13.24,0.0,39.04
6460,2004-02-07,13.59,0.0,38.49
6461,2004-02-08,15.36,0.04,31.57
6462,2004-02-09,16.25,6.95,53.4
6463,2004-02-10,14.29,0.53,69.18
6464,2004-02-11,15.83,0.08,53.77
6465,2004-02-12,16.34,0.0,43.44
6466,2004-02-13,17.03,0.0,38.45
6467,2004-02-14,16.06,0.0,39.91
6468,2004-02-15,16.65,0.0,41.03
6469,2004-02-16,18.67,0.0,34.51
6470,2004-02-17,18.1,0.02,39.07
6471,2004-02-18,18.73,0.0,41.81
6472,2004-02-19,17.79,0.01,46.47
6473,2004-02-20,17.75,0.0,37.35
6474,2004-02-21,18.37,0.0,38.2
6475,2004-02-22,19.12,0.0,37.32
6476,2004-02-23,17.91,0.0,42.0
6477,2004-02-24,19.36,0.0,33.31
6478,2004-02-25,21.26,0.0,29.43
6479,2004-02-26,23.04,0.0,26.41
6480,2004-02-27,22.43,0.03,31.08
6481,2004-02-28,21.64,0.0,34.09
6482,2004-02-29,20.02,0.01,33.35
6483,2004-03-01,18.96,0.0,34.55
6484,2004-03-02,19.21,0.0,31.35
6485,2004-03-03,19.77,0.0,30.25
6486,2004-03-04,20.92,0.0,26.26
6487,2004-03-05,21.49,0.0,26.1
6488,2004-03-06,21.67,0.0,27.7
6489,2004-03-07,22.97,0.0,25.43
6490,2004-03-08,23.69,0.0,23.71
6491,2004-03-09,22.01,0.0,32.48
6492,2004-03-10,23.18,0.0,33.09
6493,2004-03-11,23.92,0.0,31.86
6494,2004-03-12,24.71,0.0,29.91
6495,2004-03-13,25.99,0.0,27.85
6496,2004-03-14,26.27,0.0,26.7
6497,2004-03-15,27.38,0.0,24.09
6498,2004-03-16,27.78,0.0,23.28
6499,2004-03-17,28.74,0.0,19.02
6500,2004-03-18,29.06,0.0,18.39
6501,2004-03-19,28.01,0.0,20.87
6502,2004-03-20,27.91,0.0,17.02
6503,2004-03-21,29.92,0.0,13.45
6504,2004-03-22,29.17,0.0,16.49
6505,2004-03-23,27.3,0.0,15.33
6506,2004-03-24,26.09,0.0,12.12
6507,2004-03-25,24.97,0.0,13.08
6508,2004-03-26,25.22,0.0,15.3
6509,2004-03-27,26.16,0.0,13.78
6510,2004-03-28,26.36,0.0,16.29
6511,2004-03-29,27.18,0.0,14.08
6512,2004-03-30,27.84,0.0,11.1
6513,2004-03-31,28.67,0.0,12.05
6514,2004-04-01,27.41,0.0,13.79
6515,2004-04-02,29.67,0.0,14.62
6516,2004-04-03,29.46,0.0,15.69
6517,2004-04-04,29.65,0.0,18.48
6518,2004-04-05,31.23,0.0,17.43
6519,2004-04-06,31.74,0.0,14.48
6520,2004-04-07,31.54,0.0,14.66
6521,2004-04-08,33.11,0.0,13.75
6522,2004-04-09,32.38,0.15,15.89
6523,2004-04-10,32.85,0.0,16.43
6524,2004-04-11,32.83,0.0,14.26
6525,2004-04-12,33.33,0.0,11.54
6526,2004-04-13,32.48,0.0,11.73
6527,2004-04-14,32.94,0.0,14.92
6528,2004-04-15,32.57,0.0,8.65
6529,2004-04-16,34.67,0.0,10.26
6530,2004-04-17,32.78,0.0,17.76
6531,2004-04-18,32.37,0.0,20.96
6532,2004-04-19,33.33,0.0,16.7
6533,2004-04-20,32.77,0.08,15.62
6534,2004-04-21,32.47,0.0,20.25
6535,2004-04-22,31.65,0.92,24.64
6536,2004-04-23,30.3,0.52,25.39
6537,2004-04-24,29.96,0.0,20.8
6538,2004-04-25,30.75,0.0,22.17
6539,2004-04-26,31.66,0.0,21.05
6540,2004-04-27,33.66,0.0,19.8
6541,2004-04-28,33.38,1.82,21.85
6542,2004-04-29,31.05,3.47,27.63
6543,2004-04-30,21.73,25.29,71.04
6544,2004-05-01,23.79,0.0,47.05
6545,2004-05-02,25.22,0.0,33.1
6546,2004-05-03,27.11,0.0,31.05
6547,2004-05-04,29.42,0.0,25.16
6548,2004-05-05,30.74,0.0,21.63
6549,2004-05-06,32.98,0.0,19.15
6550,2004-05-07,33.42,0.0,20.4
6551,2004-05-08,33.1,0.0,24.89
6552,2004-05-09,33.46,0.0,27.12
6553,2004-05-10,34.48,0.0,21.9
6554,2004-05-11,34.75,0.0,19.25
6555,2004-05-12,34.94,0.0,23.23
6556,2004-05-13,35.64,0.0,24.13
6557,2004-05-14,36.62,0.0,19.06
6558,2004-05-15,38.12,0.0,20.4
6559,2004-05-16,38.31,0.0,21.78
6560,2004-05-17,38.29,0.0,18.16
6561,2004-05-18,37.6,0.0,14.75
6562,2004-05-19,38.41,0.0,11.06
6563,2004-05-20,38.21,0.0,11.24
6564,2004-05-21,38.5,0.0,9.62
6565,2004-05-22,38.11,0.0,12.81
6566,2004-05-23,35.81,0.34,23.81
6567,2004-05-24,31.29,21.78,45.02
6568,2004-05-25,33.55,0.0,34.71
6569,2004-05-26,33.7,3.74,36.22
6570,2004-05-27,34.03,4.15,36.17
6571,2004-05-28,33.23,0.63,36.69
6572,2004-05-29,33.59,0.0,30.42
6573,2004-05-30,35.22,0.0,26.28
6574,2004-05-31,36.95,0.0,26.98
6575,2004-06-01,35.81,0.02,26.26
6576,2004-06-02,35.73,0.04,25.06
6577,2004-06-03,36.28,0.57,21.3
6578,2004-06-04,38.15,0.02,18.89
6579,2004-06-05,37.11,0.17,20.32
6580,2004-06-06,36.68,0.01,20.29
6581,2004-06-07,33.35,5.83,33.24
6582,2004-06-08,33.45,1.61,34.7
6583,2004-06-09,30.98,3.61,43.42
6584,2004-06-10,32.96,0.0,37.19
6585,2004-06-11,35.72,0.0,29.25
6586,2004-06-12,36.89,0.0,26.62
6587,2004-06-13,37.34,0.01,24.69
6588,2004-06-14,35.24,4.37,40.34
6589,2004-06-15,35.59,0.44,39.73
6590,2004-06-16,38.22,0.26,31.09
6591,2004-06-17,36.06,9.26,44.48
6592,2004-06-18,33.32,15.43,54.57
6593,2004-06-19,34.97,0.24,47.93
6594,2004-06-20,35.74,6.56,46.28
6595,2004-06-21,36.09,2.31,42.08
6596,2004-06-22,36.82,0.2,34.98
6597,2004-06-23,36.17,0.03,33.59
6598,2004-06-24,35.6,5.14,40.43
6599,2004-06-25,33.71,3.36,48.26
6600,2004-06-26,34.56,0.37,42.36
6601,2004-06-27,34.17,0.03,37.25
6602,2004-06-28,35.15,0.0,35.31
6603,2004-06-29,36.36,0.0,32.5
6604,2004-06-30,37.42,0.0,30.81
6605,2004-07-01,37.82,0.0,29.73
6606,2004-07-02,38.07,0.0,28.7
6607,2004-07-03,38.67,0.32,28.23
6608,2004-07-04,37.26,0.79,34.41
6609,2004-07-05,36.95,1.38,39.36
6610,2004-07-06,38.18,0.49,33.95
6611,2004-07-07,38.53,0.2,32.85
6612,2004-07-08,36.81,16.04,42.32
6613,2004-07-09,34.18,8.74,49.45
6614,2004-07-10,34.91,0.08,44.17
6615,2004-07-11,35.64,5.13,40.14
6616,2004-07-12,35.96,2.99,39.67
6617,2004-07-13,35.55,5.81,42.98
6618,2004-07-14,35.03,2.88,44.87
6619,2004-07-15,35.76,3.6,41.85
6620,2004-07-16,33.93,19.48,52.11
6621,2004-07-17,34.01,8.24,47.74
6622,2004-07-18,34.6,0.06,38.16
6623,2004-07-19,34.48,0.09,37.71
6624,2004-07-20,34.62,0.22,37.56
6625,2004-07-21,35.62,0.0,34.92
6626,2004-07-22,35.43,0.12,38.16
6627,2004-07-23,34.7,0.0,38.85
6628,2004-07-24,35.56,0.03,35.97
6629,2004-07-25,35.96,0.17,39.28
6630,2004-07-26,35.8,0.46,43.26
6631,2004-07-27,36.25,0.35,44.32
6632,2004-07-28,35.78,0.06,43.68
6633,2004-07-29,32.77,10.13,58.22
6634,2004-07-30,33.41,0.53,54.45
6635,2004-07-31,33.59,0.58,51.31
6636,2004-08-01,33.19,4.38,53.39
6637,2004-08-02,28.87,39.66,76.17
6638,2004-08-03,29.92,19.36,70.25
6639,2004-08-04,31.52,0.91,62.22
6640,2004-08-05,32.98,0.47,56.89
6641,2004-08-06,29.88,2.23,66.75
6642,2004-08-07,32.24,1.23,62.66
6643,2004-08-08,32.29,4.72,64.67
6644,2004-08-09,31.34,1.51,66.71
6645,2004-08-10,31.89,0.12,60.67
6646,2004-08-11,31.67,9.91,62.99
6647,2004-08-12,29.83,6.45,70.86
6648,2004-08-13,31.38,3.55,63.34
6649,2004-08-14,32.23,0.81,60.76
6650,2004-08-15,33.84,0.14,56.68
6651,2004-08-16,32.75,7.26,61.74
6652,2004-08-17,28.84,23.02,79.68
6653,2004-08-18,29.47,6.78,77.03
6654,2004-08-19,30.83,9.96,65.93
6655,2004-08-20,29.47,4.68,68.61
6656,2004-08-21,31.71,0.05,57.72
6657,2004-08-22,30.95,0.91,60.0
6658,2004-08-23,29.89,10.68,70.97
6659,2004-08-24,28.68,11.23,78.08
6660,2004-08-25,28.3,5.91,77.49
6661,2004-08-26,30.25,0.57,67.74
6662,2004-08-27,31.27,0.0,61.04
6663,2004-08-28,31.68,0.0,53.49
6664,2004-08-29,31.36,0.0,51.98
6665,2004-08-30,31.89,0.01,49.63
6666,2004-08-31,31.87,0.04,47.6
6667,2004-09-01,31.01,0.0,45.4
6668,2004-09-02,30.82,0.0,46.83
6669,2004-09-03,31.27,0.0,43.23
6670,2004-09-04,31.64,0.0,40.06
6671,2004-09-05,31.78,0.0,38.19
6672,2004-09-06,32.23,0.0,38.62
6673,2004-09-07,33.08,0.0,37.9
6674,2004-09-08,32.46,0.0,36.93
6675,2004-09-09,31.43,0.0,35.63
6676,2004-09-10,31.13,0.0,40.61
6677,2004-09-11,31.55,0.0,44.45
6678,2004-09-12,32.21,0.01,46.06
6679,2004-09-13,33.22,0.04,43.83
6680,2004-09-14,32.79,0.19,45.51
6681,2004-09-15,33.09,0.74,46.64
6682,2004-09-16,30.23,0.45,56.88
6683,2004-09-17,31.06,0.04,53.54
6684,2004-09-18,31.0,0.0,49.48
6685,2004-09-19,31.23,0.0,45.29
6686,2004-09-20,31.09,0.06,44.08
6687,2004-09-21,29.9,1.27,55.77
6688,2004-09-22,30.31,0.08,53.49
6689,2004-09-23,29.41,2.09,48.88
6690,2004-09-24,29.56,0.0,36.08
6691,2004-09-25,29.43,0.0,35.07
6692,2004-09-26,29.59,0.0,33.29
6693,2004-09-27,29.89,0.0,32.39
6694,2004-09-28,30.0,0.0,33.21
6695,2004-09-29,30.18,1.48,39.35
6696,2004-09-30,28.74,0.41,36.18
6697,2004-10-01,28.91,0.02,36.99
6698,2004-10-02,24.08,7.14,67.88
6699,2004-10-03,25.51,4.15,69.39
6700,2004-10-04,27.62,0.0,50.16
6701,2004-10-05,28.17,0.0,35.62
6702,2004-10-06,27.97,0.0,39.81
6703,2004-10-07,28.29,0.0,36.55
6704,2004-10-08,27.29,0.0,35.2
6705,2004-10-09,27.85,0.06,37.25
6706,2004-10-10,25.69,3.69,61.75
6707,2004-10-11,23.11,6.45,70.27
6708,2004-10-12,22.79,0.75,49.17
6709,2004-10-13,23.72,0.03,42.43
6710,2004-10-14,23.25,0.01,42.76
6711,2004-10-15,24.11,0.09,35.94
6712,2004-10-16,24.16,0.0,32.87
6713,2004-10-17,23.63,0.0,36.77
6714,2004-10-18,24.65,0.0,35.42
6715,2004-10-19,24.56,0.0,35.71
6716,2004-10-20,24.77,0.0,35.08
6717,2004-10-21,24.26,0.22,37.84
6718,2004-10-22,24.02,0.0,34.98
6719,2004-10-23,24.9,0.0,25.69
6720,2004-10-24,24.07,0.0,26.85
6721,2004-10-25,23.32,0.0,31.41
6722,2004-10-26,21.65,0.0,38.17
6723,2004-10-27,22.42,0.01,37.56
6724,2004-10-28,21.86,0.0,36.2
6725,2004-10-29,21.08,1.46,39.96
6726,2004-10-30,20.93,0.0,37.27
6727,2004-10-31,20.95,0.0,32.07
6728,2004-11-01,20.52,0.0,29.92
6729,2004-11-02,21.24,0.0,29.17
6730,2004-11-03,21.3,0.0,28.61
6731,2004-11-04,21.4,0.0,26.96
6732,2004-11-05,21.41,0.0,26.55
6733,2004-11-06,20.03,0.0,31.73
6734,2004-11-07,21.22,0.0,26.22
6735,2004-11-08,21.32,0.0,23.81
6736,2004-11-09,21.48,0.0,22.65
6737,2004-11-10,21.3,0.0,21.4
6738,2004-11-11,20.27,0.0,24.86
6739,2004-11-12,20.07,0.0,24.81
6740,2004-11-13,20.09,0.0,26.15
6741,2004-11-14,20.71,0.0,26.56
6742,2004-11-15,21.33,0.0,27.21
6743,2004-11-16,21.96,0.0,25.78
6744,2004-11-17,21.11,0.0,26.02
6745,2004-11-18,21.41,0.0,25.21
6746,2004-11-19,21.38,0.0,26.54
6747,2004-11-20,22.47,0.0,26.18
6748,2004-11-21,22.78,0.0,25.65
6749,2004-11-22,21.4,0.0,32.92
6750,2004-11-23,20.71,0.0,42.68
6751,2004-11-24,20.2,0.0,47.92
6752,2004-11-25,20.15,0.0,51.42
6753,2004-11-26,20.25,0.0,46.03
6754,2004-11-27,19.31,0.0,43.13
6755,2004-11-28,18.24,0.0,40.09
6756,2004-11-29,20.02,0.01,36.28
6757,2004-11-30,18.55,0.64,51.35
6758,2004-12-01,19.35,0.23,42.34
6759,2004-12-02,18.37,0.3,42.77
6760,2004-12-03,18.02,0.0,37.11
6761,2004-12-04,17.72,0.0,35.05
6762,2004-12-05,17.09,0.0,34.64
6763,2004-12-06,17.32,0.0,28.13
6764,2004-12-07,17.7,0.0,23.35
6765,2004-12-08,15.27,0.0,31.16
6766,2004-12-09,15.6,0.0,22.58
6767,2004-12-10,17.41,0.0,18.39
6768,2004-12-11,17.08,0.0,22.85
6769,2004-12-12,17.64,0.0,25.33
6770,2004-12-13,17.78,0.0,27.02
6771,2004-12-14,17.3,0.0,30.31
6772,2004-12-15,17.74,0.0,32.02
6773,2004-12-16,17.9,0.0,31.37
6774,2004-12-17,19.13,0.0,27.16
6775,2004-12-18,18.27,0.0,30.17
6776,2004-12-19,17.58,3.48,33.0
6777,2004-12-20,13.44,1.16,62.61
6778,2004-12-21,14.32,0.0,59.85
6779,2004-12-22,14.31,0.0,58.95
6780,2004-12-23,13.73,0.0,51.36
6781,2004-12-24,13.58,0.0,47.09
6782,2004-12-25,11.56,0.0,51.59
6783,2004-12-26,9.95,0.0,42.1
6784,2004-12-27,11.21,0.0,29.18
6785,2004-12-28,13.47,0.0,24.88
6786,2004-12-29,14.12,0.0,31.26
6787,2004-12-30,14.65,0.46,39.76
6788,2004-12-31,15.37,10.39,62.5
6789,2005-01-01,13.65,0.77,63.85
6790,2005-01-02,12.63,0.01,53.65
6791,2005-01-03,11.94,0.01,54.45
6792,2005-01-04,12.17,0.0,54.57
6793,2005-01-05,11.56,0.0,54.77
6794,2005-01-06,12.0,0.0,46.39
6795,2005-01-07,11.79,0.0,45.45
6796,2005-01-08,13.09,0.0,41.39
6797,2005-01-09,14.21,0.0,36.02
6798,2005-01-10,13.02,0.02,44.78
6799,2005-01-11,12.7,0.0,45.74
6800,2005-01-12,11.74,0.0,37.82
6801,2005-01-13,12.27,0.0,33.25
6802,2005-01-14,12.9,0.0,39.69
6803,2005-01-15,13.36,0.0,44.4
6804,2005-01-16,14.07,0.09,40.4
6805,2005-01-17,12.67,0.53,48.9
6806,2005-01-18,11.39,0.0,38.38
6807,2005-01-19,10.98,0.0,41.14
6808,2005-01-20,11.6,0.0,38.08
6809,2005-01-21,10.75,2.5,55.8
6810,2005-01-22,8.38,16.9,88.32
6811,2005-01-23,9.6,0.0,75.26
6812,2005-01-24,10.08,0.06,69.37
6813,2005-01-25,10.86,0.0,69.38
6814,2005-01-26,12.74,0.0,54.61
6815,2005-01-27,12.98,13.13,55.38
6816,2005-01-28,12.18,6.82,76.3
6817,2005-01-29,11.62,0.0,60.76
6818,2005-01-30,11.79,0.0,55.61
6819,2005-01-31,12.94,0.0,52.49
6820,2005-02-01,12.58,0.0,53.6
6821,2005-02-02,12.26,0.0,45.9
6822,2005-02-03,12.75,0.0,38.17
6823,2005-02-04,12.78,0.02,43.32
6824,2005-02-05,11.97,1.53,60.89
6825,2005-02-06,9.68,10.23,91.32
6826,2005-02-07,13.78,2.78,78.14
6827,2005-02-08,15.03,6.71,77.49
6828,2005-02-09,14.69,10.26,84.56
6829,2005-02-10,16.67,2.69,71.62
6830,2005-02-11,17.49,0.14,63.15
6831,2005-02-12,18.25,0.02,62.35
6832,2005-02-13,17.86,0.04,58.32
6833,2005-02-14,14.22,0.53,71.31
6834,2005-02-15,14.72,7.94,84.28
6835,2005-02-16,14.23,0.0,62.88
6836,2005-02-17,14.64,0.03,51.32
6837,2005-02-18,14.25,3.87,58.62
6838,2005-02-19,11.73,3.45,61.48
6839,2005-02-20,10.75,0.18,55.69
6840,2005-02-21,11.21,0.0,52.05
6841,2005-02-22,13.16,0.03,52.51
6842,2005-02-23,13.16,0.08,52.08
6843,2005-02-24,15.71,0.0,48.24
6844,2005-02-25,16.18,0.0,47.72
6845,2005-02-26,16.54,0.0,50.22
6846,2005-02-27,16.7,0.01,47.23
6847,2005-02-28,18.21,0.0,54.6
6848,2005-03-01,18.73,0.5,63.09
6849,2005-03-02,18.31,0.14,68.6
6850,2005-03-03,21.9,0.1,53.56
6851,2005-03-04,22.22,1.48,50.44
6852,2005-03-05,19.14,1.77,70.52
6853,2005-03-06,21.79,0.0,57.16
6854,2005-03-07,21.88,0.0,49.93
6855,2005-03-08,22.97,0.25,46.45
6856,2005-03-09,19.25,9.41,75.81
6857,2005-03-10,18.59,0.66,73.99
6858,2005-03-11,19.96,0.0,58.27
6859,2005-03-12,21.36,0.14,49.47
6860,2005-03-13,22.07,0.0,49.33
6861,2005-03-14,23.33,0.0,49.46
6862,2005-03-15,25.14,0.0,49.94
6863,2005-03-16,26.17,0.0,48.36
6864,2005-03-17,25.87,0.01,47.59
6865,2005-03-18,24.84,8.63,52.24
6866,2005-03-19,25.2,1.58,49.27
6867,2005-03-20,23.48,3.9,59.84
6868,2005-03-21,20.81,21.96,74.85
6869,2005-03-22,20.52,0.32,61.61
6870,2005-03-23,20.79,0.11,56.54
6871,2005-03-24,21.33,0.0,55.0
6872,2005-03-25,20.68,2.03,51.81
6873,2005-03-26,21.43,0.73,51.95
6874,2005-03-27,23.87,0.32,47.62
6875,2005-03-28,23.9,0.03,42.48
6876,2005-03-29,22.86,0.0,42.18
6877,2005-03-30,22.36,0.0,37.13
6878,2005-03-31,22.03,0.0,39.66
6879,2005-04-01,23.52,0.0,35.29
6880,2005-04-02,24.32,0.0,31.98
6881,2005-04-03,25.09,0.0,32.8
6882,2005-04-04,26.24,0.0,32.45
6883,2005-04-05,27.58,0.0,29.36
6884,2005-04-06,26.88,0.0,29.86
6885,2005-04-07,26.94,0.0,25.87
6886,2005-04-08,22.75,0.0,22.84
6887,2005-04-09,20.67,0.0,23.38
6888,2005-04-10,20.49,0.0,31.96
6889,2005-04-11,21.3,0.0,30.5
6890,2005-04-12,22.64,0.0,30.22
6891,2005-04-13,25.75,0.0,29.46
6892,2005-04-14,27.99,0.0,25.55
6893,2005-04-15,27.83,0.0,27.21
6894,2005-04-16,27.07,0.0,29.61
6895,2005-04-17,27.18,0.0,28.51
6896,2005-04-18,28.06,0.0,27.65
6897,2005-04-19,29.12,0.0,22.66
6898,2005-04-20,28.36,0.0,24.08
6899,2005-04-21,29.46,0.0,28.45
6900,2005-04-22,29.83,0.0,33.24
6901,2005-04-23,29.43,0.0,33.08
6902,2005-04-24,29.66,0.14,36.05
6903,2005-04-25,29.66,1.18,39.8
6904,2005-04-26,28.89,2.13,40.54
6905,2005-04-27,27.86,4.91,39.74
6906,2005-04-28,27.61,2.49,40.77
6907,2005-04-29,28.55,0.0,30.01
6908,2005-04-30,29.98,0.0,28.73
6909,2005-05-01,30.24,0.11,34.4
6910,2005-05-02,29.79,0.04,36.92
6911,2005-05-03,29.06,1.22,40.7
6912,2005-05-04,29.47,0.0,37.89
6913,2005-05-05,29.95,0.0,37.4
6914,2005-05-06,32.38,0.0,30.75
6915,2005-05-07,33.71,0.0,26.14
6916,2005-05-08,32.98,2.96,29.13
6917,2005-05-09,31.93,0.55,32.41
6918,2005-05-10,30.34,0.0,29.27
6919,2005-05-11,31.37,0.0,19.01
6920,2005-05-12,32.28,0.0,14.46
6921,2005-05-13,33.32,0.04,13.83
6922,2005-05-14,32.92,0.0,15.12
6923,2005-05-15,33.28,0.0,13.92
6924,2005-05-16,34.4,0.0,14.01
6925,2005-05-17,35.7,0.02,14.71
6926,2005-05-18,35.59,0.47,15.1
6927,2005-05-19,35.26,0.02,15.32
6928,2005-05-20,35.29,0.0,14.26
6929,2005-05-21,35.78,0.0,15.36
6930,2005-05-22,33.73,0.0,22.01
6931,2005-05-23,34.33,0.0,21.88
6932,2005-05-24,34.3,0.0,17.17
6933,2005-05-25,35.11,0.0,12.45
6934,2005-05-26,35.16,0.52,15.38
6935,2005-05-27,34.41,0.02,17.34
6936,2005-05-28,34.7,0.0,15.74
6937,2005-05-29,35.08,0.0,18.13
6938,2005-05-30,35.03,0.12,21.07
6939,2005-05-31,34.9,0.0,20.14
6940,2005-06-01,34.82,0.0,15.87
6941,2005-06-02,36.2,0.01,14.79
6942,2005-06-03,37.23,0.0,14.77
6943,2005-06-04,38.5,0.0,12.42
6944,2005-06-05,39.15,0.0,11.59
6945,2005-06-06,38.17,0.0,13.05
6946,2005-06-07,34.89,0.58,21.43
6947,2005-06-08,35.1,0.03,28.49
6948,2005-06-09,37.18,0.0,19.3
6949,2005-06-10,34.8,5.79,25.05
6950,2005-06-11,35.62,0.0,22.02
6951,2005-06-12,35.46,0.0,18.88
6952,2005-06-13,36.0,0.0,17.84
6953,2005-06-14,35.35,0.0,23.15
6954,2005-06-15,37.08,0.0,18.17
6955,2005-06-16,37.7,0.0,16.86
6956,2005-06-17,38.18,0.0,17.83
6957,2005-06-18,38.94,0.01,17.93
6958,2005-06-19,39.25,1.57,19.89
6959,2005-06-20,40.35,0.0,17.6
6960,2005-06-21,40.17,0.13,18.08
6961,2005-06-22,40.5,0.03,18.56
6962,2005-06-23,41.86,0.01,18.25
6963,2005-06-24,40.98,0.0,22.62
6964,2005-06-25,38.34,13.87,35.72
6965,2005-06-26,36.26,5.78,48.12
6966,2005-06-27,37.06,1.68,46.35
6967,2005-06-28,35.21,23.58,51.7
6968,2005-06-29,33.84,5.95,57.56
6969,2005-06-30,33.17,26.5,63.79
6970,2005-07-01,33.03,30.79,63.01
6971,2005-07-02,33.1,5.71,58.82
6972,2005-07-03,32.88,9.96,56.57
6973,2005-07-04,33.4,3.48,50.16
6974,2005-07-05,30.8,6.93,62.02
6975,2005-07-06,28.65,10.69,72.94
6976,2005-07-07,27.3,24.18,78.25
6977,2005-07-08,30.92,11.73,70.18
6978,2005-07-09,33.56,0.29,61.95
6979,2005-07-10,35.23,0.11,53.93
6980,2005-07-11,33.08,3.03,63.95
6981,2005-07-12,30.14,2.53,74.5
6982,2005-07-13,30.47,1.25,69.88
6983,2005-07-14,29.5,0.66,73.93
6984,2005-07-15,30.29,0.24,69.36
6985,2005-07-16,31.63,0.08,62.26
6986,2005-07-17,32.4,0.66,59.64
6987,2005-07-18,31.47,5.12,61.2
6988,2005-07-19,33.13,0.36,57.97
6989,2005-07-20,35.07,2.63,51.67
6990,2005-07-21,35.01,0.68,51.16
6991,2005-07-22,35.57,0.46,48.32
6992,2005-07-23,35.42,0.66,48.25
6993,2005-07-24,34.51,0.09,47.76
6994,2005-07-25,35.38,0.01,44.15
6995,2005-07-26,34.57,0.22,51.05
6996,2005-07-27,34.19,0.62,52.96
6997,2005-07-28,34.11,0.26,52.19
6998,2005-07-29,33.32,14.16,55.98
6999,2005-07-30,33.4,2.65,55.2
7000,2005-07-31,34.42,0.96,53.63
7001,2005-08-01,34.7,0.99,52.53
7002,2005-08-02,34.31,2.73,55.31
7003,2005-08-03,34.9,4.35,52.38
7004,2005-08-04,34.79,2.39,55.41
7005,2005-08-05,34.81,20.93,54.01
7006,2005-08-06,33.22,11.77,61.16
7007,2005-08-07,32.18,6.9,61.44
7008,2005-08-08,30.5,2.47,62.58
7009,2005-08-09,32.13,0.14,53.85
7010,2005-08-10,33.03,0.0,50.91
7011,2005-08-11,34.07,0.31,46.14
7012,2005-08-12,35.04,0.4,44.84
7013,2005-08-13,34.84,0.14,47.28
7014,2005-08-14,34.68,0.01,47.84
7015,2005-08-15,35.59,0.23,43.84
7016,2005-08-16,33.88,11.76,53.12
7017,2005-08-17,33.78,3.13,53.16
7018,2005-08-18,33.95,0.41,50.78
7019,2005-08-19,34.17,0.14,46.02
7020,2005-08-20,33.76,0.42,46.58
7021,2005-08-21,34.17,0.05,45.53
7022,2005-08-22,34.39,1.73,43.71
7023,2005-08-23,34.16,0.12,43.14
7024,2005-08-24,34.22,0.14,38.68
7025,2005-08-25,33.92,0.37,40.18
7026,2005-08-26,33.53,0.23,41.55
7027,2005-08-27,33.87,0.03,42.28
7028,2005-08-28,33.49,0.1,41.4
7029,2005-08-29,32.41,0.01,41.97
7030,2005-08-30,32.97,0.0,41.98
7031,2005-08-31,33.08,0.0,39.85
7032,2005-09-01,33.5,0.0,37.93
7033,2005-09-02,34.05,0.0,34.29
7034,2005-09-03,34.26,0.08,34.96
7035,2005-09-04,33.73,0.02,39.47
7036,2005-09-05,33.91,0.16,46.99
7037,2005-09-06,34.3,0.04,48.71
7038,2005-09-07,32.18,0.0,56.01
7039,2005-09-08,31.48,14.09,64.38
7040,2005-09-09,30.28,10.75,69.15
7041,2005-09-10,28.53,12.62,72.29
7042,2005-09-11,31.09,1.48,57.1
7043,2005-09-12,29.91,10.93,59.73
7044,2005-09-13,27.73,6.77,66.71
7045,2005-09-14,25.03,17.03,81.2
7046,2005-09-15,28.93,2.02,66.06
7047,2005-09-16,30.61,0.39,56.0
7048,2005-09-17,29.46,10.87,64.58
7049,2005-09-18,28.42,10.79,67.94
7050,2005-09-19,30.25,0.0,56.83
7051,2005-09-20,31.73,0.0,48.92
7052,2005-09-21,31.49,0.02,52.14
7053,2005-09-22,30.27,6.09,65.21
7054,2005-09-23,29.99,5.13,62.01
7055,2005-09-24,27.87,2.47,64.86
7056,2005-09-25,28.75,0.09,53.48
7057,2005-09-26,29.58,0.02,47.01
7058,2005-09-27,30.38,0.0,44.41
7059,2005-09-28,29.95,0.06,45.03
7060,2005-09-29,29.97,0.0,41.31
7061,2005-09-30,28.91,0.05,41.32
7062,2005-10-01,29.07,0.0,37.4
7063,2005-10-02,28.05,0.0,39.25
7064,2005-10-03,28.0,0.0,40.49
7065,2005-10-04,28.21,0.0,39.15
7066,2005-10-05,28.68,0.0,38.31
7067,2005-10-06,29.0,0.0,39.35
7068,2005-10-07,28.95,0.0,37.14
7069,2005-10-08,28.03,0.0,38.33
7070,2005-10-09,28.29,0.03,35.18
7071,2005-10-10,27.36,0.04,39.49
7072,2005-10-11,27.03,0.0,44.05
7073,2005-10-12,26.54,2.15,43.45
7074,2005-10-13,26.42,0.0,41.66
7075,2005-10-14,26.38,0.0,40.63
7076,2005-10-15,26.26,0.0,36.22
7077,2005-10-16,24.69,0.03,42.89
7078,2005-10-17,25.3,0.05,39.24
7079,2005-10-18,24.38,0.0,39.44
7080,2005-10-19,24.15,0.0,34.58
7081,2005-10-20,23.48,0.03,35.12
7082,2005-10-21,22.73,0.01,37.38
7083,2005-10-22,23.43,0.0,31.65
7084,2005-10-23,23.94,0.0,27.27
7085,2005-10-24,22.04,0.0,36.69
7086,2005-10-25,22.66,0.0,43.1
7087,2005-10-26,23.49,0.0,39.73
7088,2005-10-27,23.83,0.0,32.73
7089,2005-10-28,22.93,0.0,30.79
7090,2005-10-29,22.51,0.0,31.68
7091,2005-10-30,22.53,0.0,28.73
7092,2005-10-31,21.24,0.0,33.41
7093,2005-11-01,20.3,0.0,43.03
7094,2005-11-02,20.63,0.0,44.55
7095,2005-11-03,21.13,0.04,45.02
7096,2005-11-04,21.2,0.89,39.1
7097,2005-11-05,20.05,0.0,35.22
7098,2005-11-06,19.04,0.0,34.53
7099,2005-11-07,18.62,0.0,36.57
7100,2005-11-08,20.18,0.0,32.26
7101,2005-11-09,19.93,0.0,30.85
7102,2005-11-10,20.58,0.0,32.42
7103,2005-11-11,21.24,0.02,32.23
7104,2005-11-12,20.99,0.01,36.32
7105,2005-11-13,19.95,0.0,36.36
7106,2005-11-14,19.42,0.0,28.89
7107,2005-11-15,18.95,0.0,27.78
7108,2005-11-16,18.46,0.0,26.1
7109,2005-11-17,17.24,0.0,23.09
7110,2005-11-18,17.86,0.0,19.73
7111,2005-11-19,18.3,0.0,20.22
7112,2005-11-20,19.23,0.0,17.68
7113,2005-11-21,19.65,0.0,18.47
7114,2005-11-22,19.55,0.0,21.73
7115,2005-11-23,19.72,0.0,26.34
7116,2005-11-24,19.39,0.0,28.36
7117,2005-11-25,19.16,0.0,25.54
7118,2005-11-26,18.38,0.0,28.02
7119,2005-11-27,17.16,0.43,31.25
7120,2005-11-28,17.88,1.26,39.94
7121,2005-11-29,17.32,0.0,39.06
7122,2005-11-30,14.83,0.0,31.13
7123,2005-12-01,13.7,0.0,25.94
7124,2005-12-02,13.56,0.0,27.71
7125,2005-12-03,14.1,0.0,25.9
7126,2005-12-04,13.88,0.0,24.6
7127,2005-12-05,14.5,0.0,23.1
7128,2005-12-06,16.45,0.0,21.08
7129,2005-12-07,17.16,0.0,21.93
7130,2005-12-08,17.28,0.0,21.48
7131,2005-12-09,16.85,0.0,22.53
7132,2005-12-10,15.02,0.0,20.96
7133,2005-12-11,15.28,0.0,15.92
7134,2005-12-12,13.91,0.0,17.76
7135,2005-12-13,12.25,0.0,19.75
7136,2005-12-14,12.16,0.0,19.07
7137,2005-12-15,12.73,0.0,16.78
7138,2005-12-16,13.6,0.0,16.0
7139,2005-12-17,12.89,0.0,16.62
7140,2005-12-18,13.09,0.0,17.34
7141,2005-12-19,13.83,0.0,17.26
7142,2005-12-20,13.48,0.0,27.28
7143,2005-12-21,14.49,0.0,39.38
7144,2005-12-22,14.33,0.0,43.26
7145,2005-12-23,13.71,0.01,39.24
7146,2005-12-24,11.81,0.0,53.04
7147,2005-12-25,11.66,0.0,29.89
7148,2005-12-26,13.51,0.0,20.05
7149,2005-12-27,15.74,0.0,17.43
7150,2005-12-28,13.62,0.0,25.51
7151,2005-12-29,14.45,0.0,26.15
7152,2005-12-30,14.53,0.0,28.57
7153,2005-12-31,14.41,0.0,32.47
7154,2006-01-01,15.12,0.17,38.48
7155,2006-01-02,13.06,7.48,63.15
7156,2006-01-03,11.74,0.03,70.78
7157,2006-01-04,10.07,0.0,56.89
7158,2006-01-05,9.39,0.0,45.81
7159,2006-01-06,8.19,0.0,41.89
7160,2006-01-07,8.93,0.0,37.32
7161,2006-01-08,9.5,0.0,34.71
7162,2006-01-09,9.74,0.0,36.28
7163,2006-01-10,10.76,0.0,34.29
7164,2006-01-11,11.44,0.0,33.12
7165,2006-01-12,12.9,0.0,33.14
7166,2006-01-13,14.04,0.0,31.57
7167,2006-01-14,14.94,0.0,29.99
7168,2006-01-15,14.4,0.35,40.62
7169,2006-01-16,15.18,1.71,60.35
7170,2006-01-17,12.04,0.95,77.77
7171,2006-01-18,14.31,0.0,57.51
7172,2006-01-19,13.12,0.0,42.7
7173,2006-01-20,12.19,0.0,35.14
7174,2006-01-21,11.14,0.0,42.87
7175,2006-01-22,11.64,0.0,34.55
7176,2006-01-23,10.9,0.0,31.42
7177,2006-01-24,11.19,0.0,36.09
7178,2006-01-25,11.87,0.0,33.2
7179,2006-01-26,12.31,0.0,27.6
7180,2006-01-27,13.24,0.0,29.88
7181,2006-01-28,13.77,0.0,37.74
7182,2006-01-29,14.65,0.0,49.73
7183,2006-01-30,16.84,0.0,43.62
7184,2006-01-31,18.66,0.0,29.63
7185,2006-02-01,18.41,0.0,27.29
7186,2006-02-02,16.91,0.0,33.73
7187,2006-02-03,17.6,0.0,37.15
7188,2006-02-04,16.75,0.0,31.29
7189,2006-02-05,18.7,0.0,21.16
7190,2006-02-06,19.89,0.0,18.66
7191,2006-02-07,19.33,0.0,19.33
7192,2006-02-08,20.85,0.0,19.45
7193,2006-02-09,19.6,0.0,22.73
7194,2006-02-10,19.96,0.0,27.43
7195,2006-02-11,21.52,0.0,23.22
7196,2006-02-12,21.91,0.0,23.85
7197,2006-02-13,22.42,0.0,25.6
7198,2006-02-14,21.91,0.01,29.28
7199,2006-02-15,21.51,0.0,30.86
7200,2006-02-16,21.71,0.0,34.07
7201,2006-02-17,22.32,0.0,31.41
7202,2006-02-18,22.67,0.0,36.19
7203,2006-02-19,22.53,0.0,42.22
7204,2006-02-20,23.54,0.0,36.01
7205,2006-02-21,22.99,0.0,26.19
7206,2006-02-22,23.62,0.03,27.4
7207,2006-02-23,23.8,0.04,27.02
7208,2006-02-24,23.24,0.0,27.99
7209,2006-02-25,23.2,0.68,31.36
7210,2006-02-26,22.69,0.44,46.0
7211,2006-02-27,21.0,2.6,44.43
7212,2006-02-28,19.59,0.0,34.44
7213,2006-03-01,20.5,0.0,23.69
7214,2006-03-02,21.51,0.0,19.73
7215,2006-03-03,22.02,0.0,20.48
7216,2006-03-04,22.31,0.0,19.5
7217,2006-03-05,21.72,0.0,22.83
7218,2006-03-06,22.68,0.59,23.33
7219,2006-03-07,22.93,0.0,28.56
7220,2006-03-08,23.58,0.0,27.5
7221,2006-03-09,23.58,0.24,34.32
7222,2006-03-10,20.58,8.84,60.41
7223,2006-03-11,19.77,3.51,71.68
7224,2006-03-12,21.13,0.03,53.67
7225,2006-03-13,20.79,0.42,49.37
7226,2006-03-14,17.75,15.29,80.5
7227,2006-03-15,18.1,5.85,72.46
7228,2006-03-16,19.42,0.0,54.09
7229,2006-03-17,19.35,0.0,40.8
7230,2006-03-18,20.31,0.0,34.97
7231,2006-03-19,21.25,0.0,39.36
7232,2006-03-20,22.02,0.06,42.47
7233,2006-03-21,21.26,0.0,43.94
7234,2006-03-22,21.42,0.0,39.98
7235,2006-03-23,23.77,0.02,32.43
7236,2006-03-24,23.51,0.94,36.61
7237,2006-03-25,22.12,0.14,46.75
7238,2006-03-26,22.43,6.32,47.38
7239,2006-03-27,21.84,1.37,46.45
7240,2006-03-28,21.69,1.3,45.82
7241,2006-03-29,22.6,0.0,37.38
7242,2006-03-30,24.85,0.0,33.95
7243,2006-03-31,27.38,0.0,26.78
7244,2006-04-01,27.87,0.0,26.87
7245,2006-04-02,26.9,0.0,29.78
7246,2006-04-03,26.66,0.03,29.39
7247,2006-04-04,26.59,0.0,27.07
7248,2006-04-05,27.34,0.0,26.99
7249,2006-04-06,29.52,0.0,23.32
7250,2006-04-07,29.7,0.0,21.58
7251,2006-04-08,28.51,0.0,23.11
7252,2006-04-09,28.99,0.06,24.38
7253,2006-04-10,26.51,0.01,34.64
7254,2006-04-11,25.72,0.0,17.36
7255,2006-04-12,24.04,0.0,15.21
7256,2006-04-13,24.94,0.0,13.01
7257,2006-04-14,26.4,0.0,13.25
7258,2006-04-15,28.0,0.0,13.13
7259,2006-04-16,29.09,0.0,18.86
7260,2006-04-17,28.24,0.01,21.05
7261,2006-04-18,28.32,0.05,19.55
7262,2006-04-19,28.16,0.16,28.87
7263,2006-04-20,29.06,0.0,20.59
7264,2006-04-21,29.59,0.0,21.85
7265,2006-04-22,31.42,0.0,20.35
7266,2006-04-23,32.37,0.08,18.84
7267,2006-04-24,32.16,0.19,18.92
7268,2006-04-25,33.57,0.0,16.28
7269,2006-04-26,34.44,0.0,17.27
7270,2006-04-27,34.88,0.0,15.02
7271,2006-04-28,35.12,0.07,14.17
7272,2006-04-29,34.62,0.2,17.46
7273,2006-04-30,34.76,0.0,18.01
7274,2006-05-01,34.48,0.0,16.25
7275,2006-05-02,34.47,0.06,19.22
7276,2006-05-03,33.48,0.05,19.79
7277,2006-05-04,35.33,0.0,15.37
7278,2006-05-05,37.36,0.0,11.63
7279,2006-05-06,37.19,0.0,13.35
7280,2006-05-07,37.44,0.0,13.42
7281,2006-05-08,37.31,0.05,18.5
7282,2006-05-09,36.51,2.18,20.96
7283,2006-05-10,36.5,0.0,20.53
7284,2006-05-11,37.72,0.04,14.57
7285,2006-05-12,37.62,0.02,14.57
7286,2006-05-13,37.65,0.0,13.0
7287,2006-05-14,37.86,0.0,15.88
7288,2006-05-15,38.01,0.05,19.46
7289,2006-05-16,37.8,1.15,27.41
7290,2006-05-17,34.17,2.27,34.49
7291,2006-05-18,35.22,0.31,29.37
7292,2006-05-19,35.97,0.22,27.14
7293,2006-05-20,35.56,1.75,30.55
7294,2006-05-21,35.76,1.02,28.92
7295,2006-05-22,36.45,0.22,34.44
7296,2006-05-23,35.12,3.12,37.66
7297,2006-05-24,36.22,0.0,29.84
7298,2006-05-25,37.88,0.05,25.67
7299,2006-05-26,36.2,7.47,36.03
7300,2006-05-27,37.96,0.02,25.73
7301,2006-05-28,37.24,0.27,23.75
7302,2006-05-29,37.02,1.37,28.4
7303,2006-05-30,38.47,0.0,21.63
7304,2006-05-31,38.0,0.0,19.46
7305,2006-06-01,36.64,3.3,23.24
7306,2006-06-02,36.29,0.02,22.74
7307,2006-06-03,35.22,0.08,31.93
7308,2006-06-04,34.97,0.58,35.36
7309,2006-06-05,35.37,0.09,28.67
7310,2006-06-06,36.02,0.0,21.33
7311,2006-06-07,36.76,0.0,18.95
7312,2006-06-08,36.34,0.0,15.43
7313,2006-06-09,37.0,0.0,14.6
7314,2006-06-10,38.1,0.0,10.13
7315,2006-06-11,37.1,0.0,11.6
7316,2006-06-12,37.47,0.41,15.09
7317,2006-06-13,36.16,2.11,20.68
7318,2006-06-14,35.5,0.18,29.79
7319,2006-06-15,36.39,0.13,26.93
7320,2006-06-16,34.24,8.83,36.59
7321,2006-06-17,30.65,5.94,49.07
7322,2006-06-18,32.75,0.0,35.07
7323,2006-06-19,31.16,4.58,39.61
7324,2006-06-20,33.56,0.01,34.43
7325,2006-06-21,34.8,0.03,33.77
7326,2006-06-22,36.76,0.01,28.77
7327,2006-06-23,36.37,0.22,31.97
7328,2006-06-24,35.58,9.62,44.33
7329,2006-06-25,34.28,7.72,50.48
7330,2006-06-26,33.89,8.68,54.38
7331,2006-06-27,33.44,11.75,55.67
7332,2006-06-28,33.88,5.75,54.2
7333,2006-06-29,34.01,7.91,52.32
7334,2006-06-30,33.95,0.22,51.03
7335,2006-07-01,35.52,0.01,44.97
7336,2006-07-02,37.3,0.09,37.53
7337,2006-07-03,37.05,1.46,39.15
7338,2006-07-04,37.56,0.1,39.45
7339,2006-07-05,36.89,0.07,42.43
7340,2006-07-06,37.12,0.0,41.8
7341,2006-07-07,37.59,0.0,41.08
7342,2006-07-08,37.97,0.03,43.02
7343,2006-07-09,35.55,21.45,54.85
7344,2006-07-10,31.57,4.29,67.85
7345,2006-07-11,31.93,6.41,62.08
7346,2006-07-12,31.78,22.63,64.8
7347,2006-07-13,29.83,55.21,77.11
7348,2006-07-14,30.08,2.02,71.21
7349,2006-07-15,32.31,0.0,60.35
7350,2006-07-16,33.08,0.09,53.91
7351,2006-07-17,33.57,0.06,46.65
7352,2006-07-18,33.75,1.52,51.44
7353,2006-07-19,33.21,1.92,58.42
7354,2006-07-20,32.71,0.56,60.56
7355,2006-07-21,33.66,0.03,56.53
7356,2006-07-22,33.77,0.05,53.76
7357,2006-07-23,29.75,3.31,67.84
7358,2006-07-24,31.22,13.2,69.5
7359,2006-07-25,31.83,9.65,66.89
7360,2006-07-26,29.8,22.5,76.47
7361,2006-07-27,28.51,31.56,78.06
7362,2006-07-28,29.52,2.68,73.8
7363,2006-07-29,29.85,0.91,72.61
7364,2006-07-30,32.32,7.85,63.22
7365,2006-07-31,30.99,0.07,66.96
7366,2006-08-01,31.65,0.32,65.97
7367,2006-08-02,30.52,0.5,71.9
7368,2006-08-03,30.8,0.39,68.87
7369,2006-08-04,30.03,1.83,72.34
7370,2006-08-05,29.2,3.56,73.32
7371,2006-08-06,29.59,7.65,71.87
7372,2006-08-07,29.8,8.31,72.16
7373,2006-08-08,30.46,0.05,67.98
7374,2006-08-09,31.17,0.02,65.28
7375,2006-08-10,31.75,0.24,63.89
7376,2006-08-11,32.01,0.07,62.88
7377,2006-08-12,31.59,0.0,63.33
7378,2006-08-13,33.06,0.04,59.96
7379,2006-08-14,33.01,5.26,61.36
7380,2006-08-15,31.6,2.53,66.86
7381,2006-08-16,32.27,0.02,61.89
7382,2006-08-17,32.83,0.68,60.08
7383,2006-08-18,33.8,0.16,54.79
7384,2006-08-19,32.57,0.14,60.09
7385,2006-08-20,31.85,0.05,63.73
7386,2006-08-21,32.4,0.0,60.55
7387,2006-08-22,33.1,0.39,56.72
7388,2006-08-23,31.95,1.32,60.59
7389,2006-08-24,32.86,6.31,59.88
7390,2006-08-25,32.97,3.4,60.22
7391,2006-08-26,33.03,0.72,59.54
7392,2006-08-27,31.59,32.55,63.91
7393,2006-08-28,30.23,7.64,68.4
7394,2006-08-29,30.56,2.27,63.77
7395,2006-08-30,30.89,0.95,60.39
7396,2006-08-31,29.32,2.51,65.53
7397,2006-09-01,26.43,41.79,81.23
7398,2006-09-02,25.12,69.55,90.0
7399,2006-09-03,26.79,15.49,84.11
7400,2006-09-04,26.85,0.0,80.86
7401,2006-09-05,28.06,0.01,76.71
7402,2006-09-06,28.7,0.08,78.11
7403,2006-09-07,29.4,0.74,76.23
7404,2006-09-08,29.38,0.26,75.75
7405,2006-09-09,29.51,0.06,75.78
7406,2006-09-10,29.33,0.01,75.03
7407,2006-09-11,29.17,0.04,73.5
7408,2006-09-12,29.43,0.04,69.97
7409,2006-09-13,29.13,0.75,69.1
7410,2006-09-14,28.85,0.49,69.53
7411,2006-09-15,28.8,1.77,69.61
7412,2006-09-16,28.53,0.34,69.69
7413,2006-09-17,28.96,0.0,71.18
7414,2006-09-18,29.29,0.0,69.51
7415,2006-09-19,30.0,0.0,63.3
7416,2006-09-20,30.12,0.22,58.94
7417,2006-09-21,29.38,0.27,61.22
7418,2006-09-22,28.42,0.85,60.44
7419,2006-09-23,27.44,0.01,57.74
7420,2006-09-24,27.0,0.0,53.89
7421,2006-09-25,27.38,0.0,53.27
7422,2006-09-26,27.41,0.0,53.22
7423,2006-09-27,27.42,0.0,53.14
7424,2006-09-28,27.32,0.0,47.87
7425,2006-09-29,27.01,0.0,48.59
7426,2006-09-30,27.65,0.0,47.49
7427,2006-10-01,28.17,0.0,44.88
7428,2006-10-02,28.12,0.0,44.78
7429,2006-10-03,28.75,0.0,42.95
7430,2006-10-04,28.66,0.0,45.89
7431,2006-10-05,28.35,0.0,44.92
7432,2006-10-06,27.69,0.0,42.63
7433,2006-10-07,27.75,0.0,40.43
7434,2006-10-08,27.75,0.0,44.18
7435,2006-10-09,28.12,0.0,47.3
7436,2006-10-10,28.25,0.0,49.79
7437,2006-10-11,27.97,0.0,50.39
7438,2006-10-12,28.32,0.13,47.8
7439,2006-10-13,27.97,5.0,50.75
7440,2006-10-14,26.75,0.16,54.3
7441,2006-10-15,25.92,0.0,51.38
7442,2006-10-16,25.89,0.0,48.49
7443,2006-10-17,26.3,0.0,47.47
7444,2006-10-18,26.75,0.0,45.55
7445,2006-10-19,26.38,6.3,49.52
7446,2006-10-20,20.77,19.01,76.92
7447,2006-10-21,22.69,0.05,57.63
7448,2006-10-22,22.98,0.02,55.59
7449,2006-10-23,23.18,0.0,57.49
7450,2006-10-24,22.81,0.0,60.32
7451,2006-10-25,23.58,0.0,56.45
7452,2006-10-26,23.65,0.0,56.39
7453,2006-10-27,23.69,0.0,50.93
7454,2006-10-28,23.5,0.0,49.38
7455,2006-10-29,23.27,0.0,49.93
7456,2006-10-30,22.81,0.0,51.8
7457,2006-10-31,23.71,0.0,51.41
7458,2006-11-01,23.47,0.0,51.44
7459,2006-11-02,23.29,0.0,53.52
7460,2006-11-03,22.64,0.0,56.26
7461,2006-11-04,22.42,0.0,58.59
7462,2006-11-05,22.29,0.0,53.59
7463,2006-11-06,22.63,0.0,54.36
7464,2006-11-07,23.12,0.0,49.6
7465,2006-11-08,21.87,0.0,49.77
7466,2006-11-09,21.31,0.0,50.24
7467,2006-11-10,21.16,0.0,53.2
7468,2006-11-11,22.0,0.01,52.24
7469,2006-11-12,22.1,0.08,53.8
7470,2006-11-13,21.08,0.05,55.04
7471,2006-11-14,20.41,0.0,49.69
7472,2006-11-15,19.85,0.0,43.4
7473,2006-11-16,19.13,0.03,48.13
7474,2006-11-17,19.8,1.89,54.29
7475,2006-11-18,18.88,0.23,63.79
7476,2006-11-19,18.83,0.03,59.63
7477,2006-11-20,18.46,0.0,54.91
7478,2006-11-21,18.71,0.02,49.54
7479,2006-11-22,18.17,7.2,56.49
7480,2006-11-23,17.69,0.0,56.39
7481,2006-11-24,16.37,0.0,47.81
7482,2006-11-25,14.96,0.0,41.87
7483,2006-11-26,14.02,0.0,43.95
7484,2006-11-27,14.61,0.0,40.37
7485,2006-11-28,14.55,0.0,39.08
7486,2006-11-29,14.41,0.0,43.59
7487,2006-11-30,13.93,0.0,47.56
7488,2006-12-01,14.13,0.0,44.25
7489,2006-12-02,14.05,0.0,41.75
7490,2006-12-03,15.46,0.12,46.35
7491,2006-12-04,15.47,4.88,69.85
7492,2006-12-05,15.18,5.26,80.73
7493,2006-12-06,16.33,0.02,68.56
7494,2006-12-07,14.21,0.0,63.01
7495,2006-12-08,14.15,0.0,55.81
7496,2006-12-09,15.57,0.0,52.82
7497,2006-12-10,15.61,2.92,52.48
7498,2006-12-11,12.62,0.0,63.87
7499,2006-12-12,12.19,0.0,65.52
7500,2006-12-13,11.77,0.0,56.31
7501,2006-12-14,12.46,0.0,47.14
7502,2006-12-15,12.5,0.0,47.45
7503,2006-12-16,13.7,0.0,44.91
7504,2006-12-17,13.63,0.0,52.28
7505,2006-12-18,14.19,0.0,46.43
7506,2006-12-19,14.66,0.0,41.01
7507,2006-12-20,13.91,0.0,48.59
7508,2006-12-21,14.18,0.0,62.71
7509,2006-12-22,14.22,0.01,64.81
7510,2006-12-23,13.03,0.0,57.76
7511,2006-12-24,13.23,0.0,47.41
7512,2006-12-25,13.3,0.29,45.9
7513,2006-12-26,11.01,1.89,74.02
7514,2006-12-27,11.92,0.0,70.97
7515,2006-12-28,11.36,0.0,59.73
7516,2006-12-29,12.8,0.0,45.46
7517,2006-12-30,11.98,0.0,45.5
7518,2006-12-31,11.97,0.0,46.26
7519,2007-01-01,11.33,0.0,54.26
7520,2007-01-02,10.83,0.0,59.41
7521,2007-01-03,9.56,0.0,51.67
7522,2007-01-04,8.87,0.0,46.66
7523,2007-01-05,8.79,0.0,41.75
7524,2007-01-06,8.57,0.0,42.06
7525,2007-01-07,7.52,0.0,49.85
7526,2007-01-08,9.51,0.0,41.69
7527,2007-01-09,10.94,0.0,39.06
7528,2007-01-10,9.47,0.0,44.78
7529,2007-01-11,10.09,0.0,46.58
7530,2007-01-12,10.71,0.0,45.74
7531,2007-01-13,10.85,0.0,43.45
7532,2007-01-14,10.74,0.0,40.93
7533,2007-01-15,11.56,0.0,42.72
7534,2007-01-16,12.13,0.0,38.69
7535,2007-01-17,12.37,0.0,41.18
7536,2007-01-18,12.59,0.0,43.0
7537,2007-01-19,13.04,0.0,45.83
7538,2007-01-20,11.49,0.0,56.91
7539,2007-01-21,11.47,0.0,47.75
7540,2007-01-22,10.83,0.0,45.87
7541,2007-01-23,12.57,0.0,35.98
7542,2007-01-24,12.69,0.0,36.04
7543,2007-01-25,14.78,0.0,37.15
7544,2007-01-26,17.23,0.0,43.98
7545,2007-01-27,18.35,0.0,35.37
7546,2007-01-28,17.56,0.0,34.66
7547,2007-01-29,18.55,0.0,37.01
7548,2007-01-30,18.81,1.41,47.19
7549,2007-01-31,17.05,0.03,47.4
7550,2007-02-01,17.01,0.0,44.54
7551,2007-02-02,17.52,0.0,38.2
7552,2007-02-03,16.73,0.0,40.03
7553,2007-02-04,17.46,0.0,38.93
7554,2007-02-05,17.56,0.0,47.79
7555,2007-02-06,18.12,0.22,53.92
7556,2007-02-07,19.05,0.0,47.36
7557,2007-02-08,18.17,1.13,58.4
7558,2007-02-09,16.76,1.9,61.58
7559,2007-02-10,14.38,24.89,86.61
7560,2007-02-11,12.99,45.27,92.07
7561,2007-02-12,12.74,5.97,90.59
7562,2007-02-13,12.71,8.47,90.11
7563,2007-02-14,12.48,0.29,80.53
7564,2007-02-15,12.22,0.3,75.83
7565,2007-02-16,13.86,0.0,68.22
7566,2007-02-17,14.23,0.0,64.63
7567,2007-02-18,14.43,0.68,62.48
7568,2007-02-19,14.2,0.88,61.24
7569,2007-02-20,14.23,0.0,58.64
7570,2007-02-21,15.92,0.12,56.17
7571,2007-02-22,16.13,0.01,58.17
7572,2007-02-23,16.12,0.0,52.91
7573,2007-02-24,17.98,0.0,43.51
7574,2007-02-25,17.54,0.02,47.73
7575,2007-02-26,18.08,0.06,51.63
7576,2007-02-27,17.25,4.22,64.77
7577,2007-02-28,15.01,7.62,87.53
7578,2007-03-01,14.82,0.27,69.17
7579,2007-03-02,15.48,0.0,61.33
7580,2007-03-03,16.69,0.01,50.46
7581,2007-03-04,17.37,0.0,51.06
7582,2007-03-05,16.78,0.0,53.03
7583,2007-03-06,15.78,0.0,51.57
7584,2007-03-07,17.48,0.0,44.84
7585,2007-03-08,19.47,0.0,37.43
7586,2007-03-09,19.65,0.61,40.07
7587,2007-03-10,16.68,3.04,57.95
7588,2007-03-11,17.66,1.13,62.61
7589,2007-03-12,16.26,25.37,89.18
7590,2007-03-13,16.43,4.07,76.3
7591,2007-03-14,15.47,0.01,64.66
7592,2007-03-15,15.35,0.0,62.46
7593,2007-03-16,17.17,0.0,57.86
7594,2007-03-17,19.79,0.0,58.29
7595,2007-03-18,22.75,0.0,51.41
7596,2007-03-19,24.15,0.49,49.99
7597,2007-03-20,23.95,1.89,61.61
7598,2007-03-21,22.67,7.65,64.65
7599,2007-03-22,22.08,0.87,57.61
7600,2007-03-23,21.54,0.0,51.6
7601,2007-03-24,20.76,0.0,48.05
7602,2007-03-25,20.94,0.0,48.08
7603,2007-03-26,21.83,0.0,49.99
7604,2007-03-27,23.92,0.0,44.94
7605,2007-03-28,25.32,0.0,42.91
7606,2007-03-29,26.5,0.0,40.42
7607,2007-03-30,27.83,0.0,41.87
7608,2007-03-31,28.29,0.0,38.53
7609,2007-04-01,26.4,0.0,40.62
7610,2007-04-02,24.34,0.0,40.74
7611,2007-04-03,24.59,0.0,36.68
7612,2007-04-04,25.36,0.0,39.74
7613,2007-04-05,27.13,0.0,38.52
7614,2007-04-06,27.54,0.01,36.95
7615,2007-04-07,28.65,0.34,37.22
7616,2007-04-08,27.7,0.0,35.48
7617,2007-04-09,27.19,0.0,34.11
7618,2007-04-10,28.35,0.0,33.65
7619,2007-04-11,29.68,0.0,29.97
7620,2007-04-12,30.22,0.0,29.07
7621,2007-04-13,30.97,0.0,27.92
7622,2007-04-14,31.2,0.0,29.26
7623,2007-04-15,31.85,0.0,32.77
7624,2007-04-16,32.52,0.0,32.92
7625,2007-04-17,33.99,0.0,27.55
7626,2007-04-18,31.88,2.06,35.16
7627,2007-04-19,30.94,2.33,41.29
7628,2007-04-20,31.17,0.0,36.19
7629,2007-04-21,31.6,0.79,33.41
7630,2007-04-22,32.22,0.0,27.08
7631,2007-04-23,31.76,0.06,25.46
7632,2007-04-24,31.67,0.0,24.36
7633,2007-04-25,31.75,0.0,22.96
7634,2007-04-26,32.41,0.0,24.55
7635,2007-04-27,33.34,0.0,20.18
7636,2007-04-28,33.01,0.0,18.02
7637,2007-04-29,33.51,0.0,16.94
7638,2007-04-30,34.55,0.0,19.26
7639,2007-05-01,35.74,0.0,21.01
7640,2007-05-02,34.48,0.0,21.93
7641,2007-05-03,34.9,0.26,23.03
7642,2007-05-04,34.4,2.4,26.77
7643,2007-05-05,34.07,3.41,32.18
7644,2007-05-06,34.83,0.0,27.2
7645,2007-05-07,35.17,0.11,22.58
7646,2007-05-08,34.91,0.0,25.22
7647,2007-05-09,34.56,2.53,27.7
7648,2007-05-10,34.41,1.33,25.66
7649,2007-05-11,33.07,2.27,25.68
7650,2007-05-12,33.67,0.03,22.65
7651,2007-05-13,33.69,0.0,25.47
7652,2007-05-14,35.5,0.0,24.96
7653,2007-05-15,37.49,0.0,19.87
7654,2007-05-16,37.92,0.21,21.03
7655,2007-05-17,35.29,0.12,28.09
7656,2007-05-18,36.95,0.01,22.18
7657,2007-05-19,37.59,0.73,21.49
7658,2007-05-20,36.12,0.58,22.16
7659,2007-05-21,35.83,0.04,17.95
7660,2007-05-22,35.06,0.46,23.96
7661,2007-05-23,34.93,0.09,20.62
7662,2007-05-24,35.25,0.0,14.34
7663,2007-05-25,35.22,1.12,12.99
7664,2007-05-26,32.5,0.67,22.57
7665,2007-05-27,32.04,0.04,26.54
7666,2007-05-28,32.8,0.02,22.63
7667,2007-05-29,33.05,0.0,21.8
7668,2007-05-30,34.28,0.0,21.82
7669,2007-05-31,35.41,0.13,21.64
7670,2007-06-01,36.59,0.0,19.18
7671,2007-06-02,37.87,0.0,16.34
7672,2007-06-03,37.75,0.0,17.57
7673,2007-06-04,36.68,0.0,18.62
7674,2007-06-05,36.44,0.0,18.81
7675,2007-06-06,37.77,0.17,21.66
7676,2007-06-07,38.56,0.0,19.13
7677,2007-06-08,39.58,0.0,16.41
7678,2007-06-09,41.07,0.0,13.92
7679,2007-06-10,41.63,0.0,16.02
7680,2007-06-11,41.58,0.0,16.78
7681,2007-06-12,41.74,1.09,19.82
7682,2007-06-13,40.74,0.97,19.17
7683,2007-06-14,39.71,10.07,28.2
7684,2007-06-15,34.25,10.73,50.29
7685,2007-06-16,32.57,19.71,56.19
7686,2007-06-17,33.03,11.67,54.07
7687,2007-06-18,33.65,0.31,44.1
7688,2007-06-19,34.4,1.84,37.2
7689,2007-06-20,34.81,0.38,39.86
7690,2007-06-21,35.23,0.37,39.06
7691,2007-06-22,35.92,0.01,40.96
7692,2007-06-23,34.12,2.23,50.11
7693,2007-06-24,35.53,0.08,45.12
7694,2007-06-25,35.82,2.65,45.82
7695,2007-06-26,35.26,0.44,47.07
7696,2007-06-27,36.1,0.05,43.94
7697,2007-06-28,35.48,17.43,50.77
7698,2007-06-29,32.28,20.13,67.11
7699,2007-06-30,33.15,2.26,58.76
7700,2007-07-01,35.17,1.25,49.91
7701,2007-07-02,35.06,0.18,49.11
7702,2007-07-03,33.81,2.0,53.53
7703,2007-07-04,33.19,0.17,55.87
7704,2007-07-05,34.8,1.82,50.57
7705,2007-07-06,36.04,1.1,45.91
7706,2007-07-07,36.32,1.03,43.98
7707,2007-07-08,33.45,1.61,52.47
7708,2007-07-09,34.41,0.65,44.87
7709,2007-07-10,35.02,1.31,47.77
7710,2007-07-11,36.1,1.44,45.9
7711,2007-07-12,36.46,1.35,46.57
7712,2007-07-13,35.99,8.88,48.07
7713,2007-07-14,35.27,4.39,46.28
7714,2007-07-15,34.49,1.57,46.15
7715,2007-07-16,35.35,0.04,41.8
7716,2007-07-17,35.85,0.03,37.3
7717,2007-07-18,35.84,3.17,41.99
7718,2007-07-19,36.88,0.03,41.01
7719,2007-07-20,36.79,0.26,36.76
7720,2007-07-21,34.98,5.78,48.34
7721,2007-07-22,34.0,2.85,54.12
7722,2007-07-23,33.48,1.66,54.79
7723,2007-07-24,33.54,8.04,54.68
7724,2007-07-25,34.68,1.23,49.5
7725,2007-07-26,36.2,0.44,43.11
7726,2007-07-27,35.82,0.46,42.18
7727,2007-07-28,34.05,3.57,50.21
7728,2007-07-29,34.72,1.3,50.93
7729,2007-07-30,35.76,0.34,44.49
7730,2007-07-31,36.1,0.35,43.94
7731,2007-08-01,35.9,2.41,46.48
7732,2007-08-02,33.89,15.11,55.12
7733,2007-08-03,32.06,3.68,60.66
7734,2007-08-04,31.05,7.23,60.29
7735,2007-08-05,29.37,1.45,67.02
7736,2007-08-06,29.55,17.31,74.82
7737,2007-08-07,31.89,6.37,64.39
7738,2007-08-08,33.6,0.43,55.25
7739,2007-08-09,33.43,0.0,57.57
7740,2007-08-10,34.03,0.06,56.87
7741,2007-08-11,35.74,0.02,51.3
7742,2007-08-12,35.39,3.74,50.74
7743,2007-08-13,34.82,6.06,54.73
7744,2007-08-14,34.56,2.05,55.69
7745,2007-08-15,34.3,0.3,54.23
7746,2007-08-16,34.08,3.42,53.25
7747,2007-08-17,34.43,0.32,48.27
7748,2007-08-18,34.12,0.01,48.17
7749,2007-08-19,32.65,7.0,56.62
7750,2007-08-20,30.72,2.09,64.32
7751,2007-08-21,32.12,0.0,54.54
7752,2007-08-22,32.58,0.62,53.43
7753,2007-08-23,31.2,16.01,65.99
7754,2007-08-24,31.91,5.83,62.71
7755,2007-08-25,33.28,3.37,56.05
7756,2007-08-26,33.54,0.87,54.11
7757,2007-08-27,33.18,6.55,53.97
7758,2007-08-28,32.7,3.14,57.63
7759,2007-08-29,32.4,0.03,58.07
7760,2007-08-30,32.63,0.01,55.2
7761,2007-08-31,32.29,4.05,58.97
7762,2007-09-01,32.31,2.77,58.52
7763,2007-09-02,32.49,0.17,55.8
7764,2007-09-03,33.7,0.08,51.19
7765,2007-09-04,33.41,0.79,52.36
7766,2007-09-05,32.43,12.63,55.37
7767,2007-09-06,29.88,10.15,62.96
7768,2007-09-07,28.31,1.23,64.56
7769,2007-09-08,30.59,0.02,57.77
7770,2007-09-09,31.5,0.11,51.21
7771,2007-09-10,31.3,6.46,51.54
7772,2007-09-11,30.75,0.14,53.04
7773,2007-09-12,30.65,1.93,52.41
7774,2007-09-13,31.54,0.41,49.09
7775,2007-09-14,31.36,0.02,48.12
7776,2007-09-15,31.67,0.0,48.39
7777,2007-09-16,31.71,0.0,50.76
7778,2007-09-17,31.84,0.0,53.38
7779,2007-09-18,32.39,0.0,50.22
7780,2007-09-19,32.7,0.02,47.32
7781,2007-09-20,31.08,3.19,54.94
7782,2007-09-21,31.87,0.06,50.59
7783,2007-09-22,31.42,3.66,54.45
7784,2007-09-23,30.68,0.57,52.12
7785,2007-09-24,30.77,0.22,48.17
7786,2007-09-25,30.97,0.21,45.75
7787,2007-09-26,30.79,0.04,46.63
7788,2007-09-27,29.9,0.0,42.77
7789,2007-09-28,29.28,0.03,35.03
7790,2007-09-29,28.63,0.02,38.05
7791,2007-09-30,27.59,0.0,35.46
7792,2007-10-01,27.07,0.0,33.93
7793,2007-10-02,28.79,0.0,24.68
7794,2007-10-03,28.22,0.0,25.94
7795,2007-10-04,27.53,0.0,30.47
7796,2007-10-05,27.15,0.0,29.33
7797,2007-10-06,26.47,0.0,29.17
7798,2007-10-07,25.95,0.0,31.59
7799,2007-10-08,25.86,0.0,28.66
7800,2007-10-09,25.61,0.0,26.93
7801,2007-10-10,25.86,0.0,25.8
7802,2007-10-11,25.65,0.0,25.8
7803,2007-10-12,25.54,0.0,25.42
7804,2007-10-13,25.85,0.0,25.58
7805,2007-10-14,26.34,0.0,24.94
7806,2007-10-15,26.0,0.0,28.49
7807,2007-10-16,26.05,0.02,31.19
7808,2007-10-17,24.36,2.47,48.29
7809,2007-10-18,24.39,0.0,41.1
7810,2007-10-19,25.13,0.0,33.4
7811,2007-10-20,25.47,0.0,30.01
7812,2007-10-21,26.04,0.0,27.02
7813,2007-10-22,24.94,0.0,26.06
7814,2007-10-23,24.63,0.0,29.21
7815,2007-10-24,24.6,0.0,28.33
7816,2007-10-25,24.64,0.0,33.42
7817,2007-10-26,25.65,0.0,30.43
7818,2007-10-27,25.12,0.0,29.73
7819,2007-10-28,24.89,0.0,28.24
7820,2007-10-29,24.46,0.0,22.46
7821,2007-10-30,23.85,0.0,22.52
7822,2007-10-31,23.81,0.0,22.97
7823,2007-11-01,24.09,0.0,20.9
7824,2007-11-02,24.06,0.0,19.36
7825,2007-11-03,23.66,0.0,18.46
7826,2007-11-04,21.86,0.0,24.4
7827,2007-11-05,23.6,0.0,20.88
7828,2007-11-06,22.43,0.0,28.29
7829,2007-11-07,22.29,0.0,39.58
7830,2007-11-08,22.93,0.0,38.63
7831,2007-11-09,21.61,0.0,48.05
7832,2007-11-10,22.23,0.0,38.09
7833,2007-11-11,21.93,0.0,34.37
7834,2007-11-12,20.64,0.0,35.01
7835,2007-11-13,20.76,0.0,36.58
7836,2007-11-14,20.64,0.0,38.34
7837,2007-11-15,20.59,0.0,38.14
7838,2007-11-16,20.75,0.0,36.92
7839,2007-11-17,19.76,0.0,32.69
7840,2007-11-18,20.0,0.0,23.01
7841,2007-11-19,18.08,0.0,30.26
7842,2007-11-20,18.35,0.0,29.13
7843,2007-11-21,19.16,0.0,26.97
7844,2007-11-22,19.35,0.0,23.48
7845,2007-11-23,19.55,0.0,23.66
7846,2007-11-24,19.68,0.0,24.81
7847,2007-11-25,18.98,0.0,26.23
7848,2007-11-26,18.94,0.0,26.56
7849,2007-11-27,18.15,0.0,26.85
7850,2007-11-28,18.41,0.0,27.68
7851,2007-11-29,19.8,0.57,28.81
7852,2007-11-30,16.96,5.85,46.2
7853,2007-12-01,17.4,0.0,44.58
7854,2007-12-02,17.45,0.04,40.07
7855,2007-12-03,15.39,0.0,44.07
7856,2007-12-04,14.48,0.0,46.81
7857,2007-12-05,15.03,0.0,38.94
7858,2007-12-06,15.3,0.0,34.96
7859,2007-12-07,15.73,0.0,32.96
7860,2007-12-08,14.45,0.0,35.64
7861,2007-12-09,13.85,0.0,40.78
7862,2007-12-10,13.2,2.93,61.89
7863,2007-12-11,13.91,0.12,66.75
7864,2007-12-12,14.08,0.0,59.29
7865,2007-12-13,14.23,0.03,63.05
7866,2007-12-14,12.87,0.0,60.96
7867,2007-12-15,11.82,0.0,46.14
7868,2007-12-16,11.84,0.0,35.17
7869,2007-12-17,11.09,0.0,32.97
7870,2007-12-18,11.32,0.0,33.26
7871,2007-12-19,12.83,0.0,31.35
7872,2007-12-20,12.57,0.0,29.89
7873,2007-12-21,13.22,0.0,32.18
7874,2007-12-22,14.41,0.0,43.42
7875,2007-12-23,15.25,0.0,36.51
7876,2007-12-24,16.72,0.0,35.64
7877,2007-12-25,15.12,0.0,40.33
7878,2007-12-26,14.25,0.0,31.39
7879,2007-12-27,12.56,0.0,27.11
7880,2007-12-28,11.33,0.0,27.14
7881,2007-12-29,11.33,0.0,24.4
7882,2007-12-30,10.68,0.0,22.78
7883,2007-12-31,11.12,0.0,21.75
7884,2008-01-01,11.28,0.0,18.0
7885,2008-01-02,10.92,0.0,18.31
7886,2008-01-03,10.22,0.0,20.18
7887,2008-01-04,12.42,0.0,18.18
7888,2008-01-05,14.81,0.02,19.85
7889,2008-01-06,16.16,0.04,33.18
7890,2008-01-07,16.71,0.03,36.2
7891,2008-01-08,14.76,3.86,70.59
7892,2008-01-09,14.13,9.34,85.82
7893,2008-01-10,14.15,0.2,69.82
7894,2008-01-11,11.55,0.02,53.99
7895,2008-01-12,10.57,0.0,44.04
7896,2008-01-13,11.26,0.0,37.25
7897,2008-01-14,12.53,0.0,38.48
7898,2008-01-15,14.56,0.0,36.65
7899,2008-01-16,14.72,0.01,51.25
7900,2008-01-17,13.78,3.34,79.45
7901,2008-01-18,13.68,2.32,68.79
7902,2008-01-19,11.35,0.05,44.37
7903,2008-01-20,10.13,0.0,35.31
7904,2008-01-21,8.43,0.0,33.84
7905,2008-01-22,8.38,0.0,32.12
7906,2008-01-23,7.65,0.0,34.58
7907,2008-01-24,8.11,0.0,31.64
7908,2008-01-25,8.02,0.0,33.28
7909,2008-01-26,8.29,0.0,33.03
7910,2008-01-27,8.05,0.0,34.23
7911,2008-01-28,9.43,0.0,32.26
7912,2008-01-29,10.34,0.0,31.08
7913,2008-01-30,10.98,0.0,36.23
7914,2008-01-31,10.31,0.0,38.54
7915,2008-02-01,10.2,0.0,34.66
7916,2008-02-02,10.39,3.56,37.24
7917,2008-02-03,9.86,0.75,64.85
7918,2008-02-04,11.8,0.0,57.0
7919,2008-02-05,11.68,0.0,54.01
7920,2008-02-06,12.18,0.86,50.62
7921,2008-02-07,11.71,0.27,53.8
7922,2008-02-08,9.9,0.01,63.82
7923,2008-02-09,10.04,0.0,57.06
7924,2008-02-10,10.63,0.0,46.32
7925,2008-02-11,10.9,0.0,29.18
7926,2008-02-12,10.59,0.0,29.4
7927,2008-02-13,11.09,0.0,32.76
7928,2008-02-14,14.0,0.0,27.0
7929,2008-02-15,16.09,0.0,26.4
7930,2008-02-16,16.35,0.0,32.17
7931,2008-02-17,17.53,0.0,34.28
7932,2008-02-18,16.62,0.0,37.64
7933,2008-02-19,16.58,0.0,29.16
7934,2008-02-20,18.16,0.0,21.02
7935,2008-02-21,18.35,0.0,20.84
7936,2008-02-22,20.38,0.0,19.45
7937,2008-02-23,19.64,0.0,28.58
7938,2008-02-24,18.16,0.0,30.22
7939,2008-02-25,17.27,0.0,31.87
7940,2008-02-26,16.7,0.0,28.42
7941,2008-02-27,19.02,0.0,22.18
7942,2008-02-28,21.42,0.0,21.98
7943,2008-02-29,23.13,0.0,20.6
7944,2008-03-01,24.23,0.0,18.32
7945,2008-03-02,24.05,0.0,16.36
7946,2008-03-03,23.07,0.0,16.51
7947,2008-03-04,22.69,0.0,21.35
7948,2008-03-05,23.22,0.0,25.23
7949,2008-03-06,24.93,0.0,21.97
7950,2008-03-07,23.98,0.0,18.21
7951,2008-03-08,23.47,0.0,19.99
7952,2008-03-09,23.34,0.0,24.19
7953,2008-03-10,23.34,0.0,26.77
7954,2008-03-11,23.15,0.0,27.53
7955,2008-03-12,23.7,0.0,23.33
7956,2008-03-13,23.28,0.0,21.18
7957,2008-03-14,24.14,0.02,22.1
7958,2008-03-15,23.86,0.0,22.55
7959,2008-03-16,25.61,0.0,19.03
7960,2008-03-17,27.46,0.0,16.81
7961,2008-03-18,27.53,0.0,14.95
7962,2008-03-19,26.64,0.0,12.57
7963,2008-03-20,26.2,0.0,12.87
7964,2008-03-21,25.93,0.0,15.84
7965,2008-03-22,27.02,0.0,19.79
7966,2008-03-23,27.21,0.0,18.99
7967,2008-03-24,27.65,0.0,14.68
7968,2008-03-25,27.35,0.0,14.42
7969,2008-03-26,27.73,0.0,14.95
7970,2008-03-27,27.1,0.0,19.3
7971,2008-03-28,27.48,0.0,20.86
7972,2008-03-29,28.57,0.0,18.24
7973,2008-03-30,28.09,0.0,14.83
7974,2008-03-31,27.39,0.07,16.58
7975,2008-04-01,26.82,0.0,22.75
7976,2008-04-02,26.53,0.2,24.11
7977,2008-04-03,22.09,2.24,47.63
7978,2008-04-04,23.34,2.2,52.27
7979,2008-04-05,19.04,21.66,83.58
7980,2008-04-06,22.37,0.0,49.74
7981,2008-04-07,23.31,0.0,45.4
7982,2008-04-08,26.02,0.0,43.63
7983,2008-04-09,25.84,0.0,40.06
7984,2008-04-10,27.08,0.0,39.96
7985,2008-04-11,27.87,0.01,42.15
7986,2008-04-12,28.74,0.8,39.46
7987,2008-04-13,29.01,0.0,30.32
7988,2008-04-14,28.6,0.08,30.06
7989,2008-04-15,28.62,1.84,35.82
7990,2008-04-16,25.98,6.49,45.86
7991,2008-04-17,25.02,2.44,38.63
7992,2008-04-18,26.35,0.0,30.99
7993,2008-04-19,27.87,0.0,28.86
7994,2008-04-20,29.0,0.0,28.57
7995,2008-04-21,29.58,0.0,30.54
7996,2008-04-22,30.69,0.0,28.57
7997,2008-04-23,31.51,0.0,26.43
7998,2008-04-24,31.72,0.0,24.82
7999,2008-04-25,31.84,0.0,19.7
8000,2008-04-26,31.8,0.06,19.63
8001,2008-04-27,31.52,0.0,18.21
8002,2008-04-28,32.34,0.0,17.75
8003,2008-04-29,33.51,0.0,16.11
8004,2008-04-30,33.97,0.0,14.07
8005,2008-05-01,34.26,0.0,14.17
8006,2008-05-02,35.06,0.0,13.76
8007,2008-05-03,36.14,0.0,11.83
8008,2008-05-04,36.19,0.0,10.94
8009,2008-05-05,34.13,3.87,22.18
8010,2008-05-06,33.01,0.1,18.88
8011,2008-05-07,33.44,0.0,15.25
8012,2008-05-08,33.99,0.0,14.75
8013,2008-05-09,31.48,0.37,26.7
8014,2008-05-10,31.89,0.84,26.63
8015,2008-05-11,33.31,0.0,25.0
8016,2008-05-12,34.69,0.0,20.96
8017,2008-05-13,34.23,0.0,22.52
8018,2008-05-14,34.75,0.27,21.69
8019,2008-05-15,35.2,0.41,21.77
8020,2008-05-16,36.19,0.0,19.93
8021,2008-05-17,36.77,0.08,16.97
8022,2008-05-18,36.31,0.68,18.4
8023,2008-05-19,32.4,9.38,39.66
8024,2008-05-20,30.99,28.52,55.55
8025,2008-05-21,30.52,6.57,55.17
8026,2008-05-22,29.93,4.59,60.63
8027,2008-05-23,30.49,3.83,57.83
8028,2008-05-24,30.94,0.4,51.69
8029,2008-05-25,31.13,3.81,46.93
8030,2008-05-26,31.48,1.09,40.5
8031,2008-05-27,31.43,0.45,35.06
8032,2008-05-28,31.8,1.02,34.23
8033,2008-05-29,32.95,0.0,31.4
8034,2008-05-30,34.21,0.13,29.0
8035,2008-05-31,35.73,0.7,29.9
8036,2008-06-01,33.26,1.59,42.32
8037,2008-06-02,30.34,2.66,55.52
8038,2008-06-03,33.46,0.0,45.16
8039,2008-06-04,35.06,3.02,39.31
8040,2008-06-05,34.65,4.36,42.52
8041,2008-06-06,35.3,1.94,41.36
8042,2008-06-07,36.51,0.54,37.35
8043,2008-06-08,34.15,1.73,48.89
8044,2008-06-09,33.63,5.61,50.64
8045,2008-06-10,34.47,0.3,47.69
8046,2008-06-11,34.83,2.83,47.48
8047,2008-06-12,35.48,1.15,46.12
8048,2008-06-13,34.66,7.11,50.37
8049,2008-06-14,33.37,14.82,58.85
8050,2008-06-15,30.25,48.71,72.55
8051,2008-06-16,32.47,4.85,62.67
8052,2008-06-17,32.48,0.17,58.81
8053,2008-06-18,33.06,0.6,57.04
8054,2008-06-19,32.67,4.65,61.1
8055,2008-06-20,33.12,16.52,57.44
8056,2008-06-21,32.79,14.02,56.69
8057,2008-06-22,33.12,0.72,54.99
8058,2008-06-23,33.34,10.62,55.28
8059,2008-06-24,34.0,9.64,56.03
8060,2008-06-25,33.59,2.0,56.21
8061,2008-06-26,33.36,27.01,61.53
8062,2008-06-27,34.19,5.6,60.14
8063,2008-06-28,31.68,2.86,67.59
8064,2008-06-29,28.53,13.27,76.55
8065,2008-06-30,31.08,0.35,62.97
8066,2008-07-01,31.87,0.0,58.42
8067,2008-07-02,33.21,0.11,58.77
8068,2008-07-03,34.2,0.13,55.01
8069,2008-07-04,33.98,2.31,56.81
8070,2008-07-05,32.28,3.66,64.05
8071,2008-07-06,30.06,5.95,72.2
8072,2008-07-07,30.61,1.66,71.79
8073,2008-07-08,30.31,0.41,69.13
8074,2008-07-09,30.6,12.48,68.76
8075,2008-07-10,30.74,0.63,68.73
8076,2008-07-11,31.4,20.16,68.57
8077,2008-07-12,31.42,49.53,71.17
8078,2008-07-13,30.24,19.83,74.52
8079,2008-07-14,30.56,0.85,70.92
8080,2008-07-15,32.06,0.71,64.04
8081,2008-07-16,32.06,1.21,66.06
8082,2008-07-17,33.09,0.69,63.37
8083,2008-07-18,33.37,0.26,60.03
8084,2008-07-19,32.74,0.48,62.75
8085,2008-07-20,31.84,1.15,66.81
8086,2008-07-21,30.6,5.18,71.36
8087,2008-07-22,32.08,0.11,62.93
8088,2008-07-23,33.05,0.0,59.18
8089,2008-07-24,33.9,0.0,54.6
8090,2008-07-25,34.11,0.0,53.51
8091,2008-07-26,34.39,0.47,50.39
8092,2008-07-27,31.3,0.25,66.87
8093,2008-07-28,31.16,4.62,69.49
8094,2008-07-29,32.56,0.88,62.17
8095,2008-07-30,32.93,0.68,59.81
8096,2008-07-31,28.04,20.47,83.24
8097,2008-08-01,29.66,3.2,74.08
8098,2008-08-02,30.34,8.58,73.11
8099,2008-08-03,31.1,1.56,69.55
8100,2008-08-04,29.07,31.13,80.94
8101,2008-08-05,27.88,34.81,86.11
8102,2008-08-06,28.92,8.02,80.64
8103,2008-08-07,29.65,17.06,78.94
8104,2008-08-08,28.4,17.7,85.08
8105,2008-08-09,29.33,1.69,77.61
8106,2008-08-10,29.29,0.63,78.93
8107,2008-08-11,28.33,9.75,85.22
8108,2008-08-12,27.24,66.24,86.33
8109,2008-08-13,26.38,41.64,92.45
8110,2008-08-14,26.66,23.84,88.61
8111,2008-08-15,28.16,19.26,82.45
8112,2008-08-16,28.36,7.83,84.59
8113,2008-08-17,28.75,0.77,79.31
8114,2008-08-18,29.25,0.01,76.68
8115,2008-08-19,29.28,0.04,75.64
8116,2008-08-20,29.31,0.02,74.39
8117,2008-08-21,29.72,0.08,69.8
8118,2008-08-22,29.09,0.01,75.6
8119,2008-08-23,29.11,0.01,78.03
8120,2008-08-24,29.32,0.0,77.7
8121,2008-08-25,30.11,0.31,74.37
8122,2008-08-26,30.17,0.16,72.34
8123,2008-08-27,30.13,0.06,69.76
8124,2008-08-28,29.77,0.0,71.2
8125,2008-08-29,29.68,0.0,68.01
8126,2008-08-30,29.44,8.56,70.27
8127,2008-08-31,27.92,3.03,77.95
8128,2008-09-01,27.78,0.03,76.9
8129,2008-09-02,28.23,0.0,75.28
8130,2008-09-03,29.02,0.02,73.01
8131,2008-09-04,29.06,0.03,71.34
8132,2008-09-05,28.65,3.67,71.59
8133,2008-09-06,27.25,8.45,74.25
8134,2008-09-07,25.42,4.39,78.0
8135,2008-09-08,25.68,18.73,76.85
8136,2008-09-09,26.34,0.0,72.14
8137,2008-09-10,27.31,0.0,71.25
8138,2008-09-11,28.3,0.01,69.23
8139,2008-09-12,28.38,0.04,71.52
8140,2008-09-13,28.39,0.16,71.74
8141,2008-09-14,28.35,0.36,71.19
8142,2008-09-15,28.54,0.0,69.12
8143,2008-09-16,28.89,0.75,68.72
8144,2008-09-17,29.03,12.19,70.69
8145,2008-09-18,27.53,9.3,76.67
8146,2008-09-19,25.61,35.52,82.04
8147,2008-09-20,25.8,16.62,76.12
8148,2008-09-21,26.23,0.02,69.46
8149,2008-09-22,26.01,0.9,71.35
8150,2008-09-23,25.46,1.07,71.76
8151,2008-09-24,25.19,0.0,66.56
8152,2008-09-25,25.66,0.0,62.22
8153,2008-09-26,26.58,0.0,60.49
8154,2008-09-27,26.75,0.0,60.82
8155,2008-09-28,27.4,0.0,61.13
8156,2008-09-29,27.79,0.0,63.0
8157,2008-09-30,27.39,0.0,71.33
8158,2008-10-01,27.95,0.0,68.5
8159,2008-10-02,27.57,0.0,70.84
8160,2008-10-03,28.19,0.03,69.77
8161,2008-10-04,28.43,0.04,70.78
8162,2008-10-05,28.83,0.05,68.25
8163,2008-10-06,27.59,0.23,70.55
8164,2008-10-07,26.83,0.29,69.54
8165,2008-10-08,27.12,0.0,63.45
8166,2008-10-09,26.53,0.0,59.56
8167,2008-10-10,26.5,0.0,55.28
8168,2008-10-11,26.45,0.0,52.35
8169,2008-10-12,25.97,0.0,53.66
8170,2008-10-13,26.24,0.0,55.54
8171,2008-10-14,25.37,0.0,69.5
8172,2008-10-15,25.2,2.59,70.65
8173,2008-10-16,24.2,6.64,63.57
8174,2008-10-17,23.36,0.58,50.15
8175,2008-10-18,23.68,0.0,48.03
8176,2008-10-19,23.22,0.0,47.76
8177,2008-10-20,23.72,0.0,44.94
8178,2008-10-21,23.82,0.0,47.23
8179,2008-10-22,24.13,0.0,49.03
8180,2008-10-23,24.36,0.0,47.79
8181,2008-10-24,23.26,0.0,52.15
8182,2008-10-25,23.18,0.0,49.02
8183,2008-10-26,22.64,0.0,52.64
8184,2008-10-27,22.31,0.0,48.96
8185,2008-10-28,22.93,0.0,45.49
8186,2008-10-29,22.44,0.0,47.88
8187,2008-10-30,22.57,0.0,49.16
8188,2008-10-31,22.02,0.0,47.92
8189,2008-11-01,22.67,0.0,42.19
8190,2008-11-02,23.86,0.0,37.83
8191,2008-11-03,23.19,0.0,42.54
8192,2008-11-04,23.24,0.0,35.27
8193,2008-11-05,22.58,0.0,28.55
8194,2008-11-06,21.42,0.0,33.65
8195,2008-11-07,20.78,0.0,39.56
8196,2008-11-08,20.42,0.0,45.48
8197,2008-11-09,21.38,0.0,43.56
8198,2008-11-10,21.35,0.0,44.48
8199,2008-11-11,21.96,0.0,42.25
8200,2008-11-12,20.65,0.0,45.06
8201,2008-11-13,19.35,0.0,62.79
8202,2008-11-14,19.88,0.0,66.33
8203,2008-11-15,19.93,0.0,60.74
8204,2008-11-16,19.66,0.0,48.72
8205,2008-11-17,20.18,0.0,45.69
8206,2008-11-18,19.76,0.0,42.79
8207,2008-11-19,20.58,0.0,35.56
8208,2008-11-20,18.3,1.69,54.59
8209,2008-11-21,16.14,0.0,48.08
8210,2008-11-22,15.01,0.0,41.09
8211,2008-11-23,15.67,0.0,36.0
8212,2008-11-24,17.29,0.0,34.34
8213,2008-11-25,19.01,0.0,33.06
8214,2008-11-26,16.77,0.0,48.28
8215,2008-11-27,17.05,0.0,41.64
8216,2008-11-28,16.41,0.0,41.02
8217,2008-11-29,16.36,0.0,37.14
8218,2008-11-30,17.97,0.0,31.87
8219,2008-12-01,17.47,0.0,39.49
8220,2008-12-02,16.07,0.0,45.96
8221,2008-12-03,16.16,0.0,38.29
8222,2008-12-04,17.15,0.0,34.08
8223,2008-12-05,17.05,0.0,35.75
8224,2008-12-06,16.32,0.0,35.95
8225,2008-12-07,16.49,0.02,35.75
8226,2008-12-08,18.11,0.51,39.36
8227,2008-12-09,16.93,0.21,60.11
8228,2008-12-10,16.76,1.48,63.0
8229,2008-12-11,15.95,0.0,51.81
8230,2008-12-12,15.91,0.0,44.69
8231,2008-12-13,16.13,0.0,43.97
8232,2008-12-14,14.53,0.0,50.71
8233,2008-12-15,14.0,0.0,46.08
8234,2008-12-16,15.49,0.18,39.6
8235,2008-12-17,16.6,0.14,62.86
8236,2008-12-18,18.33,0.01,56.59
8237,2008-12-19,16.8,1.09,66.69
8238,2008-12-20,19.23,2.1,63.94
8239,2008-12-21,17.17,0.01,66.86
8240,2008-12-22,14.29,0.0,57.34
8241,2008-12-23,14.13,0.0,49.04
8242,2008-12-24,14.06,0.29,40.41
8243,2008-12-25,14.89,0.0,38.02
8244,2008-12-26,14.33,0.0,44.03
8245,2008-12-27,13.75,0.0,46.98
8246,2008-12-28,13.66,0.0,47.3
8247,2008-12-29,13.41,0.0,46.58
8248,2008-12-30,13.03,0.0,49.57
8249,2008-12-31,13.41,0.0,44.22
8250,2009-01-01,12.68,0.0,40.52
8251,2009-01-02,13.83,0.0,29.72
8252,2009-01-03,13.1,0.01,33.57
8253,2009-01-04,13.5,4.8,57.52
8254,2009-01-05,12.96,0.0,57.26
8255,2009-01-06,12.78,0.0,50.55
8256,2009-01-07,12.55,0.0,53.12
8257,2009-01-08,12.75,0.0,57.65
8258,2009-01-09,14.88,0.0,52.79
8259,2009-01-10,14.07,0.0,57.18
8260,2009-01-11,13.11,0.0,53.34
8261,2009-01-12,13.63,0.0,45.52
8262,2009-01-13,13.62,0.0,43.77
8263,2009-01-14,13.78,0.0,44.1
8264,2009-01-15,15.17,0.0,39.29
8265,2009-01-16,15.26,7.16,57.68
8266,2009-01-17,15.13,2.36,79.01
8267,2009-01-18,14.32,7.31,87.91
8268,2009-01-19,13.95,0.0,73.62
8269,2009-01-20,12.57,0.0,56.85
8270,2009-01-21,12.23,0.0,42.2
8271,2009-01-22,13.03,0.0,41.05
8272,2009-01-23,15.21,0.0,39.13
8273,2009-01-24,17.98,0.0,41.23
8274,2009-01-25,18.49,0.13,42.21
8275,2009-01-26,16.95,0.06,53.17
8276,2009-01-27,15.74,0.45,60.0
8277,2009-01-28,14.24,0.0,63.11
8278,2009-01-29,15.45,0.0,52.05
8279,2009-01-30,15.17,0.0,51.29
8280,2009-01-31,14.14,0.0,51.53
8281,2009-02-01,14.71,0.0,40.76
8282,2009-02-02,15.38,0.0,34.09
8283,2009-02-03,16.22,0.0,33.9
8284,2009-02-04,17.93,0.0,34.12
8285,2009-02-05,17.43,0.32,40.95
8286,2009-02-06,16.97,0.53,49.7
8287,2009-02-07,14.97,0.0,48.79
8288,2009-02-08,15.39,0.0,41.62
8289,2009-02-09,15.67,0.19,40.98
8290,2009-02-10,12.67,15.56,70.99
8291,2009-02-11,14.24,0.21,67.47
8292,2009-02-12,14.59,0.09,59.96
8293,2009-02-13,17.03,6.39,53.73
8294,2009-02-14,16.73,0.08,62.45
8295,2009-02-15,15.46,0.0,55.92
8296,2009-02-16,15.32,0.0,46.31
8297,2009-02-17,16.08,0.0,38.9
8298,2009-02-18,16.44,0.0,39.26
8299,2009-02-19,16.7,0.0,43.04
8300,2009-02-20,18.39,0.0,43.44
8301,2009-02-21,18.51,0.0,40.12
8302,2009-02-22,19.33,0.0,43.64
8303,2009-02-23,20.76,0.0,39.5
8304,2009-02-24,20.82,0.0,40.53
8305,2009-02-25,20.11,0.0,41.71
8306,2009-02-26,19.11,0.0,36.07
8307,2009-02-27,18.08,0.0,35.41
8308,2009-02-28,16.89,0.0,32.89
8309,2009-03-01,18.59,0.0,31.15
8310,2009-03-02,22.49,0.14,41.4
8311,2009-03-03,23.66,0.0,38.26
8312,2009-03-04,23.2,0.0,34.46
8313,2009-03-05,22.11,0.0,36.94
8314,2009-03-06,21.6,0.0,31.68
8315,2009-03-07,20.77,0.0,29.78
8316,2009-03-08,20.61,0.0,32.25
8317,2009-03-09,20.79,0.0,29.85
8318,2009-03-10,20.76,0.0,29.7
8319,2009-03-11,19.45,0.0,27.35
8320,2009-03-12,21.53,0.0,25.24
8321,2009-03-13,24.18,0.0,20.64
8322,2009-03-14,22.05,0.0,26.11
8323,2009-03-15,23.07,0.0,25.12
8324,2009-03-16,23.04,0.0,26.86
8325,2009-03-17,23.71,0.0,28.18
8326,2009-03-18,24.85,0.01,29.77
8327,2009-03-19,25.44,0.0,34.27
8328,2009-03-20,25.7,7.83,37.29
8329,2009-03-21,23.21,0.0,39.65
8330,2009-03-22,22.57,0.0,34.21
8331,2009-03-23,23.93,0.0,32.66
8332,2009-03-24,25.16,0.35,33.82
8333,2009-03-25,20.64,12.61,66.33
8334,2009-03-26,21.73,0.86,52.61
8335,2009-03-27,21.67,1.53,50.08
8336,2009-03-28,21.64,9.42,58.44
8337,2009-03-29,22.12,2.39,56.55
8338,2009-03-30,23.79,0.0,44.04
8339,2009-03-31,23.77,0.0,38.77
8340,2009-04-01,25.44,0.0,33.53
8341,2009-04-02,27.71,2.26,33.98
8342,2009-04-03,26.65,2.02,45.21
8343,2009-04-04,25.89,0.0,35.71
8344,2009-04-05,24.09,0.75,37.26
8345,2009-04-06,24.23,4.0,41.57
8346,2009-04-07,25.47,0.0,38.32
8347,2009-04-08,23.44,11.6,48.24
8348,2009-04-09,20.63,4.48,59.6
8349,2009-04-10,22.11,0.0,45.15
8350,2009-04-11,25.16,0.0,38.13
8351,2009-04-12,28.39,0.0,35.78
8352,2009-04-13,28.58,0.0,34.58
8353,2009-04-14,29.54,0.0,31.28
8354,2009-04-15,28.84,0.1,31.32
8355,2009-04-16,27.12,0.82,36.84
8356,2009-04-17,26.27,0.0,31.77
8357,2009-04-18,28.25,0.0,28.31
8358,2009-04-19,29.98,0.0,27.29
8359,2009-04-20,31.02,0.02,28.37
8360,2009-04-21,30.21,0.0,28.26
8361,2009-04-22,28.37,0.0,28.27
8362,2009-04-23,27.95,0.0,21.33
8363,2009-04-24,27.97,0.0,20.13
8364,2009-04-25,28.76,0.0,17.13
8365,2009-04-26,29.63,0.0,16.23
8366,2009-04-27,31.44,0.0,18.14
8367,2009-04-28,33.33,0.0,20.03
8368,2009-04-29,34.65,0.0,20.28
8369,2009-04-30,34.34,0.0,19.0
8370,2009-05-01,34.45,0.0,19.18
8371,2009-05-02,35.79,0.0,16.65
8372,2009-05-03,33.9,1.83,24.16
8373,2009-05-04,32.94,1.25,27.57
8374,2009-05-05,29.97,0.61,37.17
8375,2009-05-06,30.16,0.0,33.46
8376,2009-05-07,30.91,0.0,26.71
8377,2009-05-08,32.4,0.0,20.69
8378,2009-05-09,33.46,0.0,19.95
8379,2009-05-10,33.19,0.14,19.38
8380,2009-05-11,31.7,0.0,20.15
8381,2009-05-12,32.1,0.01,17.38
8382,2009-05-13,35.07,0.0,14.91
8383,2009-05-14,35.98,0.0,14.85
8384,2009-05-15,36.67,0.0,13.94
8385,2009-05-16,36.77,0.0,15.21
8386,2009-05-17,37.62,0.02,15.26
8387,2009-05-18,38.46,0.0,13.37
8388,2009-05-19,38.66,0.0,14.08
8389,2009-05-20,37.85,0.07,18.06
8390,2009-05-21,37.59,0.0,18.36
8391,2009-05-22,35.71,7.25,23.57
8392,2009-05-23,36.01,0.09,20.13
8393,2009-05-24,35.41,0.48,19.51
8394,2009-05-25,34.1,2.06,23.67
8395,2009-05-26,34.83,0.0,19.32
8396,2009-05-27,35.73,0.0,15.0
8397,2009-05-28,36.91,0.0,13.6
8398,2009-05-29,37.32,0.27,12.43
8399,2009-05-30,34.82,0.53,22.95
8400,2009-05-31,34.71,0.04,28.04
8401,2009-06-01,34.24,4.21,27.97
8402,2009-06-02,35.94,0.0,30.07
8403,2009-06-03,37.66,0.38,24.6
8404,2009-06-04,37.59,0.0,18.85
8405,2009-06-05,37.65,0.01,19.27
8406,2009-06-06,36.12,0.13,15.71
8407,2009-06-07,34.4,0.0,13.04
8408,2009-06-08,34.78,0.0,11.52
8409,2009-06-09,35.66,0.0,12.91
8410,2009-06-10,37.25,0.0,11.71
8411,2009-06-11,37.74,0.44,15.19
8412,2009-06-12,36.96,0.16,16.69
8413,2009-06-13,36.97,0.07,16.29
8414,2009-06-14,37.34,0.82,18.63
8415,2009-06-15,34.68,3.38,30.26
8416,2009-06-16,33.58,0.17,32.07
8417,2009-06-17,33.41,0.0,31.14
8418,2009-06-18,34.48,0.0,25.36
8419,2009-06-19,35.91,0.0,21.23
8420,2009-06-20,36.27,0.0,17.46
8421,2009-06-21,37.23,0.0,13.79
8422,2009-06-22,37.68,0.0,13.37
8423,2009-06-23,37.75,0.0,13.14
8424,2009-06-24,38.78,0.0,13.47
8425,2009-06-25,39.32,0.0,18.5
8426,2009-06-26,38.58,0.0,18.33
8427,2009-06-27,40.04,0.0,16.0
8428,2009-06-28,41.05,0.0,18.4
8429,2009-06-29,40.37,4.0,23.26
8430,2009-06-30,35.96,10.09,45.05
8431,2009-07-01,33.46,6.65,50.6
8432,2009-07-02,35.0,2.15,40.65
8433,2009-07-03,34.49,0.02,38.52
8434,2009-07-04,35.19,0.0,32.27
8435,2009-07-05,35.67,0.0,27.88
8436,2009-07-06,37.3,0.0,25.76
8437,2009-07-07,38.4,0.0,22.69
8438,2009-07-08,37.05,0.91,28.98
8439,2009-07-09,37.91,1.03,33.98
8440,2009-07-10,37.18,0.24,38.28
8441,2009-07-11,36.32,0.09,40.65
8442,2009-07-12,37.77,0.02,35.24
8443,2009-07-13,37.39,6.03,39.74
8444,2009-07-14,34.56,5.39,47.88
8445,2009-07-15,36.27,0.0,38.7
8446,2009-07-16,37.19,0.09,38.6
8447,2009-07-17,38.22,1.18,36.51
8448,2009-07-18,36.04,5.38,46.85
8449,2009-07-19,36.79,0.67,45.97
8450,2009-07-20,37.95,2.92,39.81
8451,2009-07-21,34.41,14.65,54.26
8452,2009-07-22,34.84,6.66,52.9
8453,2009-07-23,34.05,7.8,53.35
8454,2009-07-24,33.26,3.77,55.74
8455,2009-07-25,35.57,0.02,47.93
8456,2009-07-26,36.38,0.46,45.61
8457,2009-07-27,35.22,22.22,54.18
8458,2009-07-28,32.62,11.12,63.58
8459,2009-07-29,33.65,1.51,54.86
8460,2009-07-30,33.51,4.96,54.55
8461,2009-07-31,33.98,4.81,52.86
8462,2009-08-01,35.54,0.05,47.49
8463,2009-08-02,35.99,0.0,45.8
8464,2009-08-03,35.13,8.7,52.11
8465,2009-08-04,35.98,0.02,47.36
8466,2009-08-05,35.87,0.21,46.76
8467,2009-08-06,36.52,0.63,43.78
8468,2009-08-07,35.49,0.31,46.96
8469,2009-08-08,35.67,0.01,46.0
8470,2009-08-09,35.85,0.11,46.05
8471,2009-08-10,36.29,0.06,45.12
8472,2009-08-11,36.28,0.01,43.88
8473,2009-08-12,36.0,0.0,47.62
8474,2009-08-13,37.12,1.56,42.37
8475,2009-08-14,35.07,3.99,47.75
8476,2009-08-15,31.46,2.35,65.2
8477,2009-08-16,29.03,0.96,73.49
8478,2009-08-17,31.43,1.29,60.64
8479,2009-08-18,31.7,22.81,62.7
8480,2009-08-19,30.41,7.55,67.35
8481,2009-08-20,32.14,0.97,52.97
8482,2009-08-21,31.61,6.96,55.38
8483,2009-08-22,31.88,0.31,53.35
8484,2009-08-23,32.72,3.04,52.0
8485,2009-08-24,33.28,0.17,48.17
8486,2009-08-25,33.42,1.99,45.99
8487,2009-08-26,32.3,0.27,54.63
8488,2009-08-27,32.63,0.02,52.35
8489,2009-08-28,32.94,0.04,52.43
8490,2009-08-29,32.32,0.14,54.98
8491,2009-08-30,30.21,17.77,69.61
8492,2009-08-31,28.08,31.12,85.08
8493,2009-09-01,29.64,12.36,70.86
8494,2009-09-02,30.62,2.88,65.92
8495,2009-09-03,30.0,13.18,69.01
8496,2009-09-04,29.53,2.2,65.98
8497,2009-09-05,28.69,2.46,57.45
8498,2009-09-06,29.03,0.19,46.47
8499,2009-09-07,28.98,0.0,44.64
8500,2009-09-08,30.01,0.15,43.37
8501,2009-09-09,26.85,11.02,67.32
8502,2009-09-10,28.08,10.44,71.19
8503,2009-09-11,25.67,14.74,84.22
8504,2009-09-12,27.44,1.05,71.28
8505,2009-09-13,29.51,0.0,57.53
8506,2009-09-14,30.25,0.0,49.9
8507,2009-09-15,29.12,0.0,47.42
8508,2009-09-16,29.05,0.0,53.57
8509,2009-09-17,29.85,0.0,48.32
8510,2009-09-18,30.62,0.0,46.82
8511,2009-09-19,30.66,0.0,48.73
8512,2009-09-20,29.68,0.01,56.15
8513,2009-09-21,30.17,0.01,60.11
8514,2009-09-22,30.91,0.02,59.09
8515,2009-09-23,32.06,0.0,52.0
8516,2009-09-24,31.98,0.0,45.84
8517,2009-09-25,31.11,0.0,45.65
8518,2009-09-26,29.82,0.11,52.83
8519,2009-09-27,30.6,0.0,42.13
8520,2009-09-28,30.64,0.0,40.27
8521,2009-09-29,30.99,0.0,40.66
8522,2009-09-30,30.66,0.0,39.19
8523,2009-10-01,29.65,0.03,48.75
8524,2009-10-02,31.15,0.02,54.1
8525,2009-10-03,30.44,0.2,52.82
8526,2009-10-04,28.88,2.21,61.6
8527,2009-10-05,28.11,0.04,59.52
8528,2009-10-06,28.49,0.14,53.13
8529,2009-10-07,27.82,0.0,45.15
8530,2009-10-08,28.56,0.0,39.09
8531,2009-10-09,27.56,0.0,37.87
8532,2009-10-10,27.05,0.0,37.14
8533,2009-10-11,27.1,0.0,35.83
8534,2009-10-12,26.57,0.0,33.17
8535,2009-10-13,26.53,0.0,32.19
8536,2009-10-14,26.09,0.0,33.37
8537,2009-10-15,26.0,0.0,33.6
8538,2009-10-16,26.04,0.0,30.57
8539,2009-10-17,25.32,0.0,29.25
8540,2009-10-18,24.98,0.0,30.61
8541,2009-10-19,24.93,0.0,32.19
8542,2009-10-20,24.7,0.0,28.17
8543,2009-10-21,23.84,0.0,27.72
8544,2009-10-22,23.38,0.0,26.77
8545,2009-10-23,21.8,0.0,27.27
8546,2009-10-24,22.19,0.0,24.24
8547,2009-10-25,22.51,0.0,23.35
8548,2009-10-26,22.22,0.0,22.09
8549,2009-10-27,22.14,0.0,22.07
8550,2009-10-28,21.97,0.0,23.75
8551,2009-10-29,23.02,0.0,25.48
8552,2009-10-30,22.29,0.0,30.68
8553,2009-10-31,23.45,0.0,27.42
8554,2009-11-01,22.47,0.0,32.43
8555,2009-11-02,22.89,0.0,38.63
8556,2009-11-03,23.22,0.0,37.59
8557,2009-11-04,22.74,0.0,33.39
8558,2009-11-05,23.1,0.0,31.67
8559,2009-11-06,22.54,0.0,32.5
8560,2009-11-07,22.97,0.0,30.36
8561,2009-11-08,20.88,0.0,35.67
8562,2009-11-09,21.27,2.09,44.94
8563,2009-11-10,19.04,0.18,50.21
8564,2009-11-11,18.24,0.0,34.56
8565,2009-11-12,20.03,0.0,33.79
8566,2009-11-13,18.77,2.57,55.14
8567,2009-11-14,19.0,1.2,74.72
8568,2009-11-15,19.96,0.0,63.05
8569,2009-11-16,20.26,0.0,44.04
8570,2009-11-17,18.77,0.0,39.93
8571,2009-11-18,16.81,0.0,35.91
8572,2009-11-19,15.63,0.0,32.29
8573,2009-11-20,15.31,0.0,27.6
8574,2009-11-21,16.93,0.0,25.61
8575,2009-11-22,15.32,0.0,30.38
8576,2009-11-23,15.77,0.0,32.22
8577,2009-11-24,15.8,0.0,33.23
8578,2009-11-25,16.86,0.0,34.97
8579,2009-11-26,17.44,0.0,32.45
8580,2009-11-27,16.57,0.0,27.95
8581,2009-11-28,17.45,0.0,25.63
8582,2009-11-29,18.13,0.0,25.43
8583,2009-11-30,19.01,0.0,26.08
8584,2009-12-01,16.83,0.0,33.33
8585,2009-12-02,17.04,0.0,32.38
8586,2009-12-03,18.48,0.0,30.16
8587,2009-12-04,18.2,0.0,31.52
8588,2009-12-05,18.19,0.0,35.13
8589,2009-12-06,17.07,0.0,38.45
8590,2009-12-07,14.55,0.0,30.17
8591,2009-12-08,14.63,0.0,24.3
8592,2009-12-09,15.47,0.0,25.96
8593,2009-12-10,16.63,0.0,27.42
8594,2009-12-11,16.8,0.0,32.96
8595,2009-12-12,15.28,0.0,40.39
8596,2009-12-13,14.88,0.0,36.46
8597,2009-12-14,14.96,0.0,33.79
8598,2009-12-15,15.87,0.0,33.11
8599,2009-12-16,15.99,0.0,35.31
8600,2009-12-17,15.09,0.0,36.99
8601,2009-12-18,14.65,0.0,34.84
8602,2009-12-19,15.16,0.0,32.43
8603,2009-12-20,13.95,0.0,29.74
8604,2009-12-21,13.07,0.0,31.12
8605,2009-12-22,13.47,0.0,31.3
8606,2009-12-23,14.08,0.0,28.78
8607,2009-12-24,13.47,0.0,28.07
8608,2009-12-25,13.21,0.0,25.31
8609,2009-12-26,14.53,0.0,19.65
8610,2009-12-27,12.86,0.0,23.64
8611,2009-12-28,11.74,0.0,27.35
8612,2009-12-29,11.83,0.0,27.42
8613,2009-12-30,12.13,0.0,22.47
8614,2009-12-31,11.74,0.0,34.33
8615,2010-01-01,12.74,0.0,36.97
8616,2010-01-02,14.21,0.0,30.37
8617,2010-01-03,12.01,4.4,43.81
8618,2010-01-04,10.45,0.0,61.55
8619,2010-01-05,10.65,0.0,53.76
8620,2010-01-06,12.56,0.0,40.62
8621,2010-01-07,12.82,0.0,32.3
8622,2010-01-08,11.31,0.0,33.28
8623,2010-01-09,11.61,0.0,35.94
8624,2010-01-10,13.0,0.0,30.76
8625,2010-01-11,12.74,0.0,23.18
8626,2010-01-12,12.37,0.03,20.25
8627,2010-01-13,9.08,1.0,57.17
8628,2010-01-14,9.73,0.0,47.94
8629,2010-01-15,11.58,0.0,27.48
8630,2010-01-16,13.14,0.0,22.27
8631,2010-01-17,15.35,0.0,18.99
8632,2010-01-18,14.35,0.0,19.96
8633,2010-01-19,14.29,0.0,20.14
8634,2010-01-20,13.43,0.0,21.19
8635,2010-01-21,13.46,0.0,23.25
8636,2010-01-22,15.38,0.0,21.17
8637,2010-01-23,15.24,0.0,22.46
8638,2010-01-24,15.56,0.0,24.59
8639,2010-01-25,15.34,0.0,26.85
8640,2010-01-26,16.28,0.0,27.23
8641,2010-01-27,17.45,0.0,26.15
8642,2010-01-28,16.68,0.0,28.55
8643,2010-01-29,16.22,0.15,37.54
8644,2010-01-30,15.01,0.16,39.99
8645,2010-01-31,13.68,0.0,34.3
8646,2010-02-01,14.83,0.0,26.16
8647,2010-02-02,14.62,0.0,28.84
8648,2010-02-03,14.49,0.0,29.99
8649,2010-02-04,15.39,0.0,28.66
8650,2010-02-05,16.56,0.0,32.05
8651,2010-02-06,18.25,0.0,34.69
8652,2010-02-07,18.92,0.03,51.07
8653,2010-02-08,15.93,5.46,73.57
8654,2010-02-09,14.26,4.22,57.9
8655,2010-02-10,12.94,0.0,43.6
8656,2010-02-11,13.53,0.0,39.5
8657,2010-02-12,15.45,0.01,33.65
8658,2010-02-13,15.26,0.0,32.56
8659,2010-02-14,15.77,0.0,32.3
8660,2010-02-15,15.75,0.0,31.58
8661,2010-02-16,15.24,0.0,39.65
8662,2010-02-17,13.58,0.0,39.55
8663,2010-02-18,14.52,0.0,38.21
8664,2010-02-19,16.31,0.0,26.51
8665,2010-02-20,17.75,0.0,26.63
8666,2010-02-21,19.66,0.0,29.73
8667,2010-02-22,20.55,1.03,30.35
8668,2010-02-23,19.17,0.67,51.09
8669,2010-02-24,19.83,0.08,41.77
8670,2010-02-25,19.79,0.01,45.71
8671,2010-02-26,20.89,0.08,43.25
8672,2010-02-27,22.28,0.0,40.25
8673,2010-02-28,23.86,0.03,37.56
8674,2010-03-01,24.05,0.15,39.21
8675,2010-03-02,23.38,0.0,31.89
8676,2010-03-03,20.61,0.04,27.32
8677,2010-03-04,21.15,1.31,36.48
8678,2010-03-05,21.06,0.01,39.1
8679,2010-03-06,21.35,0.0,34.51
8680,2010-03-07,20.3,0.52,47.66
8681,2010-03-08,20.42,0.0,41.37
8682,2010-03-09,22.21,0.0,31.83
8683,2010-03-10,22.89,0.0,26.28
8684,2010-03-11,23.23,0.0,22.35
8685,2010-03-12,23.89,0.0,23.59
8686,2010-03-13,24.74,0.0,25.91
8687,2010-03-14,25.0,0.0,25.84
8688,2010-03-15,25.33,0.0,22.95
8689,2010-03-16,27.54,0.0,18.2
8690,2010-03-17,26.65,0.0,20.4
8691,2010-03-18,27.19,0.0,23.92
8692,2010-03-19,27.39,0.0,25.44
8693,2010-03-20,29.35,0.0,21.55
8694,2010-03-21,30.24,0.0,18.34
8695,2010-03-22,30.75,0.0,15.41
8696,2010-03-23,30.33,0.0,13.86
8697,2010-03-24,30.04,0.0,13.36
8698,2010-03-25,29.3,0.0,13.91
8699,2010-03-26,30.56,0.0,16.04
8700,2010-03-27,29.26,0.0,19.25
8701,2010-03-28,29.31,0.0,19.17
8702,2010-03-29,30.98,0.0,14.91
8703,2010-03-30,30.23,0.0,15.31
8704,2010-03-31,28.81,0.0,16.58
8705,2010-04-01,29.15,0.0,14.33
8706,2010-04-02,29.17,0.01,15.5
8707,2010-04-03,29.7,0.03,20.94
8708,2010-04-04,29.59,0.0,17.98
8709,2010-04-05,30.14,0.0,16.95
8710,2010-04-06,28.68,0.0,14.07
8711,2010-04-07,29.37,0.0,11.6
8712,2010-04-08,31.18,0.0,9.75
8713,2010-04-09,31.32,0.0,13.11
8714,2010-04-10,32.18,0.0,18.61
8715,2010-04-11,33.96,0.0,14.33
8716,2010-04-12,31.55,0.0,17.48
8717,2010-04-13,31.17,0.0,19.1
8718,2010-04-14,32.0,0.0,14.71
8719,2010-04-15,33.39,0.0,10.01
8720,2010-04-16,34.87,0.0,11.14
8721,2010-04-17,35.79,0.0,13.49
8722,2010-04-18,36.01,0.01,15.78
8723,2010-04-19,34.91,0.0,19.07
8724,2010-04-20,34.4,0.01,18.13
8725,2010-04-21,33.83,0.26,17.22
8726,2010-04-22,31.36,0.42,22.67
8727,2010-04-23,30.96,0.0,19.15
8728,2010-04-24,30.82,0.0,16.69
8729,2010-04-25,32.63,0.0,11.46
8730,2010-04-26,33.48,0.0,13.19
8731,2010-04-27,34.26,0.0,18.48
8732,2010-04-28,34.37,0.0,21.76
8733,2010-04-29,35.12,0.0,18.27
8734,2010-04-30,34.85,0.15,17.31
8735,2010-05-01,32.57,0.39,23.58
8736,2010-05-02,34.37,0.0,18.81
8737,2010-05-03,35.09,0.0,16.6
8738,2010-05-04,36.81,0.0,15.09
8739,2010-05-05,35.86,0.75,18.73
8740,2010-05-06,33.63,0.02,29.79
8741,2010-05-07,33.85,1.72,28.54
8742,2010-05-08,33.16,0.0,27.83
8743,2010-05-09,33.54,0.0,24.48
8744,2010-05-10,34.2,0.11,20.48
8745,2010-05-11,33.83,1.35,20.97
8746,2010-05-12,34.62,0.0,18.59
8747,2010-05-13,35.12,0.0,15.91
8748,2010-05-14,35.12,0.0,16.96
8749,2010-05-15,35.63,0.0,14.26
8750,2010-05-16,36.67,0.0,13.51
8751,2010-05-17,37.59,0.04,14.87
8752,2010-05-18,36.32,0.21,20.27
8753,2010-05-19,34.79,0.23,22.12
8754,2010-05-20,34.82,0.0,12.9
8755,2010-05-21,35.82,0.0,10.16
8756,2010-05-22,38.31,0.0,10.71
8757,2010-05-23,38.47,0.03,12.24
8758,2010-05-24,38.78,0.0,12.82
8759,2010-05-25,38.13,0.0,8.32
8760,2010-05-26,38.29,0.0,6.48
8761,2010-05-27,39.52,0.0,12.25
8762,2010-05-28,38.21,0.0,14.53
8763,2010-05-29,36.2,1.11,22.1
8764,2010-05-30,34.23,0.0,18.4
8765,2010-05-31,36.08,0.0,14.12
8766,2010-06-01,37.81,0.0,12.34
8767,2010-06-02,38.26,0.08,15.61
8768,2010-06-03,37.69,1.98,21.9
8769,2010-06-04,37.02,5.47,29.35
8770,2010-06-05,33.73,4.83,39.88
8771,2010-06-06,33.3,0.08,25.63
8772,2010-06-07,30.52,14.26,43.94
8773,2010-06-08,27.95,19.68,60.16
8774,2010-06-09,31.53,2.02,42.06
8775,2010-06-10,32.68,0.97,38.48
8776,2010-06-11,34.47,0.0,32.85
8777,2010-06-12,35.44,0.0,28.56
8778,2010-06-13,36.17,0.35,27.33
8779,2010-06-14,35.14,0.33,29.76
8780,2010-06-15,34.45,0.02,27.38
8781,2010-06-16,34.3,0.03,29.57
8782,2010-06-17,35.46,0.0,27.07
8783,2010-06-18,36.3,0.0,24.9
8784,2010-06-19,38.31,0.0,21.98
8785,2010-06-20,38.65,0.0,23.78
8786,2010-06-21,40.81,0.0,16.99
8787,2010-06-22,39.36,0.0,18.86
8788,2010-06-23,38.75,0.03,23.64
8789,2010-06-24,38.32,2.32,28.3
8790,2010-06-25,35.43,8.95,42.14
8791,2010-06-26,36.5,0.0,34.41
8792,2010-06-27,38.09,0.04,33.65
8793,2010-06-28,37.62,4.19,34.18
8794,2010-06-29,37.66,0.0,27.54
8795,2010-06-30,37.77,0.75,29.31
8796,2010-07-01,36.54,4.95,35.84
8797,2010-07-02,34.47,4.88,42.83
8798,2010-07-03,35.99,0.0,33.26
8799,2010-07-04,33.91,14.07,50.89
8800,2010-07-05,28.56,24.21,75.9
8801,2010-07-06,28.59,7.0,78.39
8802,2010-07-07,31.96,1.11,61.67
8803,2010-07-08,33.99,0.04,53.58
8804,2010-07-09,36.04,0.07,44.29
8805,2010-07-10,36.6,0.43,41.44
8806,2010-07-11,36.06,16.74,49.23
8807,2010-07-12,35.1,7.59,52.57
8808,2010-07-13,32.81,18.49,58.9
8809,2010-07-14,33.75,0.03,48.5
8810,2010-07-15,35.4,0.0,42.04
8811,2010-07-16,36.22,0.05,42.67
8812,2010-07-17,34.13,2.02,57.17
8813,2010-07-18,35.9,0.84,52.09
8814,2010-07-19,35.83,11.77,52.39
8815,2010-07-20,29.83,38.72,76.42
8816,2010-07-21,28.88,30.92,77.1
8817,2010-07-22,29.6,19.81,75.76
8818,2010-07-23,30.54,0.61,69.91
8819,2010-07-24,32.54,0.01,63.61
8820,2010-07-25,32.4,1.52,65.8
8821,2010-07-26,29.48,5.04,75.61
8822,2010-07-27,28.83,7.87,76.98
8823,2010-07-28,28.85,3.24,76.16
8824,2010-07-29,31.06,1.23,69.6
8825,2010-07-30,32.96,2.52,62.76
8826,2010-07-31,30.14,9.11,74.78
8827,2010-08-01,28.62,2.59,77.62
8828,2010-08-02,31.22,0.22,69.14
8829,2010-08-03,31.06,0.0,69.59
8830,2010-08-04,31.15,0.83,65.81
8831,2010-08-05,29.91,4.28,77.58
8832,2010-08-06,30.27,12.7,76.27
8833,2010-08-07,31.2,4.21,71.01
8834,2010-08-08,30.85,2.99,70.31
8835,2010-08-09,31.97,0.15,65.8
8836,2010-08-10,33.08,2.75,63.62
8837,2010-08-11,33.44,0.52,61.98
8838,2010-08-12,32.65,1.36,63.29
8839,2010-08-13,31.0,8.44,68.62
8840,2010-08-14,30.55,2.55,69.94
8841,2010-08-15,30.71,10.93,73.96
8842,2010-08-16,30.99,11.74,75.9
8843,2010-08-17,31.66,7.63,71.32
8844,2010-08-18,30.86,6.55,75.63
8845,2010-08-19,28.97,8.01,86.02
8846,2010-08-20,28.98,2.59,85.27
8847,2010-08-21,29.36,3.81,79.35
8848,2010-08-22,28.49,14.45,83.64
8849,2010-08-23,29.57,3.41,78.7
8850,2010-08-24,30.89,8.42,71.31
8851,2010-08-25,29.47,7.43,75.64
8852,2010-08-26,28.03,1.1,76.78
8853,2010-08-27,29.31,0.0,69.92
8854,2010-08-28,29.76,0.0,66.3
8855,2010-08-29,29.99,0.06,62.27
8856,2010-08-30,30.12,0.06,65.65
8857,2010-08-31,30.63,0.07,66.63
8858,2010-09-01,30.78,0.13,67.75
8859,2010-09-02,31.48,5.17,67.09
8860,2010-09-03,31.23,4.72,69.45
8861,2010-09-04,30.7,2.5,70.6
8862,2010-09-05,29.88,0.19,71.33
8863,2010-09-06,30.73,0.03,67.59
8864,2010-09-07,31.05,13.48,68.4
8865,2010-09-08,29.13,10.01,79.61
8866,2010-09-09,29.48,5.47,74.35
8867,2010-09-10,29.19,4.1,74.82
8868,2010-09-11,29.41,19.74,75.06
8869,2010-09-12,28.54,18.9,82.59
8870,2010-09-13,28.06,2.71,75.96
8871,2010-09-14,28.22,0.33,72.1
8872,2010-09-15,27.66,0.0,68.01
8873,2010-09-16,27.56,0.16,62.8
8874,2010-09-17,27.82,0.16,57.74
8875,2010-09-18,26.28,0.03,62.49
8876,2010-09-19,26.43,1.19,65.57
8877,2010-09-20,26.78,2.39,69.29
8878,2010-09-21,27.96,13.56,73.33
8879,2010-09-22,26.93,12.11,81.84
8880,2010-09-23,27.01,38.21,78.47
8881,2010-09-24,26.15,1.5,78.48
8882,2010-09-25,26.51,0.0,70.98
8883,2010-09-26,26.19,0.0,63.83
8884,2010-09-27,26.26,0.0,61.42
8885,2010-09-28,26.24,0.0,56.64
8886,2010-09-29,25.81,0.0,60.35
8887,2010-09-30,26.09,0.0,61.98
8888,2010-10-01,26.76,0.0,59.57
8889,2010-10-02,27.12,0.03,59.3
8890,2010-10-03,27.34,0.0,58.23
8891,2010-10-04,27.33,0.0,57.65
8892,2010-10-05,27.65,0.0,60.15
8893,2010-10-06,27.21,0.0,67.32
8894,2010-10-07,27.22,0.0,67.06
8895,2010-10-08,27.13,0.0,65.62
8896,2010-10-09,27.5,0.0,58.79
8897,2010-10-10,26.69,0.0,58.49
8898,2010-10-11,26.04,0.0,57.79
8899,2010-10-12,26.21,0.0,55.58
8900,2010-10-13,26.12,0.0,56.57
8901,2010-10-14,26.43,0.0,53.13
8902,2010-10-15,26.62,0.0,56.5
8903,2010-10-16,27.34,0.0,56.84
8904,2010-10-17,26.99,0.0,64.7
8905,2010-10-18,27.05,0.0,64.97
8906,2010-10-19,26.98,0.0,62.94
8907,2010-10-20,27.04,0.0,61.58
8908,2010-10-21,26.52,0.58,62.04
8909,2010-10-22,25.39,2.76,67.59
8910,2010-10-23,23.62,0.02,63.93
8911,2010-10-24,22.06,0.0,49.06
8912,2010-10-25,22.37,0.0,38.72
8913,2010-10-26,22.18,0.0,38.16
8914,2010-10-27,21.66,0.0,38.39
8915,2010-10-28,21.05,0.0,43.65
8916,2010-10-29,22.51,0.0,38.16
8917,2010-10-30,21.33,0.0,55.43
8918,2010-10-31,21.9,0.0,48.16
8919,2010-11-01,21.82,0.0,46.13
8920,2010-11-02,22.23,0.0,44.06
8921,2010-11-03,22.17,0.0,42.97
8922,2010-11-04,22.11,0.0,43.07
8923,2010-11-05,21.76,0.0,45.53
8924,2010-11-06,21.59,0.0,44.57
8925,2010-11-07,22.58,0.0,40.54
8926,2010-11-08,22.84,0.0,41.11
8927,2010-11-09,22.01,0.0,47.26
8928,2010-11-10,20.68,0.0,41.55
8929,2010-11-11,20.92,0.0,33.99
8930,2010-11-12,18.85,0.06,40.07
8931,2010-11-13,19.22,0.0,38.72
8932,2010-11-14,18.53,0.01,57.46
8933,2010-11-15,20.08,0.0,39.16
8934,2010-11-16,20.36,0.0,39.78
8935,2010-11-17,20.51,0.0,42.45
8936,2010-11-18,19.29,0.18,48.15
8937,2010-11-19,18.49,0.01,50.56
8938,2010-11-20,17.87,0.0,43.01
8939,2010-11-21,17.11,0.0,42.86
8940,2010-11-22,18.35,0.0,32.74
8941,2010-11-23,17.21,0.0,38.11
8942,2010-11-24,18.28,0.0,38.97
8943,2010-11-25,20.06,0.0,40.58
8944,2010-11-26,18.93,0.0,48.38
8945,2010-11-27,18.3,0.0,43.94
8946,2010-11-28,17.92,0.0,40.28
8947,2010-11-29,16.74,0.0,40.69
8948,2010-11-30,16.0,0.0,43.28
8949,2010-12-01,16.48,0.0,34.59
8950,2010-12-02,14.31,0.0,43.07
8951,2010-12-03,14.81,0.0,38.45
8952,2010-12-04,14.2,0.0,37.58
8953,2010-12-05,15.15,0.0,37.75
8954,2010-12-06,15.02,0.0,51.62
8955,2010-12-07,15.08,0.0,57.23
8956,2010-12-08,14.82,0.0,50.51
8957,2010-12-09,14.47,0.0,54.22
8958,2010-12-10,13.96,0.0,46.69
8959,2010-12-11,14.71,0.0,49.41
8960,2010-12-12,13.3,0.0,47.3
8961,2010-12-13,14.3,0.0,35.65
8962,2010-12-14,13.66,0.0,35.52
8963,2010-12-15,13.05,0.0,40.84
8964,2010-12-16,13.04,0.0,38.99
8965,2010-12-17,12.6,0.0,41.03
8966,2010-12-18,12.0,0.0,43.83
8967,2010-12-19,10.47,0.0,42.31
8968,2010-12-20,10.6,0.0,36.46
8969,2010-12-21,12.82,0.0,27.69
8970,2010-12-22,11.64,0.0,36.48
8971,2010-12-23,12.25,0.0,50.34
8972,2010-12-24,11.97,0.0,57.29
8973,2010-12-25,11.92,0.0,45.02
8974,2010-12-26,11.67,0.0,38.61
8975,2010-12-27,11.28,0.0,42.51
8976,2010-12-28,12.16,0.09,43.6
8977,2010-12-29,13.46,0.78,67.63
8978,2010-12-30,13.64,19.43,95.15
8979,2010-12-31,11.3,0.07,75.36
8980,2011-01-01,10.64,0.0,64.42
8981,2011-01-02,9.23,0.0,60.85
8982,2011-01-03,8.55,0.0,50.88
8983,2011-01-04,7.92,0.0,49.18
8984,2011-01-05,7.62,0.0,45.59
8985,2011-01-06,8.8,0.0,41.73
8986,2011-01-07,10.56,0.0,35.77
8987,2011-01-08,10.2,0.0,38.45
8988,2011-01-09,10.1,0.0,41.89
8989,2011-01-10,9.47,0.0,47.06
8990,2011-01-11,10.23,0.0,40.18
8991,2011-01-12,12.26,0.0,37.48
8992,2011-01-13,14.28,0.0,37.6
8993,2011-01-14,13.86,1.37,54.06
8994,2011-01-15,11.61,0.08,60.7
8995,2011-01-16,9.05,0.0,42.01
8996,2011-01-17,10.28,0.0,43.75
8997,2011-01-18,11.91,0.0,43.68
8998,2011-01-19,10.73,0.0,48.39
8999,2011-01-20,13.0,0.02,32.74
9000,2011-01-21,14.1,0.03,40.76
9001,2011-01-22,13.99,0.0,45.21
9002,2011-01-23,13.95,0.0,36.95
9003,2011-01-24,13.06,0.0,37.64
9004,2011-01-25,12.93,0.0,34.15
9005,2011-01-26,11.93,0.01,38.67
9006,2011-01-27,11.59,0.0,42.81
9007,2011-01-28,12.86,0.0,33.52
9008,2011-01-29,12.3,0.0,41.72
9009,2011-01-30,13.35,0.0,56.18
9010,2011-01-31,13.78,0.0,53.65
9011,2011-02-01,14.25,0.0,49.91
9012,2011-02-02,15.61,0.0,40.69
9013,2011-02-03,17.57,0.0,38.84
9014,2011-02-04,18.53,0.0,40.73
9015,2011-02-05,19.12,0.0,39.55
9016,2011-02-06,18.2,0.05,48.24
9017,2011-02-07,15.93,5.4,71.84
9018,2011-02-08,14.39,0.0,60.24
9019,2011-02-09,13.99,0.0,43.61
9020,2011-02-10,15.12,0.0,36.14
9021,2011-02-11,13.88,0.0,38.24
9022,2011-02-12,15.77,0.14,42.83
9023,2011-02-13,15.6,3.41,62.84
9024,2011-02-14,17.02,0.86,65.21
9025,2011-02-15,14.2,4.55,83.58
9026,2011-02-16,13.99,6.46,72.96
9027,2011-02-17,13.93,0.07,57.18
9028,2011-02-18,14.02,0.08,49.44
9029,2011-02-19,15.84,0.09,44.7
9030,2011-02-20,15.39,1.68,56.64
9031,2011-02-21,14.1,0.0,64.01
9032,2011-02-22,16.48,0.0,44.27
9033,2011-02-23,15.73,0.13,49.95
9034,2011-02-24,15.87,0.0,52.29
9035,2011-02-25,16.14,1.49,53.46
9036,2011-02-26,15.21,3.63,62.4
9037,2011-02-27,15.84,0.0,50.24
9038,2011-02-28,16.1,0.15,44.36
9039,2011-03-01,15.61,1.2,59.73
9040,2011-03-02,16.21,1.36,60.44
9041,2011-03-03,17.48,1.17,64.73
9042,2011-03-04,17.75,0.02,61.6
9043,2011-03-05,17.74,0.09,44.28
9044,2011-03-06,18.25,0.0,41.49
9045,2011-03-07,18.98,0.0,41.84
9046,2011-03-08,19.74,0.0,43.86
9047,2011-03-09,19.58,0.03,41.03
9048,2011-03-10,20.13,0.0,36.41
9049,2011-03-11,20.24,0.0,33.01
9050,2011-03-12,21.39,0.0,29.63
9051,2011-03-13,22.49,0.0,28.89
9052,2011-03-14,24.21,0.0,29.15
9053,2011-03-15,24.11,0.0,31.68
9054,2011-03-16,24.8,0.0,30.09
9055,2011-03-17,26.94,0.0,30.17
9056,2011-03-18,25.77,0.0,32.89
9057,2011-03-19,25.01,0.0,29.96
9058,2011-03-20,24.19,0.01,21.96
9059,2011-03-21,22.4,0.0,26.8
9060,2011-03-22,23.25,0.0,22.64
9061,2011-03-23,24.59,0.0,22.59
9062,2011-03-24,25.1,0.22,24.74
9063,2011-03-25,26.23,0.0,22.19
9064,2011-03-26,27.84,0.0,22.07
9065,2011-03-27,28.15,0.0,24.86
9066,2011-03-28,28.37,0.11,26.19
9067,2011-03-29,26.19,1.45,32.73
9068,2011-03-30,24.75,1.39,38.15
9069,2011-03-31,25.19,0.0,27.53
9070,2011-04-01,26.19,0.02,24.08
9071,2011-04-02,26.19,0.39,23.37
9072,2011-04-03,23.48,2.95,36.49
9073,2011-04-04,23.91,0.0,24.21
9074,2011-04-05,24.99,0.0,20.46
9075,2011-04-06,24.17,0.0,24.87
9076,2011-04-07,24.22,0.0,23.78
9077,2011-04-08,25.56,0.0,17.36
9078,2011-04-09,26.72,0.0,16.78
9079,2011-04-10,22.46,0.49,41.85
9080,2011-04-11,24.38,0.29,37.41
9081,2011-04-12,26.44,0.0,41.34
9082,2011-04-13,27.78,0.02,34.13
9083,2011-04-14,28.53,0.0,28.67
9084,2011-04-15,28.32,0.72,27.49
9085,2011-04-16,27.95,7.7,39.29
9086,2011-04-17,24.01,8.17,66.28
9087,2011-04-18,25.92,0.43,50.75
9088,2011-04-19,25.7,0.59,44.07
9089,2011-04-20,26.54,0.0,34.66
9090,2011-04-21,27.21,0.0,31.34
9091,2011-04-22,28.97,0.0,30.51
9092,2011-04-23,29.89,0.0,28.65
9093,2011-04-24,31.49,0.0,25.42
9094,2011-04-25,32.35,0.0,21.6
9095,2011-04-26,33.21,0.0,17.85
9096,2011-04-27,31.29,0.0,24.04
9097,2011-04-28,32.85,0.0,25.36
9098,2011-04-29,33.38,0.0,21.2
9099,2011-04-30,33.45,0.0,21.13
9100,2011-05-01,33.77,0.0,20.91
9101,2011-05-02,34.18,0.0,21.71
9102,2011-05-03,35.84,0.0,17.76
9103,2011-05-04,35.93,0.0,20.03
9104,2011-05-05,35.22,2.53,24.84
9105,2011-05-06,30.92,2.42,34.64
9106,2011-05-07,31.58,0.0,31.75
9107,2011-05-08,33.14,0.0,25.49
9108,2011-05-09,35.35,0.0,17.76
9109,2011-05-10,35.3,0.0,18.08
9110,2011-05-11,36.11,0.0,16.0
9111,2011-05-12,36.34,0.0,15.16
9112,2011-05-13,35.6,0.02,15.23
9113,2011-05-14,35.41,0.17,14.62
9114,2011-05-15,36.41,0.0,11.95
9115,2011-05-16,37.87,0.0,11.5
9116,2011-05-17,38.45,0.0,11.98
9117,2011-05-18,38.14,0.01,14.83
9118,2011-05-19,37.99,0.03,16.63
9119,2011-05-20,36.83,0.0,24.33
9120,2011-05-21,37.24,2.92,30.3
9121,2011-05-22,35.13,2.32,37.81
9122,2011-05-23,34.81,0.0,26.04
9123,2011-05-24,36.15,0.0,21.05
9124,2011-05-25,37.54,0.0,22.08
9125,2011-05-26,36.99,2.09,23.74
9126,2011-05-27,35.83,2.5,29.58
9127,2011-05-28,35.54,0.0,29.49
9128,2011-05-29,37.2,0.0,23.64
9129,2011-05-30,37.34,0.1,20.97
9130,2011-05-31,36.23,0.0,24.29
9131,2011-06-01,31.47,17.28,47.58
9132,2011-06-02,30.06,16.7,51.84
9133,2011-06-03,32.08,0.0,37.01
9134,2011-06-04,33.9,0.0,30.09
9135,2011-06-05,35.06,0.0,30.89
9136,2011-06-06,36.15,0.06,32.29
9137,2011-06-07,36.23,0.01,32.39
9138,2011-06-08,36.02,0.01,29.81
9139,2011-06-09,34.32,0.01,35.11
9140,2011-06-10,33.49,0.63,40.08
9141,2011-06-11,35.08,0.02,33.52
9142,2011-06-12,34.3,7.18,45.1
9143,2011-06-13,35.84,0.0,37.02
9144,2011-06-14,37.71,0.04,30.5
9145,2011-06-15,36.21,1.57,37.21
9146,2011-06-16,36.59,0.3,39.46
9147,2011-06-17,35.36,6.76,44.82
9148,2011-06-18,35.03,3.85,48.46
9149,2011-06-19,36.45,0.76,37.35
9150,2011-06-20,35.84,0.7,36.35
9151,2011-06-21,36.64,0.05,37.02
9152,2011-06-22,37.74,0.0,35.54
9153,2011-06-23,37.26,0.14,38.44
9154,2011-06-24,36.22,15.07,48.0
9155,2011-06-25,36.12,7.13,48.24
9156,2011-06-26,33.71,3.06,56.91
9157,2011-06-27,32.52,18.04,61.56
9158,2011-06-28,32.66,11.98,61.04
9159,2011-06-29,32.8,2.57,56.37
9160,2011-06-30,32.95,6.46,54.82
9161,2011-07-01,33.66,4.51,49.93
9162,2011-07-02,33.58,2.14,48.43
9163,2011-07-03,32.69,1.75,53.43
9164,2011-07-04,32.55,0.22,46.5
9165,2011-07-05,34.73,0.05,38.36
9166,2011-07-06,33.95,0.83,49.46
9167,2011-07-07,33.5,4.9,56.8
9168,2011-07-08,32.71,4.04,58.57
9169,2011-07-09,31.0,6.19,67.25
9170,2011-07-10,32.2,1.95,60.65
9171,2011-07-11,33.82,0.01,49.89
9172,2011-07-12,35.43,0.0,42.3
9173,2011-07-13,35.45,1.91,48.3
9174,2011-07-14,33.33,23.95,59.94
9175,2011-07-15,31.91,21.91,70.01
9176,2011-07-16,30.97,1.01,66.96
9177,2011-07-17,31.89,0.66,60.33
9178,2011-07-18,32.26,0.14,59.28
9179,2011-07-19,34.06,0.1,52.46
9180,2011-07-20,35.27,0.07,46.19
9181,2011-07-21,34.83,0.08,47.62
9182,2011-07-22,32.99,5.3,58.74
9183,2011-07-23,31.65,6.97,63.05
9184,2011-07-24,30.47,0.09,65.95
9185,2011-07-25,30.64,0.05,62.97
9186,2011-07-26,31.82,0.0,59.79
9187,2011-07-27,33.28,2.35,58.07
9188,2011-07-28,31.08,21.32,73.79
9189,2011-07-29,30.61,10.88,75.25
9190,2011-07-30,32.7,1.49,63.29
9191,2011-07-31,34.3,0.38,54.45
9192,2011-08-01,34.35,1.05,55.84
9193,2011-08-02,35.47,0.09,49.4
9194,2011-08-03,35.8,1.22,47.88
9195,2011-08-04,32.94,11.97,59.58
9196,2011-08-05,32.4,4.57,64.11
9197,2011-08-06,33.3,3.27,61.22
9198,2011-08-07,31.56,12.28,69.02
9199,2011-08-08,28.38,22.97,83.64
9200,2011-08-09,30.36,11.74,72.42
9201,2011-08-10,31.27,0.9,67.9
9202,2011-08-11,30.77,2.0,70.63
9203,2011-08-12,28.22,25.34,81.35
9204,2011-08-13,26.2,16.55,86.95
9205,2011-08-14,28.38,11.43,77.34
9206,2011-08-15,27.78,16.78,81.99
9207,2011-08-16,28.86,11.92,75.53
9208,2011-08-17,28.81,0.06,73.74
9209,2011-08-18,29.89,0.31,71.16
9210,2011-08-19,29.66,7.55,75.36
9211,2011-08-20,28.84,1.45,77.45
9212,2011-08-21,30.12,0.0,72.96
9213,2011-08-22,31.01,0.06,70.31
9214,2011-08-23,32.22,4.03,68.18
9215,2011-08-24,28.03,5.92,87.5
9216,2011-08-25,29.52,1.28,78.05
9217,2011-08-26,28.65,1.75,82.12
9218,2011-08-27,29.38,19.36,78.58
9219,2011-08-28,28.0,11.13,85.39
9220,2011-08-29,29.78,0.39,76.01
9221,2011-08-30,29.7,0.37,77.97
9222,2011-08-31,30.0,15.63,76.8
9223,2011-09-01,29.41,4.81,80.75
9224,2011-09-02,29.6,3.95,77.04
9225,2011-09-03,29.58,1.85,75.37
9226,2011-09-04,28.32,3.2,79.24
9227,2011-09-05,28.67,3.31,74.83
9228,2011-09-06,28.54,8.0,78.48
9229,2011-09-07,29.13,3.32,77.98
9230,2011-09-08,29.47,7.9,77.85
9231,2011-09-09,27.9,19.24,86.34
9232,2011-09-10,28.5,8.55,82.16
9233,2011-09-11,29.09,7.21,78.94
9234,2011-09-12,28.72,4.8,81.03
9235,2011-09-13,28.94,0.79,79.43
9236,2011-09-14,29.85,0.19,75.86
9237,2011-09-15,29.06,26.61,80.52
9238,2011-09-16,27.4,29.74,86.62
9239,2011-09-17,27.43,0.34,80.12
9240,2011-09-18,27.47,0.0,74.38
9241,2011-09-19,27.44,3.04,73.35
9242,2011-09-20,26.95,0.0,72.34
9243,2011-09-21,27.1,0.0,67.04
9244,2011-09-22,26.56,0.0,71.67
9245,2011-09-23,27.33,0.0,65.3
9246,2011-09-24,27.08,0.0,63.89
9247,2011-09-25,27.38,0.0,62.28
9248,2011-09-26,27.93,0.0,63.12
9249,2011-09-27,28.09,0.0,64.28
9250,2011-09-28,27.86,0.0,65.08
9251,2011-09-29,27.94,0.0,59.59
9252,2011-09-30,27.91,0.0,59.64
9253,2011-10-01,27.66,0.0,61.24
9254,2011-10-02,28.22,0.0,61.18
9255,2011-10-03,28.17,0.0,58.78
9256,2011-10-04,27.8,0.03,60.66
9257,2011-10-05,27.74,0.0,62.8
9258,2011-10-06,28.05,0.0,58.02
9259,2011-10-07,28.01,0.08,61.0
9260,2011-10-08,26.5,0.01,67.08
9261,2011-10-09,27.15,0.0,56.3
9262,2011-10-10,26.83,0.0,52.81
9263,2011-10-11,27.41,0.0,47.54
9264,2011-10-12,27.3,0.0,45.78
9265,2011-10-13,27.1,0.0,45.11
9266,2011-10-14,25.86,0.0,46.69
9267,2011-10-15,25.22,0.0,43.35
9268,2011-10-16,25.4,0.0,35.37
9269,2011-10-17,25.14,0.0,35.81
9270,2011-10-18,24.51,0.0,42.66
9271,2011-10-19,25.54,0.0,39.11
9272,2011-10-20,24.8,0.0,40.84
9273,2011-10-21,24.27,0.0,41.79
9274,2011-10-22,23.2,0.26,46.64
9275,2011-10-23,23.96,0.01,47.37
9276,2011-10-24,23.03,0.0,46.37
9277,2011-10-25,22.62,0.0,43.73
9278,2011-10-26,22.49,0.0,40.45
9279,2011-10-27,22.21,0.0,38.84
9280,2011-10-28,22.84,0.0,34.89
9281,2011-10-29,21.99,0.0,40.26
9282,2011-10-30,22.45,0.0,37.38
9283,2011-10-31,21.85,0.0,39.34
9284,2011-11-01,21.8,0.0,42.31
9285,2011-11-02,22.29,0.0,42.59
9286,2011-11-03,23.26,0.0,39.35
9287,2011-11-04,21.46,2.16,47.85
9288,2011-11-05,21.95,0.0,49.46
9289,2011-11-06,21.94,0.0,47.31
9290,2011-11-07,21.41,0.0,38.95
9291,2011-11-08,20.1,0.0,39.77
9292,2011-11-09,20.32,0.0,48.89
9293,2011-11-10,22.37,0.0,59.98
9294,2011-11-11,23.26,0.0,56.6
9295,2011-11-12,22.53,0.0,48.21
9296,2011-11-13,21.94,0.0,39.51
9297,2011-11-14,21.72,0.0,41.54
9298,2011-11-15,20.78,0.0,46.32
9299,2011-11-16,20.77,0.0,45.22
9300,2011-11-17,20.97,0.0,39.54
9301,2011-11-18,21.76,0.0,36.12
9302,2011-11-19,21.77,0.0,38.72
9303,2011-11-20,21.36,0.0,42.82
9304,2011-11-21,20.69,0.03,44.25
9305,2011-11-22,20.49,0.0,42.68
9306,2011-11-23,19.31,0.0,49.13
9307,2011-11-24,18.38,0.0,55.6
9308,2011-11-25,18.51,0.0,55.88
9309,2011-11-26,17.67,0.0,55.38
9310,2011-11-27,16.85,0.0,52.53
9311,2011-11-28,16.37,0.0,48.56
9312,2011-11-29,16.04,0.0,47.91
9313,2011-11-30,16.65,0.0,38.92
9314,2011-12-01,16.16,0.0,35.47
9315,2011-12-02,16.2,0.0,36.22
9316,2011-12-03,16.86,0.0,34.46
9317,2011-12-04,18.19,0.0,34.65
9318,2011-12-05,17.91,0.0,37.46
9319,2011-12-06,17.63,0.49,44.54
9320,2011-12-07,18.43,1.94,52.02
9321,2011-12-08,19.14,0.01,56.54
9322,2011-12-09,18.3,0.08,63.48
9323,2011-12-10,16.14,0.0,54.43
9324,2011-12-11,16.15,0.0,40.81
9325,2011-12-12,15.75,0.0,37.88
9326,2011-12-13,13.61,0.0,34.05
9327,2011-12-14,13.74,0.0,30.35
9328,2011-12-15,13.69,0.0,28.79
9329,2011-12-16,12.96,0.0,30.72
9330,2011-12-17,13.54,0.0,28.94
9331,2011-12-18,12.95,0.0,29.85
9332,2011-12-19,12.11,0.0,31.99
9333,2011-12-20,11.84,0.0,39.64
9334,2011-12-21,12.0,0.0,46.06
9335,2011-12-22,11.56,0.0,42.5
9336,2011-12-23,10.75,0.0,36.55
9337,2011-12-24,10.96,0.0,32.27
9338,2011-12-25,11.74,0.0,28.91
9339,2011-12-26,12.04,0.0,27.99
9340,2011-12-27,12.08,0.0,31.07
9341,2011-12-28,12.68,0.0,37.72
9342,2011-12-29,11.97,0.0,41.66
9343,2011-12-30,12.89,0.0,30.84
9344,2011-12-31,13.35,0.0,38.53
9345,2012-01-01,12.46,0.0,39.81
9346,2012-01-02,13.53,0.0,33.88
9347,2012-01-03,13.71,0.0,36.5
9348,2012-01-04,13.32,0.0,45.01
9349,2012-01-05,13.23,0.0,56.81
9350,2012-01-06,12.59,8.45,65.65
9351,2012-01-07,10.16,0.75,59.03
9352,2012-01-08,9.82,0.09,54.12
9353,2012-01-09,9.67,0.0,43.16
9354,2012-01-10,9.59,0.0,46.27
9355,2012-01-11,10.1,0.0,43.17
9356,2012-01-12,10.94,0.02,39.44
9357,2012-01-13,11.35,0.0,38.81
9358,2012-01-14,12.3,0.43,36.89
9359,2012-01-15,11.75,14.02,69.16
9360,2012-01-16,11.72,1.42,86.29
9361,2012-01-17,12.36,0.0,71.94
9362,2012-01-18,12.48,0.01,63.85
9363,2012-01-19,11.39,0.0,58.25
9364,2012-01-20,9.71,0.0,59.72
9365,2012-01-21,9.43,0.0,50.62
9366,2012-01-22,11.32,0.0,37.99
9367,2012-01-23,10.97,0.0,46.14
9368,2012-01-24,10.55,0.0,54.79
9369,2012-01-25,11.5,0.0,38.93
9370,2012-01-26,11.81,0.0,39.75
9371,2012-01-27,11.37,0.0,44.54
9372,2012-01-28,11.71,0.0,39.27
9373,2012-01-29,11.28,0.0,40.24
9374,2012-01-30,11.71,0.0,35.86
9375,2012-01-31,12.31,0.0,34.39
9376,2012-02-01,11.83,0.0,43.87
9377,2012-02-02,14.32,0.0,38.77
9378,2012-02-03,13.41,0.0,41.48
9379,2012-02-04,13.61,0.69,56.71
9380,2012-02-05,13.63,0.04,61.69
9381,2012-02-06,12.48,0.0,49.96
9382,2012-02-07,10.06,0.0,39.25
9383,2012-02-08,8.7,0.0,34.89
9384,2012-02-09,9.37,0.0,36.49
9385,2012-02-10,10.8,0.0,34.53
9386,2012-02-11,12.69,0.29,32.55
9387,2012-02-12,11.89,1.44,56.46
9388,2012-02-13,13.72,1.32,57.16
9389,2012-02-14,13.64,0.0,48.84
9390,2012-02-15,12.22,0.0,38.54
9391,2012-02-16,12.28,0.0,29.63
9392,2012-02-17,13.09,0.0,34.3
9393,2012-02-18,13.4,0.01,37.52
9394,2012-02-19,15.53,0.0,45.42
9395,2012-02-20,15.28,0.07,64.1
9396,2012-02-21,17.84,0.27,60.07
9397,2012-02-22,17.91,0.0,49.04
9398,2012-02-23,16.06,0.0,47.06
9399,2012-02-24,13.79,0.0,28.02
9400,2012-02-25,13.56,0.0,26.39
9401,2012-02-26,14.61,0.0,29.07
9402,2012-02-27,16.58,0.0,29.7
9403,2012-02-28,17.47,0.0,37.29
9404,2012-02-29,18.6,0.0,32.22
9405,2012-03-01,18.05,0.0,31.37
9406,2012-03-02,17.72,0.0,29.99
9407,2012-03-03,19.66,0.0,33.04
9408,2012-03-04,21.81,0.03,33.15
9409,2012-03-05,21.79,1.69,49.66
9410,2012-03-06,20.89,0.0,38.17
9411,2012-03-07,18.37,0.1,22.34
9412,2012-03-08,17.27,0.0,19.89
9413,2012-03-09,17.25,0.0,24.25
9414,2012-03-10,17.08,0.0,20.69
9415,2012-03-11,17.49,0.0,23.28
9416,2012-03-12,19.63,0.75,23.67
9417,2012-03-13,18.19,0.84,39.5
9418,2012-03-14,17.93,0.0,29.46
9419,2012-03-15,19.44,0.0,26.67
9420,2012-03-16,21.7,0.0,25.88
9421,2012-03-17,24.0,0.0,28.07
9422,2012-03-18,25.28,0.0,27.53
9423,2012-03-19,26.65,0.0,24.64
9424,2012-03-20,22.21,0.0,15.94
9425,2012-03-21,19.01,0.0,13.25
9426,2012-03-22,19.93,0.0,15.05
9427,2012-03-23,22.51,0.0,15.73
9428,2012-03-24,24.2,0.0,15.12
9429,2012-03-25,25.07,0.0,17.65
9430,2012-03-26,27.06,0.0,25.48
9431,2012-03-27,25.09,0.0,26.61
9432,2012-03-28,24.41,0.0,26.3
9433,2012-03-29,25.02,0.0,27.43
9434,2012-03-30,27.49,0.0,18.49
9435,2012-03-31,28.41,0.0,14.48
9436,2012-04-01,28.34,0.0,21.12
9437,2012-04-02,29.85,0.0,21.53
9438,2012-04-03,30.66,0.0,22.31
9439,2012-04-04,30.11,0.0,21.69
9440,2012-04-05,30.18,0.0,19.15
9441,2012-04-06,29.64,0.0,17.46
9442,2012-04-07,29.01,0.0,15.63
9443,2012-04-08,30.12,0.0,17.79
9444,2012-04-09,30.12,0.0,22.1
9445,2012-04-10,27.86,0.76,30.33
9446,2012-04-11,27.08,13.14,45.11
9447,2012-04-12,27.21,0.0,38.05
9448,2012-04-13,27.17,1.96,36.56
9449,2012-04-14,23.69,4.98,49.54
9450,2012-04-15,25.45,0.0,43.08
9451,2012-04-16,25.81,4.57,45.19
9452,2012-04-17,26.53,0.17,44.4
9453,2012-04-18,27.02,0.01,40.51
9454,2012-04-19,28.75,0.04,38.59
9455,2012-04-20,28.34,0.17,40.46
9456,2012-04-21,26.98,0.04,38.87
9457,2012-04-22,27.69,1.07,35.33
9458,2012-04-23,27.9,0.09,38.84
9459,2012-04-24,29.25,0.01,32.83
9460,2012-04-25,29.78,0.01,31.1
9461,2012-04-26,29.74,0.09,30.61
9462,2012-04-27,28.99,0.45,31.36
9463,2012-04-28,28.73,4.25,35.87
9464,2012-04-29,28.75,0.62,35.05
9465,2012-04-30,27.39,2.18,33.66
9466,2012-05-01,24.74,0.39,35.83
9467,2012-05-02,27.6,0.01,28.18
9468,2012-05-03,29.14,0.0,23.34
9469,2012-05-04,30.86,0.0,20.05
9470,2012-05-05,31.84,0.0,17.7
9471,2012-05-06,31.54,0.01,20.62
9472,2012-05-07,33.3,0.0,23.13
9473,2012-05-08,34.09,0.0,22.04
9474,2012-05-09,34.81,0.0,20.44
9475,2012-05-10,35.78,0.09,19.74
9476,2012-05-11,35.44,0.42,21.6
9477,2012-05-12,34.76,0.64,20.25
9478,2012-05-13,33.96,0.0,19.42
9479,2012-05-14,33.21,0.0,19.51
9480,2012-05-15,34.37,0.02,16.94
9481,2012-05-16,35.41,0.03,14.64
9482,2012-05-17,34.75,0.01,16.98
9483,2012-05-18,34.13,0.0,19.82
9484,2012-05-19,34.53,0.0,18.25
9485,2012-05-20,35.29,0.55,14.97
9486,2012-05-21,34.98,0.03,14.91
9487,2012-05-22,34.79,0.0,14.57
9488,2012-05-23,34.56,0.0,14.4
9489,2012-05-24,35.28,0.0,13.07
9490,2012-05-25,36.37,0.0,13.87
9491,2012-05-26,35.5,0.0,19.01
9492,2012-05-27,34.63,0.0,16.53
9493,2012-05-28,36.01,0.0,13.15
9494,2012-05-29,37.42,0.0,10.5
9495,2012-05-30,37.85,0.0,9.32
9496,2012-05-31,38.33,0.0,12.4
9497,2012-06-01,40.02,0.0,12.4
9498,2012-06-02,38.85,0.05,11.51
9499,2012-06-03,37.9,0.05,12.9
9500,2012-06-04,38.13,0.0,12.99
9501,2012-06-05,38.03,3.0,22.16
9502,2012-06-06,34.68,1.96,32.5
9503,2012-06-07,34.71,1.6,28.63
9504,2012-06-08,33.78,0.22,32.35
9505,2012-06-09,36.06,0.0,23.3
9506,2012-06-10,36.7,0.0,19.54
9507,2012-06-11,36.18,0.19,22.07
9508,2012-06-12,37.43,0.0,17.27
9509,2012-06-13,37.37,0.0,16.87
9510,2012-06-14,37.71,0.0,14.81
9511,2012-06-15,37.93,0.0,13.69
9512,2012-06-16,38.61,0.0,11.66
9513,2012-06-17,39.27,0.0,14.8
9514,2012-06-18,39.5,0.8,19.51
9515,2012-06-19,38.51,0.0,17.59
9516,2012-06-20,38.4,0.0,16.31
9517,2012-06-21,39.45,0.0,16.84
9518,2012-06-22,40.32,0.0,18.98
9519,2012-06-23,40.63,0.02,18.34
9520,2012-06-24,39.9,0.13,18.65
9521,2012-06-25,39.41,0.25,18.78
9522,2012-06-26,38.54,0.0,19.34
9523,2012-06-27,38.63,1.09,22.67
9524,2012-06-28,37.77,2.08,24.28
9525,2012-06-29,37.75,0.0,22.13
9526,2012-06-30,38.63,0.26,20.68
9527,2012-07-01,39.58,0.0,17.94
9528,2012-07-02,40.14,0.11,19.16
9529,2012-07-03,40.39,0.06,23.49
9530,2012-07-04,39.48,0.11,29.11
9531,2012-07-05,38.86,2.12,33.19
9532,2012-07-06,37.76,5.7,36.65
9533,2012-07-07,33.72,4.4,54.48
9534,2012-07-08,34.02,1.85,49.22
9535,2012-07-09,35.66,0.19,44.97
9536,2012-07-10,33.7,16.07,56.23
9537,2012-07-11,32.33,14.58,64.0
9538,2012-07-12,33.44,5.08,57.31
9539,2012-07-13,33.77,13.81,57.41
9540,2012-07-14,31.24,14.9,66.47
9541,2012-07-15,32.51,2.17,55.58
9542,2012-07-16,34.26,0.07,49.4
9543,2012-07-17,35.4,0.0,42.35
9544,2012-07-18,36.26,0.15,42.84
9545,2012-07-19,36.25,0.63,42.86
9546,2012-07-20,35.56,1.98,46.28
9547,2012-07-21,35.4,0.17,47.47
9548,2012-07-22,35.98,0.01,42.65
9549,2012-07-23,36.66,0.11,38.91
9550,2012-07-24,36.7,2.0,36.81
9551,2012-07-25,34.57,8.28,47.98
9552,2012-07-26,34.92,0.93,46.07
9553,2012-07-27,35.4,0.05,46.17
9554,2012-07-28,36.19,0.0,43.05
9555,2012-07-29,35.77,0.93,41.43
9556,2012-07-30,35.77,1.02,40.94
9557,2012-07-31,35.61,0.37,41.14
9558,2012-08-01,35.92,0.03,37.88
9559,2012-08-02,36.93,0.0,34.12
9560,2012-08-03,36.79,0.15,32.96
9561,2012-08-04,33.99,6.27,48.45
9562,2012-08-05,33.66,1.55,51.03
9563,2012-08-06,34.32,0.15,44.08
9564,2012-08-07,33.71,7.29,47.81
9565,2012-08-08,33.32,3.38,51.82
9566,2012-08-09,32.61,6.83,54.07
9567,2012-08-10,32.73,6.0,52.81
9568,2012-08-11,33.11,2.65,53.07
9569,2012-08-12,32.7,0.62,52.7
9570,2012-08-13,33.21,0.04,50.17
9571,2012-08-14,31.01,12.26,65.67
9572,2012-08-15,31.73,8.93,64.29
9573,2012-08-16,33.74,0.67,54.08
9574,2012-08-17,33.66,1.86,53.91
9575,2012-08-18,33.77,0.83,53.46
9576,2012-08-19,32.35,0.34,55.68
9577,2012-08-20,30.55,5.0,63.9
9578,2012-08-21,30.1,9.58,71.52
9579,2012-08-22,28.5,12.35,81.78
9580,2012-08-23,28.88,13.8,75.74
9581,2012-08-24,30.25,1.28,66.83
9582,2012-08-25,31.89,1.14,59.96
9583,2012-08-26,31.87,2.85,59.97
9584,2012-08-27,31.2,4.43,64.8
9585,2012-08-28,30.28,2.53,68.6
9586,2012-08-29,31.29,2.47,64.22
9587,2012-08-30,31.7,1.7,64.31
9588,2012-08-31,32.05,0.4,60.9
9589,2012-09-01,33.07,0.01,52.66
9590,2012-09-02,32.61,0.96,56.21
9591,2012-09-03,32.22,0.25,59.56
9592,2012-09-04,30.56,6.04,64.82
9593,2012-09-05,29.2,20.06,75.51
9594,2012-09-06,29.38,6.23,71.91
9595,2012-09-07,30.5,0.38,65.78
9596,2012-09-08,27.91,8.24,81.29
9597,2012-09-09,29.86,3.54,71.65
9598,2012-09-10,31.39,0.16,63.01
9599,2012-09-11,31.7,3.69,60.92
9600,2012-09-12,31.66,1.14,58.97
9601,2012-09-13,31.75,3.14,58.13
9602,2012-09-14,30.31,25.52,71.69
9603,2012-09-15,29.75,12.47,72.07
9604,2012-09-16,29.23,16.85,71.08
9605,2012-09-17,28.67,21.93,74.93
9606,2012-09-18,28.05,8.52,75.9
9607,2012-09-19,27.11,0.35,67.8
9608,2012-09-20,26.48,0.0,62.17
9609,2012-09-21,26.55,0.0,58.02
9610,2012-09-22,26.68,0.0,54.66
9611,2012-09-23,26.4,0.0,52.3
9612,2012-09-24,25.38,0.0,54.39
9613,2012-09-25,25.54,0.0,55.1
9614,2012-09-26,25.91,0.0,53.94
9615,2012-09-27,26.72,0.0,53.88
9616,2012-09-28,26.85,0.0,53.34
9617,2012-09-29,27.48,0.0,51.34
9618,2012-09-30,27.25,0.01,49.81
9619,2012-10-01,27.59,0.0,49.01
9620,2012-10-02,27.79,0.0,47.4
9621,2012-10-03,27.25,0.0,44.47
9622,2012-10-04,26.85,0.0,42.93
9623,2012-10-05,26.25,0.0,44.14
9624,2012-10-06,26.52,0.0,40.51
9625,2012-10-07,25.85,0.0,41.18
9626,2012-10-08,25.96,0.0,41.79
9627,2012-10-09,25.89,0.0,44.18
9628,2012-10-10,25.77,0.0,42.32
9629,2012-10-11,25.67,0.0,44.92
9630,2012-10-12,25.98,0.0,45.26
9631,2012-10-13,26.4,0.0,43.56
9632,2012-10-14,26.28,0.36,44.35
9633,2012-10-15,25.05,2.78,49.31
9634,2012-10-16,24.01,2.01,52.04
9635,2012-10-17,23.91,0.0,50.11
9636,2012-10-18,23.97,0.0,46.32
9637,2012-10-19,24.05,0.0,44.63
9638,2012-10-20,23.37,0.69,48.15
9639,2012-10-21,23.33,0.0,46.97
9640,2012-10-22,22.17,0.0,45.06
9641,2012-10-23,22.03,2.02,44.79
9642,2012-10-24,20.87,0.72,53.49
9643,2012-10-25,20.34,0.0,42.03
9644,2012-10-26,20.57,0.0,38.51
9645,2012-10-27,21.08,0.0,40.46
9646,2012-10-28,21.43,0.0,44.33
9647,2012-10-29,21.63,0.0,45.67
9648,2012-10-30,21.85,0.0,44.6
9649,2012-10-31,22.08,0.0,44.61
9650,2012-11-01,22.33,0.0,43.79
9651,2012-11-02,21.44,0.0,46.69
9652,2012-11-03,21.44,0.0,47.94
9653,2012-11-04,21.25,0.0,45.48
9654,2012-11-05,21.61,0.0,43.64
9655,2012-11-06,21.24,0.0,44.75
9656,2012-11-07,20.11,0.0,43.07
9657,2012-11-08,20.81,0.0,37.77
9658,2012-11-09,20.51,0.0,38.09
9659,2012-11-10,20.9,0.0,39.4
9660,2012-11-11,20.31,0.0,43.12
9661,2012-11-12,19.77,0.0,45.61
9662,2012-11-13,19.24,0.0,47.92
9663,2012-11-14,17.29,0.0,48.14
9664,2012-11-15,17.78,0.0,43.79
9665,2012-11-16,18.14,0.0,37.85
9666,2012-11-17,18.31,0.0,39.18
9667,2012-11-18,18.02,0.0,41.65
9668,2012-11-19,17.84,0.0,42.47
9669,2012-11-20,17.11,0.0,36.73
9670,2012-11-21,16.04,0.0,34.96
9671,2012-11-22,16.49,0.0,34.34
9672,2012-11-23,16.77,0.0,33.48
9673,2012-11-24,17.16,0.0,33.59
9674,2012-11-25,16.32,0.0,40.1
9675,2012-11-26,15.36,0.0,39.91
9676,2012-11-27,15.03,0.0,38.45
9677,2012-11-28,16.23,0.0,36.25
9678,2012-11-29,16.3,1.16,49.56
9679,2012-11-30,15.42,0.0,48.3
9680,2012-12-01,13.76,0.0,35.6
9681,2012-12-02,15.23,0.0,31.98
9682,2012-12-03,14.81,0.0,30.88
9683,2012-12-04,14.21,0.0,33.67
9684,2012-12-05,14.39,0.0,32.6
9685,2012-12-06,14.91,0.0,32.31
9686,2012-12-07,14.11,0.0,34.55
9687,2012-12-08,15.79,0.0,33.81
9688,2012-12-09,17.19,0.0,37.23
9689,2012-12-10,17.43,0.0,33.95
9690,2012-12-11,17.12,0.08,39.93
9691,2012-12-12,14.98,0.0,51.68
9692,2012-12-13,14.19,8.66,55.97
9693,2012-12-14,15.15,1.75,68.61
9694,2012-12-15,14.4,0.09,70.37
9695,2012-12-16,13.51,0.0,63.66
9696,2012-12-17,13.69,0.0,50.74
9697,2012-12-18,15.3,0.0,46.71
9698,2012-12-19,13.53,0.0,48.62
9699,2012-12-20,12.32,0.0,40.24
9700,2012-12-21,11.75,0.0,42.07
9701,2012-12-22,12.59,0.0,40.04
9702,2012-12-23,13.25,0.0,38.66
9703,2012-12-24,12.47,0.0,42.68
9704,2012-12-25,12.28,0.0,47.4
9705,2012-12-26,12.73,0.0,42.69
9706,2012-12-27,14.1,0.0,34.19
9707,2012-12-28,12.35,2.39,42.97
9708,2012-12-29,11.32,3.73,61.4
9709,2012-12-30,11.09,0.0,59.05
9710,2012-12-31,11.21,0.0,51.62
9711,2013-01-01,8.92,0.0,50.47
9712,2013-01-02,9.06,0.0,49.63
9713,2013-01-03,9.05,0.0,40.97
9714,2013-01-04,9.03,0.0,41.05
9715,2013-01-05,7.67,0.0,43.97
9716,2013-01-06,6.9,0.0,41.08
9717,2013-01-07,6.3,0.0,42.89
9718,2013-01-08,7.4,0.03,43.56
9719,2013-01-09,10.7,1.64,57.97
9720,2013-01-10,10.4,0.0,53.11
9721,2013-01-11,11.59,0.0,44.17
9722,2013-01-12,16.47,0.0,39.96
9723,2013-01-13,15.76,0.0,43.33
9724,2013-01-14,11.77,0.0,33.95
9725,2013-01-15,12.74,0.0,28.03
9726,2013-01-16,13.79,0.01,35.45
9727,2013-01-17,12.7,1.12,73.12
9728,2013-01-18,11.21,14.98,79.4
9729,2013-01-19,9.75,0.0,47.15
9730,2013-01-20,9.73,0.0,51.13
9731,2013-01-21,9.61,0.0,41.35
9732,2013-01-22,10.44,0.0,38.68
9733,2013-01-23,11.79,0.0,35.98
9734,2013-01-24,11.16,0.0,57.18
9735,2013-01-25,11.43,0.0,43.32
9736,2013-01-26,11.42,0.0,39.64
9737,2013-01-27,12.3,0.0,39.93
9738,2013-01-28,15.04,0.0,36.49
9739,2013-01-29,14.38,0.0,37.11
9740,2013-01-30,13.84,0.0,41.08
9741,2013-01-31,13.23,0.0,45.66
9742,2013-02-01,15.35,0.0,44.68
9743,2013-02-02,16.72,0.0,50.38
9744,2013-02-03,14.63,5.9,66.29
9745,2013-02-04,15.13,7.09,78.02
9746,2013-02-05,14.31,17.71,88.43
9747,2013-02-06,13.39,0.45,67.7
9748,2013-02-07,12.54,0.0,58.44
9749,2013-02-08,12.45,0.0,49.11
9750,2013-02-09,12.86,0.0,42.08
9751,2013-02-10,15.06,0.0,34.72
9752,2013-02-11,14.37,0.0,39.29
9753,2013-02-12,14.71,0.0,43.31
9754,2013-02-13,15.73,0.0,44.85
9755,2013-02-14,17.09,0.01,45.74
9756,2013-02-15,16.57,0.44,58.91
9757,2013-02-16,14.0,16.33,87.5
9758,2013-02-17,15.06,0.33,74.47
9759,2013-02-18,15.58,0.0,58.28
9760,2013-02-19,14.44,0.0,50.88
9761,2013-02-20,15.75,0.0,54.01
9762,2013-02-21,15.87,5.39,63.23
9763,2013-02-22,17.04,5.43,67.59
9764,2013-02-23,15.92,14.2,82.8
9765,2013-02-24,16.98,0.03,68.38
9766,2013-02-25,17.37,0.0,54.16
9767,2013-02-26,17.96,0.92,51.02
9768,2013-02-27,17.2,5.56,57.95
9769,2013-02-28,17.18,0.04,46.3
9770,2013-03-01,15.47,0.0,51.51
9771,2013-03-02,16.02,0.0,49.07
9772,2013-03-03,18.13,0.0,48.87
9773,2013-03-04,20.67,0.0,39.45
9774,2013-03-05,21.14,0.0,37.56
9775,2013-03-06,20.52,0.0,43.57
9776,2013-03-07,20.79,0.0,42.73
9777,2013-03-08,22.18,0.0,37.41
9778,2013-03-09,22.65,0.0,35.51
9779,2013-03-10,23.26,0.0,37.95
9780,2013-03-11,21.81,0.0,41.44
9781,2013-03-12,21.78,0.0,40.17
9782,2013-03-13,21.48,0.35,52.21
9783,2013-03-14,20.23,9.3,65.88
9784,2013-03-15,19.79,0.0,56.47
9785,2013-03-16,20.33,0.0,49.36
9786,2013-03-17,21.49,0.0,40.11
9787,2013-03-18,21.94,0.0,47.02
9788,2013-03-19,23.41,0.0,45.72
9789,2013-03-20,24.23,0.0,44.68
9790,2013-03-21,24.07,0.0,44.79
9791,2013-03-22,23.32,0.0,40.41
9792,2013-03-23,25.74,0.94,33.97
9793,2013-03-24,23.58,2.79,47.57
9794,2013-03-25,21.95,0.0,45.68
9795,2013-03-26,21.26,0.0,46.77
9796,2013-03-27,23.19,0.01,41.85
9797,2013-03-28,21.78,0.55,49.53
9798,2013-03-29,23.52,0.71,50.46
9799,2013-03-30,23.97,0.29,46.95
9800,2013-03-31,25.47,0.0,40.9
9801,2013-04-01,27.31,0.0,32.43
9802,2013-04-02,26.66,0.02,31.12
9803,2013-04-03,24.29,0.01,43.86
9804,2013-04-04,24.32,0.0,36.24
9805,2013-04-05,24.3,0.0,33.99
9806,2013-04-06,25.48,0.0,29.88
9807,2013-04-07,26.86,0.0,33.88
9808,2013-04-08,27.98,0.0,35.7
9809,2013-04-09,29.15,0.04,34.01
9810,2013-04-10,27.33,1.48,37.57
9811,2013-04-11,27.35,0.0,37.67
9812,2013-04-12,27.75,0.0,35.96
9813,2013-04-13,29.16,0.0,30.89
9814,2013-04-14,29.5,0.55,34.52
9815,2013-04-15,29.6,0.11,33.43
9816,2013-04-16,31.1,0.01,25.65
9817,2013-04-17,28.58,0.0,26.68
9818,2013-04-18,28.77,0.0,20.51
9819,2013-04-19,30.15,0.0,19.06
9820,2013-04-20,30.99,0.0,20.31
9821,2013-04-21,27.83,0.31,34.75
9822,2013-04-22,28.16,0.34,40.49
9823,2013-04-23,29.96,0.0,32.21
9824,2013-04-24,31.07,0.26,31.62
9825,2013-04-25,30.51,0.2,32.15
9826,2013-04-26,30.65,2.28,34.46
9827,2013-04-27,28.79,0.38,34.82
9828,2013-04-28,30.14,0.01,29.35
9829,2013-04-29,30.63,0.0,26.36
9830,2013-04-30,30.94,0.0,21.11
9831,2013-05-01,30.86,0.0,14.58
9832,2013-05-02,29.87,0.0,15.13
9833,2013-05-03,31.16,0.0,14.11
9834,2013-05-04,33.25,0.0,11.92
9835,2013-05-05,34.42,0.0,12.9
9836,2013-05-06,34.08,0.0,16.08
9837,2013-05-07,34.52,0.0,15.44
9838,2013-05-08,34.9,0.15,18.09
9839,2013-05-09,35.18,0.0,16.17
9840,2013-05-10,35.71,0.04,17.23
9841,2013-05-11,34.08,1.07,24.35
9842,2013-05-12,30.37,1.95,35.47
9843,2013-05-13,31.04,0.79,34.03
9844,2013-05-14,32.63,0.0,26.49
9845,2013-05-15,33.64,0.0,21.89
9846,2013-05-16,34.71,0.0,19.34
9847,2013-05-17,35.33,0.0,13.64
9848,2013-05-18,36.3,0.0,10.44
9849,2013-05-19,37.42,0.0,11.2
9850,2013-05-20,37.3,0.0,10.32
9851,2013-05-21,38.03,0.0,10.79
9852,2013-05-22,38.53,0.0,12.09
9853,2013-05-23,38.83,0.0,11.04
9854,2013-05-24,39.54,0.0,10.6
9855,2013-05-25,38.86,0.0,16.25
9856,2013-05-26,37.94,0.0,17.34
9857,2013-05-27,37.59,0.07,17.08
9858,2013-05-28,36.96,0.01,14.68
9859,2013-05-29,35.59,0.0,12.26
9860,2013-05-30,35.19,0.0,11.08
9861,2013-05-31,36.16,0.04,10.89
9862,2013-06-01,36.35,0.0,10.72
9863,2013-06-02,35.38,0.0,18.45
9864,2013-06-03,37.06,0.05,20.32
9865,2013-06-04,38.01,0.0,20.12
9866,2013-06-05,39.56,0.0,16.76
9867,2013-06-06,40.44,0.02,13.86
9868,2013-06-07,38.86,0.11,18.59
9869,2013-06-08,38.43,0.0,15.57
9870,2013-06-09,39.62,0.01,18.9
9871,2013-06-10,40.29,0.0,23.88
9872,2013-06-11,39.08,10.19,33.11
9873,2013-06-12,33.6,17.63,57.43
9874,2013-06-13,32.65,17.35,59.46
9875,2013-06-14,33.47,9.76,52.69
9876,2013-06-15,32.03,17.29,56.14
9877,2013-06-16,30.45,18.88,64.17
9878,2013-06-17,30.62,4.26,51.45
9879,2013-06-18,32.49,0.88,42.47
9880,2013-06-19,32.84,0.0,38.42
9881,2013-06-20,34.38,0.0,39.08
9882,2013-06-21,36.28,0.0,38.12
9883,2013-06-22,36.32,0.0,37.24
9884,2013-06-23,36.53,0.09,37.05
9885,2013-06-24,36.53,0.06,38.35
9886,2013-06-25,34.1,0.74,47.59
9887,2013-06-26,35.66,0.87,48.78
9888,2013-06-27,35.51,1.54,42.93
9889,2013-06-28,36.34,2.18,43.71
9890,2013-06-29,36.28,3.91,42.92
9891,2013-06-30,35.85,0.0,41.55
9892,2013-07-01,36.16,0.0,35.93
9893,2013-07-02,36.26,1.34,37.36
9894,2013-07-03,36.39,0.35,36.58
9895,2013-07-04,35.88,0.0,40.38
9896,2013-07-05,35.9,3.44,42.83
9897,2013-07-06,33.94,6.32,54.6
9898,2013-07-07,33.08,13.77,61.93
9899,2013-07-08,33.61,33.03,61.57
9900,2013-07-09,32.56,21.7,65.21
9901,2013-07-10,32.57,6.57,61.1
9902,2013-07-11,33.19,4.63,56.34
9903,2013-07-12,33.45,0.57,55.89
9904,2013-07-13,34.09,0.04,54.38
9905,2013-07-14,34.42,2.08,52.74
9906,2013-07-15,33.19,41.98,60.19
9907,2013-07-16,32.77,2.66,63.08
9908,2013-07-17,32.48,9.4,67.82
9909,2013-07-18,34.19,1.09,56.05
9910,2013-07-19,34.86,3.5,53.61
9911,2013-07-20,29.85,18.32,77.4
9912,2013-07-21,30.98,2.71,72.3
9913,2013-07-22,32.05,0.09,65.83
9914,2013-07-23,32.01,0.21,65.69
9915,2013-07-24,32.75,0.13,61.15
9916,2013-07-25,33.2,1.16,58.09
9917,2013-07-26,32.64,0.24,56.78
9918,2013-07-27,33.21,0.28,58.92
9919,2013-07-28,33.36,0.1,59.76
9920,2013-07-29,33.21,8.24,60.28
9921,2013-07-30,32.28,3.1,64.51
9922,2013-07-31,33.56,5.15,61.16
9923,2013-08-01,30.98,9.29,72.02
9924,2013-08-02,29.15,14.82,80.66
9925,2013-08-03,30.85,6.99,70.78
9926,2013-08-04,31.98,0.41,66.17
9927,2013-08-05,31.53,27.22,69.77
9928,2013-08-06,29.2,37.74,81.12
9929,2013-08-07,29.48,7.84,78.53
9930,2013-08-08,30.24,5.54,74.0
9931,2013-08-09,29.96,0.48,74.13
9932,2013-08-10,29.23,2.06,79.18
9933,2013-08-11,29.16,2.34,81.56
9934,2013-08-12,29.46,2.78,80.58
9935,2013-08-13,28.87,2.08,82.3
9936,2013-08-14,27.79,16.31,86.04
9937,2013-08-15,26.89,45.74,90.48
9938,2013-08-16,26.99,35.11,91.39
9939,2013-08-17,28.05,37.07,86.61
9940,2013-08-18,28.13,22.61,86.45
9941,2013-08-19,28.52,2.44,83.75
9942,2013-08-20,29.02,0.09,78.26
9943,2013-08-21,28.96,8.01,77.49
9944,2013-08-22,29.38,1.66,72.91
9945,2013-08-23,29.62,0.03,70.17
9946,2013-08-24,29.49,0.0,76.17
9947,2013-08-25,29.83,0.02,75.22
9948,2013-08-26,30.14,0.0,70.56
9949,2013-08-27,30.04,0.74,68.16
9950,2013-08-28,28.86,1.17,70.66
9951,2013-08-29,28.98,3.12,70.48
9952,2013-08-30,29.6,0.49,69.8
9953,2013-08-31,29.49,0.16,66.94
9954,2013-09-01,29.12,0.09,67.81
9955,2013-09-02,29.36,0.2,67.24
9956,2013-09-03,29.27,0.07,66.43
9957,2013-09-04,28.92,6.74,64.37
9958,2013-09-05,28.19,3.75,64.06
9959,2013-09-06,28.04,2.97,63.77
9960,2013-09-07,27.85,0.0,60.62
9961,2013-09-08,27.31,0.24,66.13
9962,2013-09-09,27.44,0.24,69.0
9963,2013-09-10,28.16,0.04,68.77
9964,2013-09-11,28.54,0.0,64.48
9965,2013-09-12,28.16,0.02,65.63
9966,2013-09-13,28.37,0.01,69.15
9967,2013-09-14,28.75,0.02,65.88
9968,2013-09-15,29.27,0.91,57.94
9969,2013-09-16,27.66,0.86,60.71
9970,2013-09-17,27.39,0.0,59.4
9971,2013-09-18,28.16,0.0,54.78
9972,2013-09-19,28.38,0.0,51.59
9973,2013-09-20,28.53,0.0,55.62
9974,2013-09-21,28.51,7.78,69.52
9975,2013-09-22,29.78,0.03,62.96
9976,2013-09-23,30.09,1.63,62.81
9977,2013-09-24,30.56,0.49,59.84
9978,2013-09-25,30.21,0.02,59.89
9979,2013-09-26,29.88,0.18,62.56
9980,2013-09-27,30.12,0.21,60.6
9981,2013-09-28,29.74,0.24,58.13
9982,2013-09-29,29.64,0.08,56.83
9983,2013-09-30,28.86,0.13,58.71
9984,2013-10-01,29.05,0.01,61.71
9985,2013-10-02,29.37,0.11,58.8
9986,2013-10-03,28.47,3.5,63.25
9987,2013-10-04,27.54,1.3,65.39
9988,2013-10-05,28.64,0.01,59.86
9989,2013-10-06,29.56,0.02,57.26
9990,2013-10-07,29.49,0.02,58.26
9991,2013-10-08,29.91,0.0,58.31
9992,2013-10-09,29.36,0.0,60.8
9993,2013-10-10,29.55,0.01,59.18
9994,2013-10-11,27.25,19.96,71.62
9995,2013-10-12,26.58,2.02,69.04
9996,2013-10-13,26.9,0.0,59.27
9997,2013-10-14,26.51,0.0,60.01
9998,2013-10-15,26.53,0.0,51.56
9999,2013-10-16,26.81,0.01,49.42
10000,2013-10-17,27.16,0.0,47.23
10001,2013-10-18,26.24,0.0,47.35
10002,2013-10-19,25.49,0.0,44.22
10003,2013-10-20,25.52,0.0,39.37
10004,2013-10-21,24.3,0.01,43.71
10005,2013-10-22,23.42,0.0,44.26
10006,2013-10-23,22.65,0.0,51.26
10007,2013-10-24,23.16,0.0,52.28
10008,2013-10-25,23.67,0.0,50.29
10009,2013-10-26,23.36,0.0,47.26
10010,2013-10-27,22.73,0.0,46.05
10011,2013-10-28,22.3,0.0,48.72
10012,2013-10-29,23.0,0.0,39.74
10013,2013-10-30,23.78,0.0,37.1
10014,2013-10-31,22.74,0.03,42.38
10015,2013-11-01,21.52,0.54,48.3
10016,2013-11-02,20.59,0.0,41.42
10017,2013-11-03,19.85,0.0,36.73
10018,2013-11-04,19.72,0.0,33.63
10019,2013-11-05,19.74,0.0,36.03
10020,2013-11-06,17.4,0.15,51.16
10021,2013-11-07,17.08,6.14,74.32
10022,2013-11-08,17.92,1.91,65.27
10023,2013-11-09,17.38,0.07,59.58
10024,2013-11-10,17.88,0.0,51.37
10025,2013-11-11,17.63,0.0,46.22
10026,2013-11-12,18.3,0.0,41.65
10027,2013-11-13,18.06,0.0,40.49
10028,2013-11-14,16.2,0.0,43.65
10029,2013-11-15,17.15,0.0,36.83
10030,2013-11-16,17.88,0.0,33.42
10031,2013-11-17,17.36,0.0,37.5
10032,2013-11-18,16.8,0.0,38.58
10033,2013-11-19,18.1,0.0,35.34
10034,2013-11-20,19.16,0.0,32.09
10035,2013-11-21,18.42,0.0,35.43
10036,2013-11-22,17.21,0.0,43.18
10037,2013-11-23,18.05,0.0,41.5
10038,2013-11-24,17.99,0.0,43.01
10039,2013-11-25,18.38,0.0,43.78
10040,2013-11-26,18.5,0.0,42.71
10041,2013-11-27,18.93,0.0,40.17
10042,2013-11-28,19.07,0.0,39.51
10043,2013-11-29,17.78,0.0,38.32
10044,2013-11-30,17.75,0.0,34.86
10045,2013-12-01,18.47,0.0,32.43
10046,2013-12-02,18.5,0.0,33.96
10047,2013-12-03,16.89,0.0,37.5
10048,2013-12-04,16.35,0.0,40.89
10049,2013-12-05,15.84,0.0,40.25
10050,2013-12-06,17.42,0.0,32.52
10051,2013-12-07,17.73,0.0,31.76
10052,2013-12-08,16.03,0.0,39.8
10053,2013-12-09,16.52,0.0,41.54
10054,2013-12-10,16.11,0.0,45.01
10055,2013-12-11,15.71,0.0,43.74
10056,2013-12-12,16.1,0.0,43.9
10057,2013-12-13,15.01,0.0,42.77
10058,2013-12-14,15.44,0.0,33.59
10059,2013-12-15,13.49,0.0,54.48
10060,2013-12-16,13.71,0.0,57.16
10061,2013-12-17,14.03,0.0,53.12
10062,2013-12-18,13.91,0.0,45.87
10063,2013-12-19,13.55,0.0,43.88
10064,2013-12-20,12.38,0.0,40.7
10065,2013-12-21,13.35,0.91,42.63
10066,2013-12-22,13.17,1.12,53.0
10067,2013-12-23,11.92,0.0,46.28
10068,2013-12-24,10.99,0.0,38.31
10069,2013-12-25,10.81,0.0,36.78
10070,2013-12-26,10.6,0.0,32.36
10071,2013-12-27,10.67,0.0,28.06
10072,2013-12-28,9.95,0.0,31.63
10073,2013-12-29,8.87,0.0,32.97
10074,2013-12-30,10.58,1.65,35.41
10075,2013-12-31,11.08,0.2,72.94
10076,2014-01-01,9.83,0.0,57.73
10077,2014-01-02,9.38,0.0,39.8
10078,2014-01-03,10.78,0.0,27.48
10079,2014-01-04,12.21,0.0,25.96
10080,2014-01-05,11.75,0.0,27.45
10081,2014-01-06,9.86,0.0,32.03
10082,2014-01-07,10.23,0.25,34.66
10083,2014-01-08,12.06,0.0,32.81
10084,2014-01-09,11.54,0.0,48.75
10085,2014-01-10,10.96,0.0,47.23
10086,2014-01-11,10.46,0.1,46.7
10087,2014-01-12,11.17,0.0,37.51
10088,2014-01-13,13.55,0.0,30.35
10089,2014-01-14,14.75,0.0,33.39
10090,2014-01-15,14.53,0.0,35.66
10091,2014-01-16,13.45,0.0,41.4
10092,2014-01-17,11.87,4.52,51.56
10093,2014-01-18,10.98,6.21,84.26
10094,2014-01-19,12.27,0.17,69.0
10095,2014-01-20,13.03,0.0,44.47
10096,2014-01-21,12.44,1.65,72.7
10097,2014-01-22,13.39,15.22,93.41
10098,2014-01-23,13.81,0.32,79.46
10099,2014-01-24,13.28,0.0,67.31
10100,2014-01-25,13.21,0.0,50.76
10101,2014-01-26,13.81,0.0,46.4
10102,2014-01-27,13.74,0.0,47.87
10103,2014-01-28,14.2,0.0,45.69
10104,2014-01-29,16.15,0.0,40.72
10105,2014-01-30,14.64,0.0,46.84
10106,2014-01-31,15.51,0.0,41.47
10107,2014-02-01,15.57,0.0,39.34
10108,2014-02-02,16.45,0.0,39.27
10109,2014-02-03,16.89,0.27,46.06
10110,2014-02-04,16.55,0.21,48.76
10111,2014-02-05,15.96,0.06,52.7
10112,2014-02-06,16.76,3.63,53.73
10113,2014-02-07,14.45,1.15,64.99
10114,2014-02-08,12.07,0.96,46.57
10115,2014-02-09,11.35,0.0,36.98
10116,2014-02-10,11.64,0.0,34.92
10117,2014-02-11,12.57,0.0,34.81
10118,2014-02-12,11.89,0.0,40.07
10119,2014-02-13,14.24,0.0,35.84
10120,2014-02-14,11.57,3.46,81.02
10121,2014-02-15,11.99,6.05,68.61
10122,2014-02-16,12.72,0.0,53.05
10123,2014-02-17,12.27,0.0,42.45
10124,2014-02-18,13.6,0.0,33.95
10125,2014-02-19,15.79,0.0,31.0
10126,2014-02-20,17.12,0.0,30.99
10127,2014-02-21,16.96,0.22,36.54
10128,2014-02-22,16.02,1.1,55.36
10129,2014-02-23,15.08,0.61,50.13
10130,2014-02-24,15.95,0.0,41.04
10131,2014-02-25,16.16,0.0,36.03
10132,2014-02-26,17.26,0.0,31.84
10133,2014-02-27,16.88,0.85,42.57
10134,2014-02-28,17.55,2.05,55.78
10135,2014-03-01,15.24,1.82,69.64
10136,2014-03-02,15.67,0.0,56.67
10137,2014-03-03,17.1,0.04,44.91
10138,2014-03-04,18.16,0.0,42.19
10139,2014-03-05,17.9,0.13,44.79
10140,2014-03-06,17.27,0.14,43.87
10141,2014-03-07,17.59,0.0,37.64
10142,2014-03-08,18.61,0.0,40.55
10143,2014-03-09,18.39,0.0,46.01
10144,2014-03-10,20.77,0.26,46.18
10145,2014-03-11,19.26,9.92,63.17
10146,2014-03-12,17.47,0.41,57.87
10147,2014-03-13,18.88,0.0,40.87
10148,2014-03-14,19.96,0.0,36.95
10149,2014-03-15,21.27,0.0,35.49
10150,2014-03-16,23.47,0.0,42.87
10151,2014-03-17,23.15,9.62,45.42
10152,2014-03-18,21.69,0.81,51.88
10153,2014-03-19,20.75,0.0,41.58
10154,2014-03-20,21.8,0.0,33.64
10155,2014-03-21,22.67,0.24,32.58
10156,2014-03-22,23.42,0.03,36.21
10157,2014-03-23,21.64,1.4,45.53
10158,2014-03-24,20.11,11.37,69.7
10159,2014-03-25,23.33,0.01,50.07
10160,2014-03-26,23.42,0.4,45.73
10161,2014-03-27,23.17,0.15,38.33
10162,2014-03-28,23.62,0.94,37.59
10163,2014-03-29,23.42,1.61,43.92
10164,2014-03-30,23.25,0.0,38.85
10165,2014-03-31,22.98,0.0,35.2
10166,2014-04-01,24.62,0.0,29.03
10167,2014-04-02,25.07,1.42,33.44
10168,2014-04-03,23.08,0.0,42.96
10169,2014-04-04,24.82,0.0,38.37
10170,2014-04-05,25.8,0.0,42.69
10171,2014-04-06,27.58,0.07,40.09
10172,2014-04-07,23.54,2.08,49.78
10173,2014-04-08,23.54,1.35,40.36
10174,2014-04-09,23.88,0.0,32.24
10175,2014-04-10,24.43,0.0,28.44
10176,2014-04-11,25.7,0.0,27.54
10177,2014-04-12,26.22,0.01,28.34
10178,2014-04-13,25.91,0.58,33.0
10179,2014-04-14,26.62,0.01,30.98
10180,2014-04-15,27.39,0.18,29.69
10181,2014-04-16,28.11,0.0,31.52
10182,2014-04-17,27.51,8.64,38.3
10183,2014-04-18,25.06,13.99,47.66
10184,2014-04-19,23.63,8.5,56.13
10185,2014-04-20,24.93,0.01,40.28
10186,2014-04-21,26.15,0.0,36.79
10187,2014-04-22,27.81,0.0,38.17
10188,2014-04-23,28.13,0.0,38.29
10189,2014-04-24,28.94,0.0,33.67
10190,2014-04-25,28.86,9.78,44.0
10191,2014-04-26,29.42,0.0,34.5
10192,2014-04-27,29.35,0.0,32.26
10193,2014-04-28,30.11,0.0,29.72
10194,2014-04-29,31.29,0.0,26.98
10195,2014-04-30,32.64,0.0,25.3
10196,2014-05-01,33.52,0.0,27.04
10197,2014-05-02,33.86,0.0,26.51
10198,2014-05-03,33.73,0.0,26.2
10199,2014-05-04,33.52,0.22,29.48
10200,2014-05-05,32.95,0.45,31.79
10201,2014-05-06,32.37,0.07,33.32
10202,2014-05-07,32.33,0.06,32.64
10203,2014-05-08,32.77,1.82,31.16
10204,2014-05-09,32.08,0.0,27.34
10205,2014-05-10,32.73,0.01,26.33
10206,2014-05-11,30.92,1.1,32.21
10207,2014-05-12,30.04,7.79,37.09
10208,2014-05-13,27.01,10.25,52.66
10209,2014-05-14,27.71,0.0,44.62
10210,2014-05-15,29.33,0.06,35.18
10211,2014-05-16,30.09,1.45,38.67
10212,2014-05-17,30.38,1.58,40.77
10213,2014-05-18,30.52,0.81,39.42
10214,2014-05-19,31.42,0.0,33.89
10215,2014-05-20,31.65,0.05,34.02
10216,2014-05-21,32.3,0.01,29.14
10217,2014-05-22,33.66,0.0,26.03
10218,2014-05-23,34.92,0.23,24.07
10219,2014-05-24,33.37,0.33,22.06
10220,2014-05-25,33.8,0.0,18.97
10221,2014-05-26,34.03,0.03,22.14
10222,2014-05-27,34.66,0.01,21.76
10223,2014-05-28,36.03,0.0,20.3
10224,2014-05-29,37.57,0.0,16.47
10225,2014-05-30,37.18,0.15,17.68
10226,2014-05-31,37.35,0.0,17.33
10227,2014-06-01,37.45,1.05,22.95
10228,2014-06-02,36.54,0.0,19.77
10229,2014-06-03,36.8,0.0,17.94
10230,2014-06-04,37.75,0.0,17.35
10231,2014-06-05,39.13,0.0,15.47
10232,2014-06-06,39.83,0.0,13.98
10233,2014-06-07,39.41,0.0,12.79
10234,2014-06-08,39.51,0.0,12.08
10235,2014-06-09,39.46,0.0,11.56
10236,2014-06-10,39.19,0.0,9.71
10237,2014-06-11,38.62,0.0,12.76
10238,2014-06-12,38.16,0.16,23.09
10239,2014-06-13,38.3,0.35,24.01
10240,2014-06-14,38.71,0.04,26.78
10241,2014-06-15,39.7,0.0,25.46
10242,2014-06-16,40.18,0.0,24.01
10243,2014-06-17,41.03,0.05,22.95
10244,2014-06-18,40.47,0.01,23.83
10245,2014-06-19,40.54,0.0,20.16
10246,2014-06-20,40.5,0.0,20.86
10247,2014-06-21,40.34,0.11,21.45
10248,2014-06-22,37.25,3.1,27.91
10249,2014-06-23,36.63,0.0,25.36
10250,2014-06-24,36.22,1.36,30.24
10251,2014-06-25,35.61,7.69,42.22
10252,2014-06-26,34.97,3.42,43.88
10253,2014-06-27,36.04,0.0,35.47
10254,2014-06-28,36.76,3.53,38.73
10255,2014-06-29,32.05,15.46,58.4
10256,2014-06-30,35.03,6.17,48.94
10257,2014-07-01,34.81,3.09,49.16
10258,2014-07-02,34.96,1.03,42.98
10259,2014-07-03,34.48,0.11,43.32
10260,2014-07-04,35.17,0.18,39.34
10261,2014-07-05,35.57,0.0,38.9
10262,2014-07-06,35.68,0.02,36.85
10263,2014-07-07,35.7,0.0,35.49
10264,2014-07-08,36.19,0.0,33.61
10265,2014-07-09,36.95,0.05,32.67
10266,2014-07-10,37.22,0.01,29.71
10267,2014-07-11,37.84,0.0,26.34
10268,2014-07-12,37.56,0.05,27.33
10269,2014-07-13,38.17,0.14,26.87
10270,2014-07-14,37.71,0.25,27.68
10271,2014-07-15,37.96,0.16,27.89
10272,2014-07-16,35.05,9.72,44.58
10273,2014-07-17,31.32,22.58,66.34
10274,2014-07-18,33.04,5.69,57.31
10275,2014-07-19,33.69,5.03,50.71
10276,2014-07-20,34.17,0.09,43.77
10277,2014-07-21,34.88,0.0,36.73
10278,2014-07-22,36.08,0.01,35.63
10279,2014-07-23,34.53,3.16,45.11
10280,2014-07-24,32.69,7.05,58.1
10281,2014-07-25,33.43,0.04,49.71
10282,2014-07-26,33.83,0.01,46.87
10283,2014-07-27,33.38,8.68,53.68
10284,2014-07-28,31.84,6.46,63.17
10285,2014-07-29,31.94,4.17,62.37
10286,2014-07-30,33.36,0.0,51.29
10287,2014-07-31,33.19,16.91,55.69
10288,2014-08-01,33.64,5.78,54.02
10289,2014-08-02,34.3,2.48,51.16
10290,2014-08-03,34.49,3.44,49.88
10291,2014-08-04,35.04,0.69,47.99
10292,2014-08-05,34.9,0.16,46.51
10293,2014-08-06,34.2,3.9,48.29
10294,2014-08-07,32.76,4.58,57.78
10295,2014-08-08,33.05,7.74,56.25
10296,2014-08-09,33.01,2.45,57.97
10297,2014-08-10,34.68,0.08,47.45
10298,2014-08-11,35.1,0.06,43.66
10299,2014-08-12,35.18,0.0,43.86
10300,2014-08-13,35.03,0.01,42.12
10301,2014-08-14,35.4,0.11,40.18
10302,2014-08-15,34.6,1.37,43.34
10303,2014-08-16,32.77,4.71,48.51
10304,2014-08-17,31.96,0.0,49.17
10305,2014-08-18,32.31,0.0,44.34
10306,2014-08-19,32.69,0.02,40.42
10307,2014-08-20,34.31,0.0,34.95
10308,2014-08-21,33.76,0.0,33.1
10309,2014-08-22,33.75,0.06,32.11
10310,2014-08-23,33.4,0.12,35.8
10311,2014-08-24,33.76,0.0,36.55
10312,2014-08-25,33.81,0.0,35.13
10313,2014-08-26,34.03,0.5,37.99
10314,2014-08-27,34.26,0.05,37.34
10315,2014-08-28,33.31,0.04,40.09
10316,2014-08-29,32.94,0.03,40.29
10317,2014-08-30,33.96,0.43,36.74
10318,2014-08-31,33.96,0.62,36.81
10319,2014-09-01,30.05,19.12,58.15
10320,2014-09-02,30.14,2.08,56.63
10321,2014-09-03,27.92,23.43,76.44
10322,2014-09-04,27.25,81.44,88.17
10323,2014-09-05,27.27,95.24,89.86
10324,2014-09-06,27.26,26.85,83.43
10325,2014-09-07,27.24,0.0,79.26
10326,2014-09-08,28.13,0.18,77.41
10327,2014-09-09,27.55,0.0,77.56
10328,2014-09-10,28.08,0.0,74.7
10329,2014-09-11,27.94,0.52,77.27
10330,2014-09-12,27.0,10.69,79.64
10331,2014-09-13,27.31,1.76,79.73
10332,2014-09-14,27.1,42.1,79.55
10333,2014-09-15,26.43,1.23,83.02
10334,2014-09-16,26.67,0.0,79.76
10335,2014-09-17,26.92,0.0,73.68
10336,2014-09-18,27.21,0.0,72.44
10337,2014-09-19,26.88,0.0,74.59
10338,2014-09-20,27.66,0.0,67.78
10339,2014-09-21,25.82,0.17,67.06
10340,2014-09-22,26.52,0.0,67.31
10341,2014-09-23,26.85,0.0,67.53
10342,2014-09-24,26.0,0.0,64.51
10343,2014-09-25,25.93,0.0,63.69
10344,2014-09-26,26.79,0.0,64.3
10345,2014-09-27,26.97,0.03,65.58
10346,2014-09-28,26.99,0.0,64.91
10347,2014-09-29,26.76,0.0,63.01
10348,2014-09-30,27.36,0.01,58.87
10349,2014-10-01,26.91,0.15,63.3
10350,2014-10-02,27.99,0.02,63.31
10351,2014-10-03,28.68,0.0,59.33
10352,2014-10-04,28.77,0.0,57.36
10353,2014-10-05,28.12,0.0,64.37
10354,2014-10-06,27.97,0.0,67.75
10355,2014-10-07,28.18,0.85,67.2
10356,2014-10-08,25.82,2.25,66.32
10357,2014-10-09,24.46,0.0,64.19
10358,2014-10-10,24.6,0.0,61.21
10359,2014-10-11,24.86,0.0,57.25
10360,2014-10-12,25.19,0.0,52.12
10361,2014-10-13,24.92,0.0,48.95
10362,2014-10-14,21.08,2.18,65.04
10363,2014-10-15,21.27,0.44,63.12
10364,2014-10-16,21.63,0.0,59.61
10365,2014-10-17,22.61,0.0,56.07
10366,2014-10-18,22.23,0.0,55.21
10367,2014-10-19,22.15,0.0,51.66
10368,2014-10-20,22.54,0.0,51.24
10369,2014-10-21,23.98,0.0,51.17
10370,2014-10-22,24.54,0.0,49.08
10371,2014-10-23,24.47,0.0,49.19
10372,2014-10-24,24.54,0.0,51.12
10373,2014-10-25,23.83,0.08,55.97
10374,2014-10-26,23.91,0.05,54.71
10375,2014-10-27,23.09,0.0,56.3
10376,2014-10-28,23.31,0.29,52.43
10377,2014-10-29,22.61,0.6,53.46
10378,2014-10-30,21.66,0.0,51.2
10379,2014-10-31,20.69,0.0,49.85
10380,2014-11-01,20.27,0.0,47.23
10381,2014-11-02,20.73,0.0,47.44
10382,2014-11-03,21.28,0.0,51.24
10383,2014-11-04,20.63,0.0,58.37
10384,2014-11-05,21.05,0.0,57.78
10385,2014-11-06,21.37,0.0,54.53
10386,2014-11-07,23.7,5.39,50.06
10387,2014-11-08,22.91,0.92,53.77
10388,2014-11-09,19.25,0.0,41.4
10389,2014-11-10,18.28,0.0,43.73
10390,2014-11-11,18.33,0.0,38.76
10391,2014-11-12,18.02,0.0,40.44
10392,2014-11-13,16.79,0.0,41.93
10393,2014-11-14,16.34,0.0,42.65
10394,2014-11-15,16.99,0.0,43.31
10395,2014-11-16,17.36,0.0,40.44
10396,2014-11-17,17.52,0.0,40.88
10397,2014-11-18,17.3,0.0,39.74
10398,2014-11-19,17.43,0.0,40.99
10399,2014-11-20,16.46,0.0,45.87
10400,2014-11-21,17.16,0.0,42.56
10401,2014-11-22,16.25,0.0,42.75
10402,2014-11-23,16.16,0.0,42.71
10403,2014-11-24,15.34,0.0,44.86
10404,2014-11-25,15.92,0.0,43.43
10405,2014-11-26,16.28,0.0,42.74
10406,2014-11-27,18.85,0.0,34.06
10407,2014-11-28,18.63,0.0,40.68
10408,2014-11-29,19.25,0.0,45.42
10409,2014-11-30,17.62,0.0,46.41
10410,2014-12-01,16.7,0.0,45.22
10411,2014-12-02,16.2,0.0,49.33
10412,2014-12-03,16.91,0.0,45.09
10413,2014-12-04,17.2,0.0,43.06
10414,2014-12-05,17.15,0.0,42.17
10415,2014-12-06,15.79,0.0,44.3
10416,2014-12-07,15.58,0.0,41.92
10417,2014-12-08,16.57,0.0,37.21
10418,2014-12-09,15.26,0.0,34.43
10419,2014-12-10,12.8,0.0,35.06
10420,2014-12-11,12.44,0.0,38.51
10421,2014-12-12,13.68,0.07,32.9
10422,2014-12-13,11.29,4.0,59.44
10423,2014-12-14,13.2,2.44,79.33
10424,2014-12-15,13.04,1.33,72.39
10425,2014-12-16,10.83,0.0,50.58
10426,2014-12-17,9.98,0.0,44.0
10427,2014-12-18,10.26,0.0,42.12
10428,2014-12-19,10.14,0.0,43.5
10429,2014-12-20,9.73,0.0,44.21
10430,2014-12-21,11.39,0.0,39.99
10431,2014-12-22,11.68,0.0,35.51
10432,2014-12-23,10.65,0.0,40.85
10433,2014-12-24,11.14,0.0,42.43
10434,2014-12-25,10.79,0.0,46.13
10435,2014-12-26,11.09,0.0,44.52
10436,2014-12-27,11.54,0.0,39.14
10437,2014-12-28,11.16,0.0,31.92
10438,2014-12-29,10.61,0.0,33.86
10439,2014-12-30,10.48,0.0,36.99
10440,2014-12-31,11.85,0.0,36.01
10441,2015-01-01,12.88,0.0,40.88
10442,2015-01-02,14.61,0.18,41.27
10443,2015-01-03,12.63,3.18,63.39
10444,2015-01-04,11.7,0.06,51.16
10445,2015-01-05,10.73,0.0,44.84
10446,2015-01-06,12.12,0.0,47.31
10447,2015-01-07,12.0,0.0,48.88
10448,2015-01-08,12.7,0.0,42.11
10449,2015-01-09,11.99,0.0,38.11
10450,2015-01-10,10.19,0.0,39.04
10451,2015-01-11,11.33,0.0,34.05
10452,2015-01-12,13.76,0.0,30.42
10453,2015-01-13,12.47,0.28,41.03
10454,2015-01-14,11.33,8.6,71.69
10455,2015-01-15,11.83,0.0,73.92
10456,2015-01-16,12.17,0.0,61.28
10457,2015-01-17,11.69,0.0,48.69
10458,2015-01-18,12.44,0.0,42.66
10459,2015-01-19,13.8,0.0,39.19
10460,2015-01-20,12.48,0.0,43.62
10461,2015-01-21,10.68,8.14,62.88
10462,2015-01-22,10.97,6.44,90.06
10463,2015-01-23,12.19,0.1,74.69
10464,2015-01-24,12.23,0.0,64.14
10465,2015-01-25,11.83,0.0,53.45
10466,2015-01-26,11.69,0.1,47.53
10467,2015-01-27,10.47,0.06,51.64
10468,2015-01-28,10.01,0.0,51.07
10469,2015-01-29,10.62,0.0,44.54
10470,2015-01-30,10.77,0.0,45.8
10471,2015-01-31,12.16,0.0,42.35
10472,2015-02-01,14.33,0.0,40.01
10473,2015-02-02,15.0,3.61,46.94
10474,2015-02-03,13.69,13.32,79.27
10475,2015-02-04,13.32,0.14,67.43
10476,2015-02-05,13.0,0.0,52.28
10477,2015-02-06,14.16,0.0,43.23
10478,2015-02-07,14.72,0.0,45.75
10479,2015-02-08,15.28,0.0,54.47
10480,2015-02-09,14.56,0.0,54.46
10481,2015-02-10,14.83,0.0,43.26
10482,2015-02-11,15.56,0.0,41.55
10483,2015-02-12,14.84,0.0,37.71
10484,2015-02-13,16.02,0.0,39.56
10485,2015-02-14,19.34,0.0,40.72
10486,2015-02-15,18.8,0.0,44.07
10487,2015-02-16,18.3,1.11,45.7
10488,2015-02-17,19.02,6.55,53.3
10489,2015-02-18,18.77,0.1,49.8
10490,2015-02-19,18.2,2.86,57.45
10491,2015-02-20,18.48,10.66,65.84
10492,2015-02-21,19.64,0.0,55.26
10493,2015-02-22,19.48,0.0,58.8
10494,2015-02-23,20.89,0.0,51.25
10495,2015-02-24,20.54,0.0,49.62
10496,2015-02-25,17.34,10.7,56.28
10497,2015-02-26,14.16,0.0,35.49
10498,2015-02-27,13.82,0.04,48.05
10499,2015-02-28,14.68,0.06,46.13
10500,2015-03-01,14.72,45.91,83.79
10501,2015-03-02,16.08,20.58,83.55
10502,2015-03-03,14.72,2.09,71.12
10503,2015-03-04,14.82,1.22,65.86
10504,2015-03-05,15.13,1.5,69.12
10505,2015-03-06,16.42,0.06,64.89
10506,2015-03-07,16.41,2.49,65.19
10507,2015-03-08,16.2,3.59,72.84
10508,2015-03-09,13.8,0.15,68.5
10509,2015-03-10,15.31,0.0,57.25
10510,2015-03-11,17.03,0.0,51.14
10511,2015-03-12,18.21,0.0,46.39
10512,2015-03-13,19.4,0.0,41.89
10513,2015-03-14,20.27,1.4,55.74
10514,2015-03-15,18.55,10.38,73.84
10515,2015-03-16,17.96,11.06,77.18
10516,2015-03-17,18.27,0.14,69.44
10517,2015-03-18,18.04,0.0,66.08
10518,2015-03-19,19.76,0.0,54.82
10519,2015-03-20,20.82,0.0,51.0
10520,2015-03-21,22.1,0.0,55.79
10521,2015-03-22,22.86,0.0,57.62
10522,2015-03-23,23.71,0.0,57.09
10523,2015-03-24,25.99,0.0,45.01
10524,2015-03-25,25.44,0.0,49.25
10525,2015-03-26,25.36,0.0,48.36
10526,2015-03-27,25.18,0.0,41.21
10527,2015-03-28,26.3,0.03,37.86
10528,2015-03-29,22.2,3.81,55.5
10529,2015-03-30,22.08,10.57,70.07
10530,2015-03-31,23.08,0.15,62.43
10531,2015-04-01,23.69,0.24,59.87
10532,2015-04-02,24.84,0.02,52.57
10533,2015-04-03,22.98,7.54,62.05
10534,2015-04-04,23.34,0.71,55.67
10535,2015-04-05,22.97,0.01,55.08
10536,2015-04-06,23.58,0.68,54.78
10537,2015-04-07,21.11,4.96,69.07
10538,2015-04-08,23.13,0.04,56.42
10539,2015-04-09,23.77,0.0,54.17
10540,2015-04-10,25.33,0.0,49.5
10541,2015-04-11,27.26,0.0,46.4
10542,2015-04-12,24.98,0.93,58.58
10543,2015-04-13,26.62,0.0,49.46
10544,2015-04-14,26.08,0.09,54.76
10545,2015-04-15,26.71,16.96,56.34
10546,2015-04-16,26.08,2.89,57.9
10547,2015-04-17,26.32,0.75,57.42
10548,2015-04-18,28.52,0.0,47.9
10549,2015-04-19,30.23,0.0,41.07
10550,2015-04-20,29.88,0.17,38.73
10551,2015-04-21,28.3,0.0,42.63
10552,2015-04-22,28.6,0.0,38.29
10553,2015-04-23,30.42,0.0,29.78
10554,2015-04-24,31.24,0.0,28.57
10555,2015-04-25,31.83,0.0,29.8
10556,2015-04-26,29.38,0.0,38.75
10557,2015-04-27,30.04,0.0,40.55
10558,2015-04-28,31.25,2.61,37.99
10559,2015-04-29,30.87,0.9,33.43
10560,2015-04-30,29.99,0.47,35.89
10561,2015-05-01,28.44,6.33,42.33
10562,2015-05-02,29.43,0.0,30.54
10563,2015-05-03,30.46,0.0,26.96
10564,2015-05-04,30.76,0.0,27.05
10565,2015-05-05,31.85,0.0,28.95
10566,2015-05-06,33.04,0.0,30.87
10567,2015-05-07,34.29,0.0,29.39
10568,2015-05-08,32.88,0.0,28.09
10569,2015-05-09,34.07,0.0,27.44
10570,2015-05-10,34.49,0.0,30.69
10571,2015-05-11,34.43,1.89,31.94
10572,2015-05-12,32.57,1.76,34.04
10573,2015-05-13,30.71,5.0,43.32
10574,2015-05-14,30.52,4.14,45.97
10575,2015-05-15,31.45,0.44,41.1
10576,2015-05-16,32.9,1.12,33.32
10577,2015-05-17,33.72,0.0,28.14
10578,2015-05-18,35.55,0.0,30.74
10579,2015-05-19,34.62,0.0,28.36
10580,2015-05-20,33.78,0.28,25.78
10581,2015-05-21,34.46,0.0,24.87
10582,2015-05-22,35.19,0.0,23.32
10583,2015-05-23,36.28,0.0,21.65
10584,2015-05-24,37.1,0.0,18.45
10585,2015-05-25,36.81,0.0,19.79
10586,2015-05-26,35.05,0.0,14.49
10587,2015-05-27,33.08,0.0,14.17
10588,2015-05-28,34.6,0.0,13.93
10589,2015-05-29,35.21,0.04,18.44
10590,2015-05-30,35.73,0.0,19.64
10591,2015-05-31,35.94,0.07,20.31
10592,2015-06-01,36.03,0.7,18.78
10593,2015-06-02,33.21,0.05,27.11
10594,2015-06-03,33.86,1.25,27.8
10595,2015-06-04,30.57,6.49,41.91
10596,2015-06-05,33.3,0.21,36.17
10597,2015-06-06,34.53,0.0,27.34
10598,2015-06-07,36.26,0.0,21.68
10599,2015-06-08,37.73,0.0,18.33
10600,2015-06-09,38.08,0.18,18.52
10601,2015-06-10,37.47,0.0,29.01
10602,2015-06-11,36.43,3.38,28.57
10603,2015-06-12,36.39,0.0,27.14
10604,2015-06-13,36.4,0.55,28.43
10605,2015-06-14,34.86,2.98,34.18
10606,2015-06-15,32.77,15.31,51.9
10607,2015-06-16,34.61,0.02,38.88
10608,2015-06-17,35.5,0.05,36.45
10609,2015-06-18,36.55,0.05,32.77
10610,2015-06-19,37.53,0.13,31.66
10611,2015-06-20,35.55,2.05,36.12
10612,2015-06-21,35.86,12.82,38.88
10613,2015-06-22,34.79,4.5,39.27
10614,2015-06-23,35.47,2.96,39.47
10615,2015-06-24,34.37,9.15,47.82
10616,2015-06-25,32.74,7.78,48.4
10617,2015-06-26,33.48,0.0,36.18
10618,2015-06-27,34.02,0.08,39.32
10619,2015-06-28,35.31,0.0,35.27
10620,2015-06-29,35.61,0.69,35.32
10621,2015-06-30,32.82,19.57,50.66
10622,2015-07-01,34.19,0.0,40.53
10623,2015-07-02,34.06,0.21,43.22
10624,2015-07-03,35.15,0.64,41.5
10625,2015-07-04,35.63,1.0,44.66
10626,2015-07-05,36.29,6.16,43.49
10627,2015-07-06,33.02,8.36,56.92
10628,2015-07-07,31.89,9.31,60.94
10629,2015-07-08,32.42,10.88,56.57
10630,2015-07-09,33.51,4.2,51.63
10631,2015-07-10,33.6,2.1,49.91
10632,2015-07-11,29.56,26.06,70.81
10633,2015-07-12,29.69,63.52,74.4
10634,2015-07-13,30.71,2.93,66.14
10635,2015-07-14,32.14,0.01,60.46
10636,2015-07-15,33.59,0.0,55.33
10637,2015-07-16,33.83,0.76,54.5
10638,2015-07-17,30.81,61.9,73.25
10639,2015-07-18,29.71,19.98,77.36
10640,2015-07-19,30.1,3.08,72.32
10641,2015-07-20,30.3,1.45,70.54
10642,2015-07-21,31.08,1.72,69.01
10643,2015-07-22,31.4,0.03,67.03
10644,2015-07-23,30.23,3.8,74.46
10645,2015-07-24,30.32,2.66,75.25
10646,2015-07-25,30.76,6.11,73.37
10647,2015-07-26,29.58,1.56,78.07
10648,2015-07-27,29.74,0.17,75.31
10649,2015-07-28,29.79,0.65,70.78
10650,2015-07-29,29.49,0.0,70.7
10651,2015-07-30,30.4,0.35,70.17
10652,2015-07-31,30.2,1.88,70.64
10653,2015-08-01,29.5,3.04,74.8
10654,2015-08-02,28.54,8.78,79.92
10655,2015-08-03,30.0,1.95,73.22
10656,2015-08-04,31.67,0.05,64.94
10657,2015-08-05,32.17,4.27,62.79
10658,2015-08-06,32.35,11.68,61.83
10659,2015-08-07,32.51,0.23,61.62
10660,2015-08-08,31.45,4.64,65.27
10661,2015-08-09,32.27,1.73,60.44
10662,2015-08-10,32.62,0.46,56.05
10663,2015-08-11,32.8,0.2,53.37
10664,2015-08-12,29.13,16.15,74.07
10665,2015-08-13,30.16,5.28,67.69
10666,2015-08-14,31.45,1.08,66.65
10667,2015-08-15,31.3,9.76,69.78
10668,2015-08-16,30.83,1.76,69.26
10669,2015-08-17,31.6,4.58,61.47
10670,2015-08-18,31.53,12.03,65.14
10671,2015-08-19,31.2,5.43,63.3
10672,2015-08-20,30.68,7.99,62.72
10673,2015-08-21,30.44,13.04,66.01
10674,2015-08-22,29.76,16.32,68.43
10675,2015-08-23,30.38,0.31,63.3
10676,2015-08-24,30.86,0.49,61.53
10677,2015-08-25,30.78,0.0,58.45
10678,2015-08-26,30.94,0.0,57.94
10679,2015-08-27,31.88,0.0,53.66
10680,2015-08-28,31.03,0.46,58.17
10681,2015-08-29,31.93,0.14,54.72
10682,2015-08-30,32.22,0.0,52.33
10683,2015-08-31,30.75,0.22,49.25
10684,2015-09-01,31.0,0.0,46.31
10685,2015-09-02,30.57,0.0,46.0
10686,2015-09-03,30.45,0.22,45.08
10687,2015-09-04,30.4,0.0,42.86
10688,2015-09-05,30.23,0.0,42.53
10689,2015-09-06,30.2,0.04,41.68
10690,2015-09-07,30.45,0.0,40.91
10691,2015-09-08,30.25,0.0,42.68
10692,2015-09-09,30.74,0.0,43.05
10693,2015-09-10,30.57,0.0,41.01
10694,2015-09-11,30.8,0.0,38.56
10695,2015-09-12,31.96,0.0,35.81
10696,2015-09-13,30.98,0.0,37.91
10697,2015-09-14,31.82,0.0,35.81
10698,2015-09-15,32.33,0.02,33.26
10699,2015-09-16,31.26,0.7,35.19
10700,2015-09-17,30.43,4.4,43.11
10701,2015-09-18,30.9,0.0,39.95
10702,2015-09-19,26.9,5.04,64.12
10703,2015-09-20,28.23,22.0,73.21
10704,2015-09-21,29.44,8.37,65.25
10705,2015-09-22,28.35,39.04,73.32
10706,2015-09-23,26.25,10.03,74.71
10707,2015-09-24,26.79,0.0,61.22
10708,2015-09-25,26.78,0.0,57.0
10709,2015-09-26,27.67,0.07,51.41
10710,2015-09-27,27.78,0.13,52.14
10711,2015-09-28,26.81,0.07,53.02
10712,2015-09-29,26.64,0.0,49.91
10713,2015-09-30,25.96,0.0,50.05
10714,2015-10-01,26.69,0.0,45.66
10715,2015-10-02,27.2,0.0,44.38
10716,2015-10-03,27.88,0.0,43.46
10717,2015-10-04,28.58,0.0,37.1
10718,2015-10-05,28.21,0.0,41.35
10719,2015-10-06,27.84,0.0,46.13
10720,2015-10-07,28.0,0.0,47.76
10721,2015-10-08,27.71,0.0,46.99
10722,2015-10-09,28.17,0.0,42.46
10723,2015-10-10,28.47,0.0,39.95
10724,2015-10-11,28.45,0.0,43.88
10725,2015-10-12,28.6,0.0,51.77
10726,2015-10-13,28.3,0.25,52.97
10727,2015-10-14,26.62,4.27,58.55
10728,2015-10-15,26.51,0.17,58.28
10729,2015-10-16,26.91,0.0,51.19
10730,2015-10-17,26.45,0.0,48.82
10731,2015-10-18,27.66,0.0,43.6
10732,2015-10-19,27.07,0.38,45.71
10733,2015-10-20,26.39,0.0,46.37
10734,2015-10-21,23.94,0.0,49.51
10735,2015-10-22,23.19,0.0,40.22
10736,2015-10-23,23.46,0.0,40.58
10737,2015-10-24,24.53,0.03,37.68
10738,2015-10-25,23.52,1.44,45.28
10739,2015-10-26,23.16,1.99,50.17
10740,2015-10-27,21.19,0.63,49.83
10741,2015-10-28,21.42,0.04,47.45
10742,2015-10-29,21.94,0.05,42.71
10743,2015-10-30,21.41,0.0,40.73
10744,2015-10-31,22.07,0.0,42.34
10745,2015-11-01,22.06,0.0,43.1
10746,2015-11-02,22.75,0.0,44.27
10747,2015-11-03,22.21,0.0,46.12
10748,2015-11-04,22.48,0.1,45.16
10749,2015-11-05,22.45,1.95,45.66
10750,2015-11-06,20.41,0.18,49.01
10751,2015-11-07,20.48,0.0,45.46
10752,2015-11-08,20.51,0.12,38.92
10753,2015-11-09,21.03,0.0,40.21
10754,2015-11-10,20.13,0.0,46.1
10755,2015-11-11,19.49,0.0,51.76
10756,2015-11-12,20.48,0.0,50.79
10757,2015-11-13,22.11,0.04,49.54
10758,2015-11-14,21.1,0.0,49.56
10759,2015-11-15,21.16,0.0,43.78
10760,2015-11-16,19.79,0.03,40.63
10761,2015-11-17,17.98,0.0,41.44
10762,2015-11-18,18.29,0.0,34.85
10763,2015-11-19,19.11,0.0,30.83
10764,2015-11-20,19.03,0.0,35.46
10765,2015-11-21,18.47,0.0,39.77
10766,2015-11-22,18.54,0.0,37.57
10767,2015-11-23,18.51,0.0,36.27
10768,2015-11-24,17.87,0.0,38.38
10769,2015-11-25,17.41,0.0,41.49
10770,2015-11-26,18.68,0.33,37.03
10771,2015-11-27,17.87,0.48,48.64
10772,2015-11-28,19.17,0.04,42.75
10773,2015-11-29,19.38,0.0,46.01
10774,2015-11-30,19.18,0.0,43.62
10775,2015-12-01,18.1,0.0,45.57
10776,2015-12-02,17.61,0.0,46.43
10777,2015-12-03,16.86,0.0,43.77
10778,2015-12-04,17.4,0.0,37.42
10779,2015-12-05,18.61,0.0,32.86
10780,2015-12-06,18.13,0.0,32.91
10781,2015-12-07,17.24,0.0,35.1
10782,2015-12-08,17.68,0.0,35.84
10783,2015-12-09,16.11,0.0,41.72
10784,2015-12-10,16.77,2.11,44.25
10785,2015-12-11,15.51,3.22,53.96
10786,2015-12-12,14.27,0.05,54.23
10787,2015-12-13,12.8,0.0,40.43
10788,2015-12-14,11.96,0.0,35.45
10789,2015-12-15,12.28,0.0,41.31
10790,2015-12-16,14.47,0.0,27.4
10791,2015-12-17,13.81,0.0,29.1
10792,2015-12-18,11.48,0.02,36.49
10793,2015-12-19,12.63,0.0,32.81
10794,2015-12-20,12.7,0.0,32.56
10795,2015-12-21,12.42,0.0,36.09
10796,2015-12-22,13.12,0.0,31.77
10797,2015-12-23,12.02,0.01,35.08
10798,2015-12-24,10.21,0.0,42.84
10799,2015-12-25,10.13,0.0,29.3
10800,2015-12-26,12.14,0.0,29.19
10801,2015-12-27,14.86,0.0,36.03
10802,2015-12-28,15.8,0.0,44.7
10803,2015-12-29,16.32,0.0,41.6
10804,2015-12-30,15.36,0.0,35.28
10805,2015-12-31,15.01,0.0,35.32
10806,2016-01-01,15.03,0.0,29.22
10807,2016-01-02,15.12,0.0,26.63
10808,2016-01-03,15.16,0.0,30.35
10809,2016-01-04,16.44,0.0,31.66
10810,2016-01-05,16.66,0.13,37.86
10811,2016-01-06,16.17,0.0,46.38
10812,2016-01-07,16.07,0.24,44.73
10813,2016-01-08,14.93,0.14,47.2
10814,2016-01-09,13.62,0.0,47.23
10815,2016-01-10,15.28,0.0,34.75
10816,2016-01-11,15.77,0.0,38.12
10817,2016-01-12,16.34,0.28,36.33
10818,2016-01-13,14.81,2.63,46.48
10819,2016-01-14,13.45,0.03,49.93
10820,2016-01-15,12.42,0.0,54.06
10821,2016-01-16,12.32,0.0,48.27
10822,2016-01-17,13.44,0.0,37.76
10823,2016-01-18,12.38,0.0,40.38
10824,2016-01-19,11.85,0.0,43.45
10825,2016-01-20,11.6,0.03,39.16
10826,2016-01-21,11.21,0.0,29.59
10827,2016-01-22,12.06,0.0,24.31
10828,2016-01-23,11.57,0.0,27.07
10829,2016-01-24,10.98,0.0,29.4
10830,2016-01-25,10.7,0.0,30.99
10831,2016-01-26,13.73,0.0,27.75
10832,2016-01-27,14.58,0.0,33.87
10833,2016-01-28,15.34,0.0,48.18
10834,2016-01-29,16.54,5.51,46.81
10835,2016-01-30,16.27,0.69,56.52
10836,2016-01-31,14.51,0.05,51.39
10837,2016-02-01,13.16,0.02,40.83
10838,2016-02-02,12.64,0.0,41.52
10839,2016-02-03,12.79,0.0,38.91
10840,2016-02-04,13.7,0.0,36.81
10841,2016-02-05,14.45,0.0,32.35
10842,2016-02-06,15.46,0.0,29.66
10843,2016-02-07,15.26,1.63,46.73
10844,2016-02-08,15.12,0.0,56.42
10845,2016-02-09,15.82,0.0,46.41
10846,2016-02-10,15.97,0.0,35.15
10847,2016-02-11,14.71,0.06,31.53
10848,2016-02-12,14.04,0.0,40.52
10849,2016-02-13,15.34,0.13,35.87
10850,2016-02-14,14.45,0.09,35.39
10851,2016-02-15,14.12,0.0,32.67
10852,2016-02-16,15.08,0.0,32.76
10853,2016-02-17,16.25,0.0,24.74
10854,2016-02-18,18.51,0.06,31.51
10855,2016-02-19,20.05,1.57,47.05
10856,2016-02-20,19.87,3.91,64.53
10857,2016-02-21,18.14,0.0,42.03
10858,2016-02-22,18.5,0.0,32.85
10859,2016-02-23,18.86,0.0,28.65
10860,2016-02-24,20.52,0.0,21.02
10861,2016-02-25,20.08,0.0,18.28
10862,2016-02-26,19.59,0.0,20.99
10863,2016-02-27,20.6,0.0,24.21
10864,2016-02-28,21.15,0.0,29.51
10865,2016-02-29,20.96,0.0,30.81
10866,2016-03-01,22.4,0.05,29.71
10867,2016-03-02,23.49,0.0,29.11
10868,2016-03-03,24.85,0.0,28.27
10869,2016-03-04,24.12,0.0,32.37
10870,2016-03-05,21.06,5.84,48.0
10871,2016-03-06,21.11,1.13,56.31
10872,2016-03-07,21.38,0.72,49.31
10873,2016-03-08,21.88,0.0,42.12
10874,2016-03-09,22.39,0.0,36.69
10875,2016-03-10,24.76,0.0,34.63
10876,2016-03-11,23.53,8.13,50.61
10877,2016-03-12,20.91,14.8,68.64
10878,2016-03-13,20.42,5.22,67.4
10879,2016-03-14,20.91,1.35,54.37
10880,2016-03-15,20.58,0.0,44.04
10881,2016-03-16,20.87,0.0,41.3
10882,2016-03-17,21.63,2.14,51.53
10883,2016-03-18,23.33,0.83,50.19
10884,2016-03-19,26.33,2.86,41.65
10885,2016-03-20,24.75,0.24,39.82
10886,2016-03-21,22.02,0.09,33.18
10887,2016-03-22,21.06,0.0,30.68
10888,2016-03-23,22.97,0.0,31.13
10889,2016-03-24,25.13,0.0,27.77
10890,2016-03-25,25.32,0.0,34.97
10891,2016-03-26,22.83,0.3,49.64
10892,2016-03-27,23.05,0.0,40.64
10893,2016-03-28,23.94,0.09,36.28
10894,2016-03-29,25.14,0.0,34.07
10895,2016-03-30,26.38,0.0,31.65
10896,2016-03-31,27.71,0.0,29.32
10897,2016-04-01,28.02,0.0,33.2
10898,2016-04-02,30.25,0.0,35.64
10899,2016-04-03,30.1,0.0,37.28
10900,2016-04-04,29.48,0.03,36.23
10901,2016-04-05,26.86,0.65,36.46
10902,2016-04-06,27.21,0.52,32.87
10903,2016-04-07,26.31,0.0,33.63
10904,2016-04-08,26.84,0.11,30.18
10905,2016-04-09,27.48,0.0,29.88
10906,2016-04-10,27.66,0.0,30.22
10907,2016-04-11,27.21,0.05,32.63
10908,2016-04-12,27.56,0.09,31.59
10909,2016-04-13,29.24,0.0,25.65
10910,2016-04-14,30.46,0.0,22.38
10911,2016-04-15,31.61,0.0,19.61
10912,2016-04-16,34.41,0.0,21.67
10913,2016-04-17,34.62,0.28,22.66
10914,2016-04-18,32.14,0.14,26.8
10915,2016-04-19,32.84,0.0,18.89
10916,2016-04-20,31.87,0.04,21.1
10917,2016-04-21,31.49,0.0,22.54
10918,2016-04-22,31.75,2.04,26.89
10919,2016-04-23,29.1,0.0,22.83
10920,2016-04-24,28.96,0.0,16.41
10921,2016-04-25,29.85,0.0,15.03
10922,2016-04-26,31.5,0.0,12.79
10923,2016-04-27,31.66,0.0,16.55
10924,2016-04-28,31.99,0.0,17.88
10925,2016-04-29,32.7,0.0,12.75
10926,2016-04-30,32.67,0.0,11.22
10927,2016-05-01,33.83,0.0,11.53
10928,2016-05-02,35.38,0.0,10.68
10929,2016-05-03,34.5,0.0,20.82
10930,2016-05-04,33.82,0.07,23.59
10931,2016-05-05,32.71,2.91,28.28
10932,2016-05-06,32.04,2.88,32.69
10933,2016-05-07,33.02,0.0,26.42
10934,2016-05-08,35.26,0.0,21.96
10935,2016-05-09,36.22,0.0,17.9
10936,2016-05-10,35.43,0.0,22.59
10937,2016-05-11,32.45,22.54,42.92
10938,2016-05-12,33.38,0.0,33.55
10939,2016-05-13,35.09,0.05,30.11
10940,2016-05-14,35.82,0.81,26.36
10941,2016-05-15,34.81,0.0,24.86
10942,2016-05-16,34.54,0.0,20.45
10943,2016-05-17,35.63,0.0,18.96
10944,2016-05-18,36.58,0.0,18.51
10945,2016-05-19,38.46,0.0,16.91
10946,2016-05-20,37.86,0.0,17.11
10947,2016-05-21,39.18,0.11,15.72
10948,2016-05-22,38.93,0.0,19.53
10949,2016-05-23,37.99,0.56,24.36
10950,2016-05-24,32.78,14.6,47.2
10951,2016-05-25,33.01,0.06,34.73
10952,2016-05-26,35.13,0.0,27.59
10953,2016-05-27,36.15,0.0,25.58
10954,2016-05-28,35.86,0.1,27.6
10955,2016-05-29,34.94,10.84,33.85
10956,2016-05-30,32.54,2.48,47.38
10957,2016-05-31,34.27,0.08,36.82
10958,2016-06-01,35.82,0.0,33.2
10959,2016-06-02,36.69,0.01,28.89
10960,2016-06-03,36.55,0.0,26.21
10961,2016-06-04,37.86,0.0,25.55
10962,2016-06-05,38.51,0.0,20.49
10963,2016-06-06,37.8,1.17,21.48
10964,2016-06-07,35.93,3.18,25.65
10965,2016-06-08,36.39,0.58,24.53
10966,2016-06-09,36.49,5.88,27.67
10967,2016-06-10,37.6,0.74,26.15
10968,2016-06-11,37.55,0.95,26.31
10969,2016-06-12,38.05,0.01,32.52
10970,2016-06-13,37.78,1.96,32.79
10971,2016-06-14,36.55,4.61,38.14
10972,2016-06-15,36.1,1.71,39.69
10973,2016-06-16,35.44,7.3,42.52
10974,2016-06-17,35.71,1.65,38.23
10975,2016-06-18,36.86,0.0,31.91
10976,2016-06-19,36.62,0.29,32.65
10977,2016-06-20,37.31,0.21,32.95
10978,2016-06-21,36.47,4.08,37.67
10979,2016-06-22,33.57,27.65,51.99
10980,2016-06-23,35.15,0.98,46.11
10981,2016-06-24,36.23,0.0,38.19
10982,2016-06-25,36.82,0.0,34.35
10983,2016-06-26,36.61,0.71,36.57
10984,2016-06-27,36.13,3.06,39.71
10985,2016-06-28,34.84,25.77,50.07
10986,2016-06-29,36.17,0.08,44.66
10987,2016-06-30,36.96,0.72,40.54
10988,2016-07-01,35.28,21.57,49.58
10989,2016-07-02,32.12,27.23,66.62
10990,2016-07-03,31.37,9.98,66.86
10991,2016-07-04,32.85,0.44,57.93
10992,2016-07-05,34.01,2.92,55.43
10993,2016-07-06,35.0,13.56,54.44
10994,2016-07-07,35.46,0.28,48.48
10995,2016-07-08,36.27,0.44,45.3
10996,2016-07-09,35.01,2.35,47.35
10997,2016-07-10,34.43,1.07,49.53
10998,2016-07-11,34.4,0.02,49.16
10999,2016-07-12,33.53,3.64,54.32
11000,2016-07-13,34.25,2.45,53.94
11001,2016-07-14,33.13,3.96,56.69
11002,2016-07-15,32.32,23.0,67.87
11003,2016-07-16,31.7,9.01,69.43
11004,2016-07-17,30.43,5.83,70.7
11005,2016-07-18,31.75,3.32,63.91
11006,2016-07-19,33.2,0.02,52.45
11007,2016-07-20,34.16,0.25,46.15
11008,2016-07-21,35.29,1.58,44.1
11009,2016-07-22,34.47,5.3,49.8
11010,2016-07-23,30.72,22.09,63.86
11011,2016-07-24,31.54,5.57,61.8
11012,2016-07-25,33.0,0.15,54.91
11013,2016-07-26,33.54,0.52,55.19
11014,2016-07-27,30.61,8.36,68.36
11015,2016-07-28,29.94,2.87,69.68
11016,2016-07-29,30.44,18.5,70.48
11017,2016-07-30,30.94,8.49,68.42
11018,2016-07-31,31.33,4.15,68.1
11019,2016-08-01,31.77,4.88,64.24
11020,2016-08-02,30.66,5.37,68.65
11021,2016-08-03,31.87,0.36,61.34
11022,2016-08-04,33.22,0.69,57.03
11023,2016-08-05,30.23,1.69,67.85
11024,2016-08-06,28.41,11.91,79.52
11025,2016-08-07,30.53,5.35,69.13
11026,2016-08-08,31.16,1.95,68.35
11027,2016-08-09,32.05,4.42,64.11
11028,2016-08-10,29.79,8.64,73.42
11029,2016-08-11,29.05,10.08,77.15
11030,2016-08-12,30.29,7.87,70.58
11031,2016-08-13,32.03,2.01,59.69
11032,2016-08-14,32.82,2.02,55.37
11033,2016-08-15,32.27,5.77,58.84
11034,2016-08-16,32.39,0.18,57.44
11035,2016-08-17,32.38,0.79,54.18
11036,2016-08-18,31.93,0.79,54.93
11037,2016-08-19,32.78,0.11,54.72
11038,2016-08-20,32.31,4.5,59.43
11039,2016-08-21,31.12,32.21,69.55
11040,2016-08-22,31.46,2.68,65.94
11041,2016-08-23,31.19,4.85,66.57
11042,2016-08-24,29.65,5.85,70.38
11043,2016-08-25,29.92,6.51,72.49
11044,2016-08-26,31.67,3.11,64.0
11045,2016-08-27,28.78,12.09,77.72
11046,2016-08-28,29.7,2.68,72.17
11047,2016-08-29,28.78,3.15,74.03
11048,2016-08-30,28.81,2.56,71.54
11049,2016-08-31,29.66,1.99,70.41
11050,2016-09-01,29.43,4.79,72.05
11051,2016-09-02,29.63,0.37,63.28
11052,2016-09-03,29.82,0.0,55.44
11053,2016-09-04,29.84,0.16,55.58
11054,2016-09-05,29.97,2.35,59.05
11055,2016-09-06,30.13,0.01,58.59
11056,2016-09-07,30.07,0.0,57.46
11057,2016-09-08,30.51,0.0,55.79
11058,2016-09-09,30.43,0.0,52.98
11059,2016-09-10,30.2,1.85,53.29
11060,2016-09-11,30.47,0.32,52.75
11061,2016-09-12,30.56,0.29,51.98
11062,2016-09-13,30.69,2.93,53.31
11063,2016-09-14,29.78,5.29,59.32
11064,2016-09-15,29.98,0.0,55.4
11065,2016-09-16,30.55,0.0,50.15
11066,2016-09-17,31.29,0.0,49.14
11067,2016-09-18,31.22,0.06,46.9
11068,2016-09-19,30.53,3.63,52.18
11069,2016-09-20,31.19,12.08,58.19
11070,2016-09-21,31.44,0.84,51.69
11071,2016-09-22,28.95,5.93,58.59
11072,2016-09-23,28.89,1.68,57.77
11073,2016-09-24,30.22,0.24,49.04
11074,2016-09-25,29.84,0.0,48.34
11075,2016-09-26,29.84,0.24,48.17
11076,2016-09-27,29.02,0.04,50.11
11077,2016-09-28,29.62,0.0,48.99
11078,2016-09-29,29.37,0.0,48.33
11079,2016-09-30,29.77,0.0,48.91
11080,2016-10-01,29.92,0.0,52.75
11081,2016-10-02,31.07,0.09,49.18
11082,2016-10-03,31.02,0.0,44.93
11083,2016-10-04,30.05,0.2,46.57
11084,2016-10-05,29.85,0.0,48.39
11085,2016-10-06,28.9,2.34,51.09
11086,2016-10-07,28.56,0.0,50.01
11087,2016-10-08,28.47,0.0,43.88
11088,2016-10-09,27.76,0.0,43.52
11089,2016-10-10,27.22,0.0,42.7
11090,2016-10-11,26.93,0.0,38.87
11091,2016-10-12,26.62,0.0,31.96
11092,2016-10-13,25.18,0.0,29.89
11093,2016-10-14,25.74,0.0,31.67
11094,2016-10-15,25.79,0.0,30.59
11095,2016-10-16,25.98,0.0,30.51
11096,2016-10-17,26.23,0.0,30.85
11097,2016-10-18,25.9,0.0,29.34
11098,2016-10-19,25.85,0.0,29.97
11099,2016-10-20,26.77,0.0,29.94
11100,2016-10-21,25.88,0.0,32.23
11101,2016-10-22,25.0,0.0,35.23
11102,2016-10-23,23.84,0.0,35.36
11103,2016-10-24,24.61,0.0,27.96
11104,2016-10-25,23.94,0.0,30.9
11105,2016-10-26,24.93,0.0,30.49
11106,2016-10-27,22.93,0.0,33.29
11107,2016-10-28,23.11,0.0,31.27
11108,2016-10-29,23.09,0.0,25.49
11109,2016-10-30,20.06,0.0,30.7
11110,2016-10-31,21.14,0.0,31.43
11111,2016-11-01,21.9,0.0,33.88
11112,2016-11-02,21.46,0.0,35.15
11113,2016-11-03,21.84,0.0,36.87
11114,2016-11-04,21.88,0.0,38.45
11115,2016-11-05,20.7,0.0,43.11
11116,2016-11-06,21.02,0.0,35.39
11117,2016-11-07,20.02,0.0,34.4
11118,2016-11-08,19.47,0.0,30.19
11119,2016-11-09,20.57,0.0,25.32
11120,2016-11-10,21.94,0.0,20.73
11121,2016-11-11,19.07,0.0,26.41
11122,2016-11-12,20.26,0.0,27.47
11123,2016-11-13,20.78,1.94,34.57
11124,2016-11-14,19.77,0.0,35.62
11125,2016-11-15,18.43,0.0,35.18
11126,2016-11-16,18.03,0.0,33.84
11127,2016-11-17,17.41,0.0,31.83
11128,2016-11-18,17.71,0.0,28.19
11129,2016-11-19,20.41,0.0,23.19
11130,2016-11-20,18.97,0.0,27.74
11131,2016-11-21,19.98,0.0,27.66
11132,2016-11-22,21.1,0.0,28.66
11133,2016-11-23,19.13,0.0,31.74
11134,2016-11-24,19.79,0.0,29.17
11135,2016-11-25,19.7,0.0,28.62
11136,2016-11-26,20.44,0.0,33.3
11137,2016-11-27,19.89,0.0,28.77
11138,2016-11-28,18.82,0.0,20.74
11139,2016-11-29,20.78,0.0,16.56
11140,2016-11-30,18.75,0.0,21.39
11141,2016-12-01,17.88,0.0,25.02
11142,2016-12-02,18.22,0.0,30.49
11143,2016-12-03,18.39,0.0,24.19
11144,2016-12-04,18.28,0.0,24.17
11145,2016-12-05,18.11,0.0,27.26
11146,2016-12-06,18.89,0.0,26.67
11147,2016-12-07,19.04,0.0,28.47
11148,2016-12-08,18.09,0.0,31.99
11149,2016-12-09,17.61,0.0,34.26
11150,2016-12-10,17.81,0.0,36.27
11151,2016-12-11,18.55,0.0,34.98
11152,2016-12-12,17.24,0.0,35.81
11153,2016-12-13,16.73,0.0,36.19
11154,2016-12-14,15.76,0.0,33.31
11155,2016-12-15,15.53,0.0,27.6
11156,2016-12-16,15.4,0.0,29.18
11157,2016-12-17,14.59,0.0,33.72
11158,2016-12-18,15.25,0.0,29.57
11159,2016-12-19,15.41,0.0,29.04
11160,2016-12-20,14.98,0.0,32.12
11161,2016-12-21,14.51,0.0,28.95
11162,2016-12-22,16.13,0.0,20.52
11163,2016-12-23,17.34,0.0,18.39
11164,2016-12-24,16.37,0.0,24.72
11165,2016-12-25,14.78,0.04,28.58
11166,2016-12-26,13.37,1.14,25.1
11167,2016-12-27,15.51,0.0,19.32
11168,2016-12-28,17.16,0.0,18.54
11169,2016-12-29,15.99,0.0,23.4
11170,2016-12-30,13.85,0.0,29.2
11171,2016-12-31,13.59,0.0,36.4
11172,2017-01-01,14.95,0.0,47.07
11173,2017-01-02,15.91,0.03,48.78
11174,2017-01-03,16.38,0.02,44.26
11175,2017-01-04,17.05,0.01,42.84
11176,2017-01-05,16.42,0.1,43.26
11177,2017-01-06,15.11,8.6,49.8
11178,2017-01-07,13.04,11.13,74.48
11179,2017-01-08,12.1,0.17,70.21
11180,2017-01-09,9.91,0.0,56.41
11181,2017-01-10,8.23,0.0,38.86
11182,2017-01-11,8.6,0.03,37.18
11183,2017-01-12,8.98,0.0,32.45
11184,2017-01-13,10.2,0.0,29.08
11185,2017-01-14,9.96,0.0,36.42
11186,2017-01-15,11.5,3.09,59.5
11187,2017-01-16,11.55,2.53,68.15
11188,2017-01-17,11.21,0.13,58.45
11189,2017-01-18,12.06,0.02,49.42
11190,2017-01-19,10.37,0.0,59.42
11191,2017-01-20,10.58,0.0,55.44
11192,2017-01-21,10.63,0.43,47.33
11193,2017-01-22,14.39,0.1,41.9
11194,2017-01-23,14.02,0.0,41.31
11195,2017-01-24,13.56,0.19,48.91
11196,2017-01-25,13.38,13.82,84.0
11197,2017-01-26,12.0,28.0,92.77
11198,2017-01-27,12.65,0.32,77.45
11199,2017-01-28,13.4,0.0,68.41
11200,2017-01-29,15.11,0.0,53.56
11201,2017-01-30,15.76,0.0,50.33
11202,2017-01-31,15.46,0.09,57.36
11203,2017-02-01,14.62,0.0,56.53
11204,2017-02-02,15.46,0.0,45.82
11205,2017-02-03,14.96,0.0,51.23
11206,2017-02-04,16.6,0.92,49.06
11207,2017-02-05,13.83,4.23,77.01
11208,2017-02-06,12.81,0.06,59.86
11209,2017-02-07,13.24,0.0,46.73
11210,2017-02-08,14.82,0.0,44.14
11211,2017-02-09,13.5,0.0,45.11
11212,2017-02-10,13.68,0.0,50.38
11213,2017-02-11,15.01,0.0,40.74
11214,2017-02-12,15.36,0.0,39.07
11215,2017-02-13,15.19,0.0,43.7
11216,2017-02-14,15.71,0.0,46.66
11217,2017-02-15,18.68,0.0,44.42
11218,2017-02-16,20.47,0.0,47.21
11219,2017-02-17,20.5,0.0,52.23
11220,2017-02-18,19.92,0.0,56.4
11221,2017-02-19,21.92,0.23,50.03
11222,2017-02-20,20.15,0.71,50.05
11223,2017-02-21,18.1,1.06,51.5
11224,2017-02-22,17.29,0.01,35.49
11225,2017-02-23,15.97,0.0,37.29
11226,2017-02-24,15.89,0.0,36.33
11227,2017-02-25,17.08,0.0,38.18
11228,2017-02-26,17.95,0.0,40.11
11229,2017-02-27,19.44,0.0,34.31
11230,2017-02-28,19.17,0.01,34.83
11231,2017-03-01,19.41,0.06,43.69
11232,2017-03-02,18.42,0.06,41.03
11233,2017-03-03,17.85,0.0,41.84
11234,2017-03-04,17.2,0.0,37.11
11235,2017-03-05,17.77,0.0,36.42
11236,2017-03-06,18.85,0.0,35.51
11237,2017-03-07,18.04,0.93,51.26
11238,2017-03-08,18.04,9.97,56.7
11239,2017-03-09,18.09,7.85,54.07
11240,2017-03-10,17.34,2.3,50.39
11241,2017-03-11,15.33,10.5,49.52
11242,2017-03-12,15.67,0.01,36.44
11243,2017-03-13,16.19,0.0,35.03
11244,2017-03-14,17.31,0.0,35.25
11245,2017-03-15,18.33,0.01,38.08
11246,2017-03-16,19.06,0.2,50.81
11247,2017-03-17,19.86,0.14,47.86
11248,2017-03-18,21.31,0.0,37.06
11249,2017-03-19,21.75,0.0,36.22
11250,2017-03-20,22.48,0.0,37.44
11251,2017-03-21,24.86,0.0,33.29
11252,2017-03-22,26.16,0.0,37.5
11253,2017-03-23,26.48,0.0,38.97
11254,2017-03-24,25.11,0.0,34.64
11255,2017-03-25,24.83,0.0,32.41
11256,2017-03-26,26.75,0.0,35.55
11257,2017-03-27,28.0,0.0,36.98
11258,2017-03-28,28.69,0.0,34.92
11259,2017-03-29,28.97,0.0,36.94
11260,2017-03-30,28.42,0.0,33.41
11261,2017-03-31,30.17,0.0,35.43
11262,2017-04-01,29.66,0.0,31.44
11263,2017-04-02,28.47,0.0,28.5
11264,2017-04-03,29.0,0.01,26.29
11265,2017-04-04,29.06,0.8,29.79
11266,2017-04-05,27.09,8.97,45.95
11267,2017-04-06,26.53,0.21,44.4
11268,2017-04-07,24.47,0.14,34.1
11269,2017-04-08,23.68,0.0,29.59
11270,2017-04-09,23.14,0.0,23.41
11271,2017-04-10,24.49,0.0,23.93
11272,2017-04-11,26.36,0.0,26.4
11273,2017-04-12,28.28,0.0,24.94
11274,2017-04-13,29.44,0.0,22.29
11275,2017-04-14,31.21,0.0,21.85
11276,2017-04-15,32.24,0.0,20.37
11277,2017-04-16,32.65,0.0,20.27
11278,2017-04-17,33.99,0.0,15.8
11279,2017-04-18,35.09,0.0,14.47
11280,2017-04-19,34.3,0.0,12.77
11281,2017-04-20,35.89,0.0,13.95
11282,2017-04-21,36.09,0.24,19.34
11283,2017-04-22,33.96,3.75,31.43
11284,2017-04-23,30.55,3.93,38.77
11285,2017-04-24,28.47,3.4,38.08
11286,2017-04-25,28.96,0.0,32.39
11287,2017-04-26,30.43,0.01,26.31
11288,2017-04-27,31.38,0.58,25.66
11289,2017-04-28,32.74,0.04,22.03
11290,2017-04-29,32.67,0.0,22.46
11291,2017-04-30,31.01,1.95,29.12
11292,2017-05-01,30.41,0.46,20.7
11293,2017-05-02,30.71,0.0,21.22
11294,2017-05-03,29.86,0.03,33.65
11295,2017-05-04,31.72,0.0,28.59
11296,2017-05-05,33.09,0.0,19.82
11297,2017-05-06,34.29,0.0,18.95
11298,2017-05-07,35.91,0.0,18.14
11299,2017-05-08,36.54,0.0,18.17
11300,2017-05-09,36.98,0.01,15.8
11301,2017-05-10,36.11,0.0,18.47
11302,2017-05-11,35.85,0.28,20.05
11303,2017-05-12,35.83,0.0,19.65
11304,2017-05-13,36.57,0.12,20.87
11305,2017-05-14,37.33,0.01,18.88
11306,2017-05-15,37.65,0.0,18.49
11307,2017-05-16,36.3,0.16,22.96
11308,2017-05-17,35.06,0.23,23.76
11309,2017-05-18,34.98,0.79,25.57
11310,2017-05-19,36.37,0.58,22.43
11311,2017-05-20,35.62,3.42,25.8
11312,2017-05-21,33.71,6.18,34.73
11313,2017-05-22,30.97,4.4,46.76
11314,2017-05-23,33.41,0.0,34.92
11315,2017-05-24,35.46,0.0,29.11
11316,2017-05-25,36.71,0.0,25.06
11317,2017-05-26,37.56,0.0,21.95
11318,2017-05-27,38.35,0.18,17.13
11319,2017-05-28,37.15,0.0,18.8
11320,2017-05-29,35.71,1.69,27.48
11321,2017-05-30,35.38,1.36,31.9
11322,2017-05-31,33.8,7.55,39.32
11323,2017-06-01,33.62,0.27,32.3
11324,2017-06-02,34.64,0.0,24.19
11325,2017-06-03,37.49,0.0,21.14
11326,2017-06-04,39.48,0.0,17.15
11327,2017-06-05,39.73,0.0,21.1
11328,2017-06-06,39.36,0.01,25.43
11329,2017-06-07,33.89,29.85,45.4
11330,2017-06-08,33.7,0.74,41.88
11331,2017-06-09,32.88,3.97,44.66
11332,2017-06-10,34.6,0.16,38.52
11333,2017-06-11,34.28,0.84,34.71
11334,2017-06-12,33.73,0.0,34.18
11335,2017-06-13,35.7,0.0,32.0
11336,2017-06-14,36.68,0.86,29.38
11337,2017-06-15,36.37,1.23,33.51
11338,2017-06-16,36.17,2.28,37.76
11339,2017-06-17,35.54,0.57,36.37
11340,2017-06-18,33.57,8.98,52.95
11341,2017-06-19,35.56,5.04,47.54
11342,2017-06-20,33.26,14.57,54.88
11343,2017-06-21,30.79,14.7,57.14
11344,2017-06-22,31.56,5.86,50.89
11345,2017-06-23,33.07,1.27,44.56
11346,2017-06-24,34.33,0.0,42.9
11347,2017-06-25,35.3,0.0,39.74
11348,2017-06-26,35.97,0.03,40.62
11349,2017-06-27,35.23,8.0,45.6
11350,2017-06-28,32.84,11.73,54.95
11351,2017-06-29,29.71,17.61,72.54
11352,2017-06-30,29.49,16.36,74.95
11353,2017-07-01,32.65,1.33,59.51
11354,2017-07-02,33.45,3.62,57.97
11355,2017-07-03,33.52,3.07,53.63
11356,2017-07-04,35.17,1.95,47.85
11357,2017-07-05,34.38,11.51,55.55
11358,2017-07-06,34.58,1.52,49.96
11359,2017-07-07,32.14,2.95,56.19
11360,2017-07-08,34.14,0.0,48.26
11361,2017-07-09,35.18,0.03,45.5
11362,2017-07-10,35.47,1.12,42.07
11363,2017-07-11,32.82,31.59,57.62
11364,2017-07-12,30.38,28.21,69.11
11365,2017-07-13,31.41,2.26,64.58
11366,2017-07-14,32.96,0.45,58.18
11367,2017-07-15,33.45,0.45,57.37
11368,2017-07-16,32.89,2.88,61.22
11369,2017-07-17,33.32,2.93,59.02
11370,2017-07-18,32.12,5.01,64.78
11371,2017-07-19,32.91,0.82,59.37
11372,2017-07-20,33.58,0.04,55.65
11373,2017-07-21,32.67,2.65,56.99
11374,2017-07-22,32.47,3.24,59.2
11375,2017-07-23,31.7,15.86,65.97
11376,2017-07-24,30.79,6.59,69.86
11377,2017-07-25,31.44,1.52,66.27
11378,2017-07-26,32.33,1.15,62.05
11379,2017-07-27,32.16,14.1,62.1
11380,2017-07-28,30.73,14.46,68.99
11381,2017-07-29,30.05,2.03,72.38
11382,2017-07-30,31.18,1.81,67.57
11383,2017-07-31,30.08,2.87,73.25
11384,2017-08-01,28.71,26.12,83.76
11385,2017-08-02,30.15,13.34,76.66
11386,2017-08-03,31.52,5.72,66.94
11387,2017-08-04,31.5,8.77,64.02
11388,2017-08-05,31.48,8.89,65.35
11389,2017-08-06,31.92,2.64,63.98
11390,2017-08-07,30.46,9.5,70.75
11391,2017-08-08,30.98,13.07,70.26
11392,2017-08-09,32.04,2.33,66.0
11393,2017-08-10,32.61,0.97,63.5
11394,2017-08-11,32.79,2.37,60.4
11395,2017-08-12,32.16,4.23,61.62
11396,2017-08-13,32.22,3.09,61.84
11397,2017-08-14,30.86,5.83,64.33
11398,2017-08-15,31.41,9.13,64.9
11399,2017-08-16,31.43,0.0,59.46
11400,2017-08-17,31.63,0.0,56.05
11401,2017-08-18,32.23,0.0,52.38
11402,2017-08-19,30.68,6.56,63.18
11403,2017-08-20,29.48,29.11,77.95
11404,2017-08-21,29.7,19.06,75.66
11405,2017-08-22,30.3,2.6,71.03
11406,2017-08-23,30.1,3.44,69.88
11407,2017-08-24,30.19,3.08,69.65
11408,2017-08-25,30.61,14.99,69.08
11409,2017-08-26,30.33,0.37,68.04
11410,2017-08-27,30.31,0.08,66.8
11411,2017-08-28,29.42,0.1,68.04
11412,2017-08-29,29.71,2.97,69.88
11413,2017-08-30,30.08,1.5,70.26
11414,2017-08-31,29.33,17.93,78.91
11415,2017-09-01,28.14,32.8,85.01
11416,2017-09-02,28.24,8.36,80.28
11417,2017-09-03,28.87,0.04,70.27
11418,2017-09-04,29.02,1.82,70.67
11419,2017-09-05,29.68,0.69,71.42
11420,2017-09-06,29.67,3.15,68.26
11421,2017-09-07,29.42,2.84,67.94
11422,2017-09-08,29.54,0.1,64.69
11423,2017-09-09,29.66,0.15,62.36
11424,2017-09-10,29.37,0.98,60.41
11425,2017-09-11,30.13,0.01,59.71
11426,2017-09-12,30.08,0.0,60.24
11427,2017-09-13,29.86,0.0,60.39
11428,2017-09-14,30.11,0.02,59.0
11429,2017-09-15,29.98,0.0,55.57
11430,2017-09-16,30.15,0.0,50.57
11431,2017-09-17,29.5,0.0,48.16
11432,2017-09-18,28.86,0.0,43.72
11433,2017-09-19,29.7,0.0,33.51
11434,2017-09-20,29.9,0.0,31.23
11435,2017-09-21,29.3,0.0,36.56
11436,2017-09-22,28.02,0.94,57.89
11437,2017-09-23,25.83,19.01,70.33
11438,2017-09-24,26.62,0.02,56.22
11439,2017-09-25,28.89,0.0,43.21
11440,2017-09-26,28.69,0.0,41.53
11441,2017-09-27,29.34,0.15,42.38
11442,2017-09-28,29.59,0.0,43.28
11443,2017-09-29,28.84,0.0,47.28
11444,2017-09-30,28.51,0.0,39.35
11445,2017-10-01,28.66,0.0,32.75
11446,2017-10-02,28.54,0.0,36.89
11447,2017-10-03,28.33,0.0,37.81
11448,2017-10-04,27.7,0.0,37.82
11449,2017-10-05,28.06,0.0,41.11
11450,2017-10-06,27.7,0.0,41.58
11451,2017-10-07,27.85,0.0,42.94
11452,2017-10-08,28.41,0.0,41.19
11453,2017-10-09,28.28,0.0,40.42
11454,2017-10-10,28.08,0.0,41.17
11455,2017-10-11,28.76,0.0,38.26
11456,2017-10-12,27.82,0.0,41.76
11457,2017-10-13,27.43,0.0,40.01
11458,2017-10-14,27.07,0.0,38.29
11459,2017-10-15,27.57,0.0,33.41
11460,2017-10-16,26.82,0.0,35.15
11461,2017-10-17,25.71,0.0,36.21
11462,2017-10-18,25.96,0.0,30.33
11463,2017-10-19,26.48,0.0,29.91
11464,2017-10-20,26.29,0.0,31.2
11465,2017-10-21,26.04,0.0,30.02
11466,2017-10-22,25.6,0.0,27.4
11467,2017-10-23,24.29,0.0,32.34
11468,2017-10-24,23.8,0.0,34.59
11469,2017-10-25,23.76,0.0,30.35
11470,2017-10-26,22.64,0.0,30.93
11471,2017-10-27,22.08,0.0,36.32
11472,2017-10-28,22.77,0.0,33.96
11473,2017-10-29,21.79,0.0,36.98
11474,2017-10-30,21.59,0.0,38.66
11475,2017-10-31,21.97,0.0,39.76
11476,2017-11-01,20.87,0.0,46.5
11477,2017-11-02,21.93,0.0,43.63
11478,2017-11-03,22.22,0.0,42.0
11479,2017-11-04,21.94,0.0,43.64
11480,2017-11-05,21.31,0.0,46.38
11481,2017-11-06,21.08,0.0,44.83
11482,2017-11-07,21.03,0.0,41.8
11483,2017-11-08,20.85,0.0,42.04
11484,2017-11-09,21.5,0.0,38.4
11485,2017-11-10,21.28,0.0,37.46
11486,2017-11-11,21.23,0.0,36.99
11487,2017-11-12,19.55,0.0,37.3
11488,2017-11-13,19.96,0.0,33.81
11489,2017-11-14,18.4,0.08,45.16
11490,2017-11-15,18.4,2.86,51.48
11491,2017-11-16,18.66,2.67,52.78
11492,2017-11-17,18.04,0.36,50.58
11493,2017-11-18,17.5,0.21,51.56
11494,2017-11-19,16.3,0.04,43.3
11495,2017-11-20,16.41,0.05,39.79
11496,2017-11-21,16.0,0.0,40.97
11497,2017-11-22,15.21,0.0,34.85
11498,2017-11-23,16.83,0.0,27.84
11499,2017-11-24,16.58,0.0,27.38
11500,2017-11-25,16.91,0.0,27.5
11501,2017-11-26,17.13,0.0,28.66
11502,2017-11-27,16.86,0.0,33.22
11503,2017-11-28,18.16,0.0,30.68
11504,2017-11-29,18.09,0.0,30.52
11505,2017-11-30,17.44,0.0,31.09
11506,2017-12-01,17.56,0.0,28.26
11507,2017-12-02,17.48,0.0,29.01
11508,2017-12-03,16.67,0.0,33.41
11509,2017-12-04,16.62,0.0,32.89
11510,2017-12-05,15.38,0.0,33.98
11511,2017-12-06,14.89,0.0,26.19
11512,2017-12-07,14.7,0.02,22.18
11513,2017-12-08,15.16,0.0,25.33
11514,2017-12-09,17.06,0.0,23.64
11515,2017-12-10,16.89,0.0,26.95
11516,2017-12-11,12.68,13.6,61.29
11517,2017-12-12,14.45,4.71,76.77
11518,2017-12-13,12.62,0.35,70.38
11519,2017-12-14,11.33,0.7,70.91
11520,2017-12-15,10.85,0.0,55.3
11521,2017-12-16,10.4,0.0,47.13
11522,2017-12-17,11.43,0.0,41.56
11523,2017-12-18,13.28,0.0,39.69
11524,2017-12-19,14.46,0.0,42.56
11525,2017-12-20,15.44,0.0,45.4
11526,2017-12-21,16.45,0.0,45.95
11527,2017-12-22,14.9,0.0,46.28
11528,2017-12-23,13.92,0.0,44.56
11529,2017-12-24,14.55,0.0,42.62
11530,2017-12-25,13.54,0.0,43.76
11531,2017-12-26,14.28,0.0,38.71
11532,2017-12-27,16.3,0.0,35.14
11533,2017-12-28,15.35,0.0,40.07
11534,2017-12-29,13.64,0.0,39.75
11535,2017-12-30,13.89,0.0,30.27
11536,2017-12-31,14.14,0.0,27.96
11537,2018-01-01,12.93,0.0,29.8
11538,2018-01-02,12.48,0.0,33.33
11539,2018-01-03,11.64,0.0,36.26
11540,2018-01-04,12.51,0.0,35.01
11541,2018-01-05,11.62,0.0,39.08
11542,2018-01-06,10.97,0.0,46.71
11543,2018-01-07,10.79,0.0,45.6
11544,2018-01-08,11.6,0.0,40.58
11545,2018-01-09,12.09,0.0,37.63
11546,2018-01-10,11.45,0.0,37.23
11547,2018-01-11,12.61,0.0,37.06
11548,2018-01-12,14.29,0.0,34.92
11549,2018-01-13,14.28,0.0,33.32
11550,2018-01-14,13.68,0.0,33.68
11551,2018-01-15,12.34,0.0,35.78
11552,2018-01-16,13.24,0.0,29.14
11553,2018-01-17,13.53,0.0,30.81
11554,2018-01-18,15.48,0.0,32.01
11555,2018-01-19,13.69,0.0,34.08
11556,2018-01-20,12.51,0.0,33.21
11557,2018-01-21,13.51,0.0,24.47
11558,2018-01-22,13.82,0.0,25.92
11559,2018-01-23,8.23,16.84,69.43
11560,2018-01-24,10.36,0.22,78.26
11561,2018-01-25,11.01,0.0,53.56
11562,2018-01-26,12.92,0.0,41.06
11563,2018-01-27,12.06,0.0,40.21
11564,2018-01-28,12.99,0.0,37.28
11565,2018-01-29,14.21,0.0,36.25
11566,2018-01-30,15.76,0.0,37.78
11567,2018-01-31,15.62,0.0,42.56
11568,2018-02-01,17.96,0.0,39.64
11569,2018-02-02,15.05,0.0,39.27
11570,2018-02-03,14.04,0.0,33.67
11571,2018-02-04,13.31,0.0,32.49
11572,2018-02-05,14.25,0.0,26.29
11573,2018-02-06,12.65,0.0,27.23
11574,2018-02-07,12.68,0.0,28.17
11575,2018-02-08,13.27,0.0,27.03
11576,2018-02-09,13.86,0.0,26.4
11577,2018-02-10,16.08,0.0,24.19
11578,2018-02-11,14.03,0.78,41.6
11579,2018-02-12,12.84,17.41,80.8
11580,2018-02-13,13.52,0.73,69.28
11581,2018-02-14,14.12,0.0,57.76
11582,2018-02-15,15.5,0.0,53.39
11583,2018-02-16,16.73,0.0,54.16
11584,2018-02-17,18.22,0.0,41.51
11585,2018-02-18,16.95,0.0,32.38
11586,2018-02-19,18.98,0.0,31.59
11587,2018-02-20,20.08,0.0,37.94
11588,2018-02-21,21.06,0.14,40.29
11589,2018-02-22,20.22,0.0,41.1
11590,2018-02-23,21.58,0.13,35.02
11591,2018-02-24,20.7,3.59,47.0
11592,2018-02-25,19.79,0.57,51.27
11593,2018-02-26,19.25,0.0,48.32
11594,2018-02-27,21.57,0.0,45.38
11595,2018-02-28,21.15,0.0,44.85
11596,2018-03-01,21.55,0.12,42.6
11597,2018-03-02,22.69,0.16,43.07
11598,2018-03-03,19.2,1.23,60.47
11599,2018-03-04,19.71,0.07,54.41
11600,2018-03-05,20.02,0.0,42.95
11601,2018-03-06,19.58,0.0,41.04
11602,2018-03-07,20.62,0.0,35.48
11603,2018-03-08,22.65,0.0,31.74
11604,2018-03-09,22.37,0.0,35.37
11605,2018-03-10,21.96,0.0,38.12
11606,2018-03-11,22.42,0.0,41.64
11607,2018-03-12,24.3,0.0,36.88
11608,2018-03-13,26.59,0.0,27.27
11609,2018-03-14,24.88,0.0,24.09
11610,2018-03-15,23.58,0.04,29.18
11611,2018-03-16,23.13,0.36,31.62
11612,2018-03-17,21.6,0.0,27.48
11613,2018-03-18,22.59,0.0,25.06
11614,2018-03-19,24.51,0.0,24.71
11615,2018-03-20,25.27,0.77,32.47
11616,2018-03-21,23.11,3.32,46.79
11617,2018-03-22,22.35,1.32,48.86
11618,2018-03-23,23.08,0.0,39.53
11619,2018-03-24,24.13,0.0,35.58
11620,2018-03-25,24.89,0.0,28.23
11621,2018-03-26,25.41,0.0,24.01
11622,2018-03-27,28.12,0.0,18.0
11623,2018-03-28,28.18,0.0,16.05
11624,2018-03-29,27.26,0.0,19.24
11625,2018-03-30,26.86,0.0,15.03
11626,2018-03-31,27.82,0.0,11.22
11627,2018-04-01,26.72,0.0,14.49
11628,2018-04-02,27.33,0.0,20.88
11629,2018-04-03,28.0,0.08,22.34
11630,2018-04-04,29.97,0.06,25.54
11631,2018-04-05,30.34,0.02,28.32
11632,2018-04-06,30.83,0.12,27.2
11633,2018-04-07,29.84,0.14,27.67
11634,2018-04-08,28.91,3.56,36.81
11635,2018-04-09,28.2,2.62,42.53
11636,2018-04-10,24.89,8.14,57.31
11637,2018-04-11,26.59,2.08,54.78
11638,2018-04-12,25.71,0.01,46.21
11639,2018-04-13,26.41,0.0,30.0
11640,2018-04-14,28.41,0.0,27.63
11641,2018-04-15,29.95,0.0,28.83
11642,2018-04-16,30.29,0.45,31.59
11643,2018-04-17,30.07,0.08,32.06
11644,2018-04-18,29.96,0.01,32.11
11645,2018-04-19,30.04,0.02,23.63
11646,2018-04-20,28.18,1.43,27.69
11647,2018-04-21,25.54,0.0,35.11
11648,2018-04-22,25.68,0.0,28.48
11649,2018-04-23,28.43,0.0,23.02
11650,2018-04-24,30.42,0.0,18.4
11651,2018-04-25,32.51,0.0,17.27
11652,2018-04-26,33.59,0.0,19.2
11653,2018-04-27,33.69,0.04,19.37
11654,2018-04-28,34.33,0.04,19.59
11655,2018-04-29,34.34,0.41,17.83
11656,2018-04-30,34.84,0.0,15.57
11657,2018-05-01,35.12,0.0,14.61
11658,2018-05-02,34.06,0.82,18.09
11659,2018-05-03,33.35,1.27,22.91
11660,2018-05-04,33.2,0.0,29.26
11661,2018-05-05,34.08,0.05,22.97
11662,2018-05-06,32.36,0.3,26.18
11663,2018-05-07,31.9,1.49,28.31
11664,2018-05-08,28.62,2.52,40.48
11665,2018-05-09,30.37,0.04,31.96
11666,2018-05-10,32.4,0.0,25.32
11667,2018-05-11,34.71,0.0,22.48
11668,2018-05-12,36.81,0.29,20.71
11669,2018-05-13,35.39,1.82,25.8
11670,2018-05-14,31.99,1.16,29.56
11671,2018-05-15,33.17,0.0,26.73
11672,2018-05-16,34.08,0.19,26.24
11673,2018-05-17,34.29,0.0,21.41
11674,2018-05-18,33.47,0.0,22.72
11675,2018-05-19,34.63,0.0,20.95
11676,2018-05-20,34.6,0.04,15.38
11677,2018-05-21,34.97,0.0,13.32
11678,2018-05-22,36.04,0.0,13.33
11679,2018-05-23,35.73,0.0,11.03
11680,2018-05-24,35.26,0.0,10.46
11681,2018-05-25,36.26,0.0,10.04
11682,2018-05-26,36.88,0.0,9.46
11683,2018-05-27,37.09,0.0,9.9
11684,2018-05-28,37.42,0.0,12.84
11685,2018-05-29,38.26,0.0,10.49
11686,2018-05-30,37.28,0.0,14.19
11687,2018-05-31,37.94,0.0,15.45
11688,2018-06-01,37.98,0.01,15.89
11689,2018-06-02,35.59,2.58,28.52
11690,2018-06-03,36.32,0.0,27.08
11691,2018-06-04,36.83,0.0,29.76
11692,2018-06-05,37.3,6.6,37.46
11693,2018-06-06,34.9,9.21,49.09
11694,2018-06-07,36.82,0.0,39.79
11695,2018-06-08,36.82,8.05,40.12
11696,2018-06-09,33.5,15.03,55.15
11697,2018-06-10,35.15,0.72,45.23
11698,2018-06-11,36.2,0.18,38.89
11699,2018-06-12,37.38,0.0,28.72
11700,2018-06-13,37.75,0.07,27.4
11701,2018-06-14,37.47,0.18,30.39
11702,2018-06-15,36.6,1.42,35.45
11703,2018-06-16,34.59,12.77,49.97
11704,2018-06-17,31.76,15.69,57.74
11705,2018-06-18,32.7,0.98,45.43
11706,2018-06-19,33.63,0.0,42.9
11707,2018-06-20,35.48,0.05,39.05
11708,2018-06-21,36.3,0.03,36.49
11709,2018-06-22,36.55,0.0,33.08
11710,2018-06-23,36.87,0.07,32.8
11711,2018-06-24,36.84,0.0,29.35
11712,2018-06-25,37.21,0.74,30.48
11713,2018-06-26,36.56,1.54,36.16
11714,2018-06-27,32.49,18.53,54.08
11715,2018-06-28,28.89,44.92,75.15
11716,2018-06-29,30.66,22.45,69.71
11717,2018-06-30,32.72,1.23,59.4
11718,2018-07-01,33.72,0.86,57.33
11719,2018-07-02,33.61,23.92,62.74
11720,2018-07-03,31.58,28.57,68.94
11721,2018-07-04,30.81,4.26,68.75
11722,2018-07-05,30.89,0.2,63.79
11723,2018-07-06,31.6,0.0,60.25
11724,2018-07-07,32.28,0.0,52.23
11725,2018-07-08,33.83,0.0,48.97
11726,2018-07-09,34.8,0.53,48.54
11727,2018-07-10,34.16,2.97,55.4
11728,2018-07-11,32.88,13.25,60.87
11729,2018-07-12,33.5,12.34,60.41
11730,2018-07-13,31.42,23.64,71.52
11731,2018-07-14,31.18,5.15,70.08
11732,2018-07-15,31.13,6.55,74.62
11733,2018-07-16,29.9,50.63,82.9
11734,2018-07-17,29.31,23.81,82.35
11735,2018-07-18,30.27,4.35,77.59
11736,2018-07-19,30.47,2.93,76.54
11737,2018-07-20,31.13,2.82,73.95
11738,2018-07-21,30.76,9.04,77.28
11739,2018-07-22,29.73,2.76,81.21
11740,2018-07-23,29.61,8.81,81.63
11741,2018-07-24,30.57,3.13,75.78
11742,2018-07-25,31.48,18.2,75.46
11743,2018-07-26,29.73,28.89,80.1
11744,2018-07-27,29.32,7.49,81.35
11745,2018-07-28,29.32,7.28,79.93
11746,2018-07-29,30.26,1.37,74.82
11747,2018-07-30,30.59,1.92,73.9
11748,2018-07-31,30.73,4.24,70.84
11749,2018-08-01,30.28,1.46,70.11
11750,2018-08-02,30.67,0.24,66.52
11751,2018-08-03,30.51,0.43,65.25
11752,2018-08-04,30.83,2.53,67.89
11753,2018-08-05,30.8,5.02,68.58
11754,2018-08-06,27.64,8.99,82.78
11755,2018-08-07,26.85,19.23,85.15
11756,2018-08-08,28.95,5.98,79.45
11757,2018-08-09,30.26,5.73,74.37
11758,2018-08-10,31.13,0.77,69.19
11759,2018-08-11,31.82,1.16,68.38
11760,2018-08-12,30.56,20.0,72.02
11761,2018-08-13,28.71,12.57,78.55
11762,2018-08-14,29.06,3.35,78.43
11763,2018-08-15,31.04,0.41,69.98
11764,2018-08-16,30.54,0.0,72.11
11765,2018-08-17,30.59,7.25,72.94
11766,2018-08-18,29.96,7.07,76.0
11767,2018-08-19,30.96,1.23,71.36
11768,2018-08-20,31.61,1.48,68.38
11769,2018-08-21,30.04,4.68,76.95
11770,2018-08-22,30.99,4.95,73.69
11771,2018-08-23,31.08,8.74,71.69
11772,2018-08-24,31.31,2.85,64.86
11773,2018-08-25,31.59,0.51,61.31
11774,2018-08-26,31.06,0.51,62.96
11775,2018-08-27,31.32,0.66,64.63
11776,2018-08-28,30.53,0.01,67.08
11777,2018-08-29,30.29,7.2,69.34
11778,2018-08-30,30.27,7.92,70.06
11779,2018-08-31,31.77,0.55,60.55
11780,2018-09-01,31.28,5.78,62.27
11781,2018-09-02,29.89,5.33,63.62
11782,2018-09-03,28.09,6.76,74.76
11783,2018-09-04,29.56,1.31,66.86
11784,2018-09-05,30.39,1.28,62.34
11785,2018-09-06,30.84,2.43,60.21
11786,2018-09-07,29.53,8.09,74.13
11787,2018-09-08,29.49,2.27,72.16
11788,2018-09-09,28.84,6.33,73.56
11789,2018-09-10,29.28,4.95,72.76
11790,2018-09-11,30.17,1.59,67.34
11791,2018-09-12,30.49,6.19,62.56
11792,2018-09-13,29.58,8.35,58.31
11793,2018-09-14,28.76,0.75,58.65
11794,2018-09-15,28.73,0.0,59.92
11795,2018-09-16,27.69,0.0,63.69
11796,2018-09-17,28.04,0.0,57.13
11797,2018-09-18,27.66,0.0,54.98
11798,2018-09-19,27.96,0.96,54.33
11799,2018-09-20,28.95,0.0,52.45
11800,2018-09-21,28.91,2.86,66.17
11801,2018-09-22,25.1,23.63,84.8
11802,2018-09-23,23.55,65.82,92.14
11803,2018-09-24,23.06,72.94,92.35
11804,2018-09-25,25.15,5.84,82.62
11805,2018-09-26,25.92,0.0,73.04
11806,2018-09-27,25.61,0.0,68.06
11807,2018-09-28,25.86,4.67,68.14
11808,2018-09-29,26.28,0.72,65.16
11809,2018-09-30,26.15,0.0,63.59
11810,2018-10-01,26.82,0.0,61.15
11811,2018-10-02,26.21,0.0,61.57
11812,2018-10-03,26.31,0.0,62.8
11813,2018-10-04,25.76,1.54,61.74
11814,2018-10-05,25.34,0.0,61.88
11815,2018-10-06,25.29,0.0,59.01
11816,2018-10-07,24.9,0.0,59.0
11817,2018-10-08,25.07,0.0,60.39
11818,2018-10-09,25.19,0.02,62.42
11819,2018-10-10,24.83,3.81,66.66
11820,2018-10-11,24.28,1.57,70.52
11821,2018-10-12,23.87,0.0,64.34
11822,2018-10-13,24.02,0.0,52.4
11823,2018-10-14,23.72,0.0,49.16
11824,2018-10-15,23.63,0.0,50.23
11825,2018-10-16,22.86,0.0,59.19
11826,2018-10-17,23.9,0.0,54.99
11827,2018-10-18,24.12,0.0,53.9
11828,2018-10-19,23.61,0.0,52.14
11829,2018-10-20,23.39,0.0,46.93
11830,2018-10-21,23.18,0.0,46.22
11831,2018-10-22,23.32,0.0,43.38
11832,2018-10-23,22.65,0.0,42.08
11833,2018-10-24,22.2,0.0,45.44
11834,2018-10-25,21.89,0.0,48.7
11835,2018-10-26,22.46,0.0,48.33
11836,2018-10-27,22.83,0.0,47.81
11837,2018-10-28,22.46,0.0,51.1
11838,2018-10-29,22.88,0.0,51.35
11839,2018-10-30,22.5,0.0,51.08
11840,2018-10-31,21.99,0.0,55.29
11841,2018-11-01,20.59,0.07,61.41
11842,2018-11-02,21.77,0.16,65.18
11843,2018-11-03,20.66,1.62,73.58
11844,2018-11-04,18.94,0.08,58.36
11845,2018-11-05,18.2,0.0,45.68
11846,2018-11-06,17.4,0.0,51.21
11847,2018-11-07,18.11,0.0,37.47
11848,2018-11-08,18.75,0.0,38.74
11849,2018-11-09,19.95,0.0,37.27
11850,2018-11-10,19.08,0.0,39.32
11851,2018-11-11,18.22,0.0,49.14
11852,2018-11-12,20.72,0.0,46.66
11853,2018-11-13,20.16,0.03,53.15
11854,2018-11-14,18.9,4.32,62.79
11855,2018-11-15,18.31,0.06,62.46
11856,2018-11-16,17.53,0.0,53.49
11857,2018-11-17,18.9,0.0,43.13
11858,2018-11-18,19.76,0.0,41.51
11859,2018-11-19,20.21,0.0,47.67
11860,2018-11-20,19.29,0.0,51.84
11861,2018-11-21,18.93,0.0,47.58
11862,2018-11-22,18.24,0.0,42.29
11863,2018-11-23,17.36,0.0,51.72
11864,2018-11-24,17.18,0.0,48.62
11865,2018-11-25,19.04,0.0,40.16
11866,2018-11-26,18.92,0.0,41.06
11867,2018-11-27,16.26,0.0,57.82
11868,2018-11-28,18.53,0.0,49.61
11869,2018-11-29,16.98,0.0,52.0
11870,2018-11-30,17.54,0.0,48.14
11871,2018-12-01,17.58,0.0,40.68
11872,2018-12-02,16.39,0.0,45.53
11873,2018-12-03,16.68,0.0,47.0
11874,2018-12-04,16.9,0.0,46.13
11875,2018-12-05,16.53,0.0,47.44
11876,2018-12-06,15.28,0.0,52.81
11877,2018-12-07,15.33,0.0,52.66
11878,2018-12-08,15.46,0.0,48.59
11879,2018-12-09,15.88,0.0,46.75
11880,2018-12-10,14.82,0.42,55.74
11881,2018-12-11,15.71,0.33,61.76
11882,2018-12-12,13.76,5.44,73.13
11883,2018-12-13,13.14,0.12,74.26
11884,2018-12-14,12.67,0.0,66.64
11885,2018-12-15,11.77,0.0,56.22
11886,2018-12-16,11.36,0.0,48.02
11887,2018-12-17,11.65,0.0,43.52
11888,2018-12-18,12.62,0.0,39.61
11889,2018-12-19,13.29,0.0,36.37
11890,2018-12-20,12.35,0.0,37.3
11891,2018-12-21,11.85,0.0,38.23
11892,2018-12-22,11.97,0.0,38.4
11893,2018-12-23,10.81,0.0,46.78
11894,2018-12-24,10.01,0.0,49.29
11895,2018-12-25,9.74,0.0,47.67
11896,2018-12-26,10.92,0.0,41.83
11897,2018-12-27,9.95,0.0,45.25
11898,2018-12-28,8.2,0.0,47.85
11899,2018-12-29,9.95,0.0,40.58
11900,2018-12-30,11.29,0.0,40.02
11901,2018-12-31,10.37,0.0,45.33
11902,2019-01-01,9.43,0.0,49.53
11903,2019-01-02,11.64,0.04,54.98
11904,2019-01-03,10.92,0.0,65.22
11905,2019-01-04,11.15,0.01,53.05
11906,2019-01-05,12.13,0.45,53.59
11907,2019-01-06,9.95,1.5,84.0
11908,2019-01-07,10.83,0.0,71.47
11909,2019-01-08,12.04,0.0,58.07
11910,2019-01-09,11.56,0.0,60.77
11911,2019-01-10,12.27,0.0,46.0
11912,2019-01-11,13.29,0.04,50.36
11913,2019-01-12,12.66,0.37,63.03
11914,2019-01-13,12.02,0.7,62.62
11915,2019-01-14,9.76,0.0,48.72
11916,2019-01-15,9.71,0.0,37.49
11917,2019-01-16,13.73,0.0,26.38
11918,2019-01-17,11.88,0.0,44.12
11919,2019-01-18,11.78,0.0,47.27
11920,2019-01-19,12.83,0.0,55.04
11921,2019-01-20,14.15,0.96,64.3
11922,2019-01-21,13.76,12.66,69.56
11923,2019-01-22,11.42,23.53,87.77
11924,2019-01-23,11.14,0.2,73.95
11925,2019-01-24,10.67,0.27,63.12
11926,2019-01-25,9.72,0.31,59.72
11927,2019-01-26,9.41,0.01,57.31
11928,2019-01-27,8.74,0.0,54.72
11929,2019-01-28,8.61,0.01,50.41
11930,2019-01-29,9.74,0.0,45.94
11931,2019-01-30,10.87,0.35,55.43
11932,2019-01-31,10.77,1.34,73.03
11933,2019-02-01,11.27,1.02,65.87
11934,2019-02-02,12.26,0.21,60.97
11935,2019-02-03,13.12,0.0,52.99
11936,2019-02-04,14.4,0.0,47.46
11937,2019-02-05,16.0,0.0,43.36
11938,2019-02-06,15.53,0.7,56.07
11939,2019-02-07,13.29,32.77,84.74
11940,2019-02-08,11.1,0.45,68.94
11941,2019-02-09,11.02,0.13,61.28
11942,2019-02-10,11.84,0.0,50.12
11943,2019-02-11,13.74,0.0,47.76
11944,2019-02-12,14.96,0.0,46.39
11945,2019-02-13,15.89,0.0,51.15
11946,2019-02-14,15.04,11.17,72.85
11947,2019-02-15,13.72,7.11,84.54
11948,2019-02-16,14.29,0.01,74.57
11949,2019-02-17,13.67,0.0,63.0
11950,2019-02-18,14.09,5.0,65.67
11951,2019-02-19,14.22,0.14,65.99
11952,2019-02-20,15.03,10.25,74.92
11953,2019-02-21,15.55,8.82,85.17
11954,2019-02-22,14.06,0.12,71.75
11955,2019-02-23,13.18,0.0,63.03
11956,2019-02-24,14.98,0.0,48.73
11957,2019-02-25,14.39,0.01,54.34
11958,2019-02-26,14.38,1.73,53.43
11959,2019-02-27,12.5,2.83,66.67
11960,2019-02-28,13.56,0.0,53.97
11961,2019-03-01,14.34,0.0,52.12
11962,2019-03-02,13.34,4.77,75.07
11963,2019-03-03,14.87,3.63,77.31
11964,2019-03-04,15.78,0.56,70.23
11965,2019-03-05,16.47,0.02,60.37
11966,2019-03-06,17.01,0.0,53.01
11967,2019-03-07,17.02,0.0,52.06
11968,2019-03-08,16.55,0.13,57.22
11969,2019-03-09,16.77,0.0,62.27
11970,2019-03-10,17.82,0.0,52.34
11971,2019-03-11,16.89,3.79,60.37
11972,2019-03-12,16.71,0.0,61.6
11973,2019-03-13,16.84,0.13,55.7
11974,2019-03-14,17.01,1.15,58.46
11975,2019-03-15,16.99,0.51,60.7
11976,2019-03-16,18.23,0.04,54.52
11977,2019-03-17,19.82,0.0,47.62
11978,2019-03-18,20.66,0.12,47.95
11979,2019-03-19,21.26,0.04,46.26
11980,2019-03-20,21.29,0.23,45.43
11981,2019-03-21,20.46,0.01,47.86
11982,2019-03-22,20.18,0.01,44.89
11983,2019-03-23,18.52,0.0,56.54
11984,2019-03-24,20.35,0.0,60.94
11985,2019-03-25,20.74,0.25,53.21
11986,2019-03-26,22.04,0.0,43.62
11987,2019-03-27,24.33,0.0,39.05
11988,2019-03-28,26.45,0.0,40.3
11989,2019-03-29,27.49,0.0,42.73
11990,2019-03-30,28.19,0.0,38.84
11991,2019-03-31,24.38,0.0,32.73
11992,2019-04-01,24.51,0.0,35.14
11993,2019-04-02,25.83,0.0,30.67
11994,2019-04-03,27.67,0.0,32.18
11995,2019-04-04,28.93,0.0,36.12
11996,2019-04-05,28.91,0.0,40.8
11997,2019-04-06,29.69,0.0,38.23
11998,2019-04-07,29.94,0.0,33.42
11999,2019-04-08,27.8,0.17,35.2
12000,2019-04-09,28.89,0.82,33.85
12001,2019-04-10,29.77,0.04,36.77
12002,2019-04-11,29.73,0.01,35.78
12003,2019-04-12,29.07,0.02,40.1
12004,2019-04-13,28.88,0.07,40.86
12005,2019-04-14,29.46,0.0,41.16
12006,2019-04-15,30.5,0.02,37.91
12007,2019-04-16,25.03,10.27,59.9
12008,2019-04-17,20.63,10.27,77.47
12009,2019-04-18,22.78,0.44,57.36
12010,2019-04-19,25.25,0.0,44.31
12011,2019-04-20,27.13,0.0,39.82
12012,2019-04-21,29.17,0.0,38.19
12013,2019-04-22,30.91,0.0,37.16
12014,2019-04-23,32.9,0.0,34.98
12015,2019-04-24,33.0,0.03,31.8
12016,2019-04-25,30.61,4.53,40.46
12017,2019-04-26,31.25,0.0,36.0
12018,2019-04-27,31.54,0.0,30.1
12019,2019-04-28,30.91,0.0,28.01
12020,2019-04-29,31.42,0.0,25.09
12021,2019-04-30,32.17,0.0,24.44
12022,2019-05-01,30.92,0.57,30.66
12023,2019-05-02,31.67,0.01,27.59
12024,2019-05-03,29.32,7.1,37.62
12025,2019-05-04,29.73,0.0,26.82
12026,2019-05-05,30.82,0.0,24.08
12027,2019-05-06,31.94,0.0,21.01
12028,2019-05-07,32.42,0.0,21.23
12029,2019-05-08,33.4,0.0,21.68
12030,2019-05-09,34.16,0.0,22.15
12031,2019-05-10,34.35,0.51,25.74
12032,2019-05-11,32.55,1.15,31.0
12033,2019-05-12,32.15,0.04,31.8
12034,2019-05-13,34.02,1.81,28.66
12035,2019-05-14,31.68,1.72,34.15
12036,2019-05-15,32.81,1.32,32.77
12037,2019-05-16,29.93,0.42,40.27
12038,2019-05-17,29.71,7.07,50.85
12039,2019-05-18,29.95,0.04,46.23
12040,2019-05-19,31.99,0.0,32.39
12041,2019-05-20,32.92,0.0,27.02
12042,2019-05-21,33.55,0.0,24.87
12043,2019-05-22,35.01,0.0,24.0
12044,2019-05-23,34.53,3.18,31.14
12045,2019-05-24,30.93,3.14,43.72
12046,2019-05-25,30.7,0.43,37.74
12047,2019-05-26,32.82,0.0,27.85
12048,2019-05-27,33.99,0.01,20.78
12049,2019-05-28,34.94,0.0,16.53
12050,2019-05-29,36.76,0.0,16.02
12051,2019-05-30,38.15,0.0,15.05
12052,2019-05-31,38.16,0.0,13.71
12053,2019-06-01,38.96,0.0,12.54
12054,2019-06-02,39.42,0.07,12.51
12055,2019-06-03,38.88,0.35,13.23
12056,2019-06-04,37.47,0.56,17.55
12057,2019-06-05,38.65,0.07,14.92
12058,2019-06-06,38.55,0.18,15.01
12059,2019-06-07,37.23,0.44,15.66
12060,2019-06-08,38.27,0.0,15.25
12061,2019-06-09,39.09,0.0,15.8
12062,2019-06-10,39.68,0.0,13.71
12063,2019-06-11,39.97,0.07,13.84
12064,2019-06-12,38.68,1.98,19.16
12065,2019-06-13,37.27,0.0,19.58
12066,2019-06-14,36.96,0.0,11.84
12067,2019-06-15,37.82,0.18,23.85
12068,2019-06-16,35.84,3.47,35.01
12069,2019-06-17,36.5,0.05,33.78
12070,2019-06-18,31.76,11.87,51.67
12071,2019-06-19,33.6,0.04,43.96
12072,2019-06-20,33.85,6.4,39.0
12073,2019-06-21,32.45,15.54,46.76
12074,2019-06-22,35.12,0.0,34.31
12075,2019-06-23,35.54,0.0,34.01
12076,2019-06-24,33.77,1.03,45.15
12077,2019-06-25,34.51,2.85,46.36
12078,2019-06-26,36.45,0.0,35.2
12079,2019-06-27,36.8,0.14,33.78
12080,2019-06-28,36.96,0.03,32.59
12081,2019-06-29,37.69,0.0,31.89
12082,2019-06-30,37.9,0.16,30.95
12083,2019-07-01,37.76,0.19,31.34
12084,2019-07-02,38.02,0.01,27.49
12085,2019-07-03,37.94,2.12,30.09
12086,2019-07-04,36.09,8.16,40.41
12087,2019-07-05,35.7,3.01,41.91
12088,2019-07-06,36.47,2.08,41.29
12089,2019-07-07,35.86,2.39,44.15
12090,2019-07-08,36.56,3.19,43.38
12091,2019-07-09,35.11,18.44,49.91
12092,2019-07-10,35.64,1.66,45.28
12093,2019-07-11,35.38,8.2,46.21
12094,2019-07-12,33.95,38.61,53.99
12095,2019-07-13,34.09,9.2,53.02
12096,2019-07-14,31.65,23.57,64.28
12097,2019-07-15,30.53,19.34,68.92
12098,2019-07-16,29.46,22.73,74.21
12099,2019-07-17,28.57,2.24,74.76
12100,2019-07-18,30.03,3.04,69.87
12101,2019-07-19,30.72,1.05,68.09
12102,2019-07-20,31.32,2.32,67.06
12103,2019-07-21,31.8,2.62,64.87
12104,2019-07-22,32.56,1.66,62.75
12105,2019-07-23,33.74,0.44,57.02
12106,2019-07-24,34.46,2.47,50.77
12107,2019-07-25,30.3,25.94,75.18
12108,2019-07-26,29.48,8.93,79.26
12109,2019-07-27,29.32,7.3,78.31
12110,2019-07-28,30.04,4.93,77.23
12111,2019-07-29,29.54,5.85,80.08
12112,2019-07-30,31.23,0.51,70.11
12113,2019-07-31,30.65,4.35,70.02
12114,2019-08-01,29.51,43.59,78.95
12115,2019-08-02,29.82,19.99,79.89
12116,2019-08-03,29.62,1.2,78.06
12117,2019-08-04,31.0,1.24,70.87
12118,2019-08-05,31.6,0.73,69.72
12119,2019-08-06,31.6,5.5,70.11
12120,2019-08-07,28.95,11.56,80.02
12121,2019-08-08,30.4,0.49,69.29
12122,2019-08-09,30.77,11.16,71.54
12123,2019-08-10,29.93,3.8,77.75
12124,2019-08-11,30.34,2.03,76.51
12125,2019-08-12,30.85,30.78,75.75
12126,2019-08-13,31.01,9.55,75.76
12127,2019-08-14,29.91,0.83,78.66
12128,2019-08-15,29.38,4.03,81.48
12129,2019-08-16,28.8,10.1,82.57
12130,2019-08-17,26.84,57.34,88.45
12131,2019-08-18,26.99,46.42,84.27
12132,2019-08-19,28.35,1.23,79.02
12133,2019-08-20,28.1,0.0,78.46
12134,2019-08-21,28.8,0.19,72.6
12135,2019-08-22,28.14,0.11,71.76
12136,2019-08-23,28.85,6.93,69.94
12137,2019-08-24,29.47,2.72,69.62
12138,2019-08-25,28.06,5.18,81.9
12139,2019-08-26,28.89,0.56,79.03
12140,2019-08-27,30.21,0.01,72.46
12141,2019-08-28,30.82,1.11,72.34
12142,2019-08-29,30.62,13.39,73.9
12143,2019-08-30,30.3,2.13,74.89
12144,2019-08-31,30.84,1.24,72.19
12145,2019-09-01,29.3,2.39,79.34
12146,2019-09-02,29.56,0.18,73.7
12147,2019-09-03,30.35,0.95,71.87
12148,2019-09-04,29.62,34.13,77.6
12149,2019-09-05,29.52,10.5,78.49
12150,2019-09-06,30.13,0.31,76.7
12151,2019-09-07,30.35,0.05,72.88
12152,2019-09-08,29.86,0.0,72.19
12153,2019-09-09,29.97,0.0,69.88
12154,2019-09-10,29.24,0.0,69.17
12155,2019-09-11,29.8,0.0,68.19
12156,2019-09-12,29.63,1.58,68.56
12157,2019-09-13,29.53,0.29,72.27
12158,2019-09-14,30.07,1.36,68.88
12159,2019-09-15,29.51,3.52,69.49
12160,2019-09-16,29.25,0.25,69.73
12161,2019-09-17,29.56,0.2,66.28
12162,2019-09-18,28.59,0.36,65.32
12163,2019-09-19,26.94,1.34,75.91
12164,2019-09-20,27.68,0.1,72.91
12165,2019-09-21,28.48,0.0,66.58
12166,2019-09-22,27.73,1.2,70.05
12167,2019-09-23,27.9,0.07,69.75
12168,2019-09-24,28.18,0.0,68.57
12169,2019-09-25,28.75,0.15,67.48
12170,2019-09-26,28.14,6.74,72.12
12171,2019-09-27,28.2,5.01,68.83
12172,2019-09-28,25.97,40.05,82.04
12173,2019-09-29,24.71,12.21,83.85
12174,2019-09-30,25.17,2.72,79.18
12175,2019-10-01,25.45,0.99,76.46
12176,2019-10-02,25.48,0.02,74.94
12177,2019-10-03,25.16,2.79,74.92
12178,2019-10-04,22.84,0.36,80.4
12179,2019-10-05,22.83,0.0,78.38
12180,2019-10-06,22.87,0.03,76.89
12181,2019-10-07,24.05,0.06,68.17
12182,2019-10-08,24.77,0.07,61.4
12183,2019-10-09,24.32,0.31,63.44
12184,2019-10-10,24.44,0.0,64.81
12185,2019-10-11,24.96,0.0,60.36
12186,2019-10-12,24.43,0.0,63.38
12187,2019-10-13,24.74,0.0,64.95
12188,2019-10-14,25.48,0.0,62.85
12189,2019-10-15,24.83,0.12,62.87
12190,2019-10-16,24.44,0.05,59.13
12191,2019-10-17,23.94,0.49,59.45
12192,2019-10-18,23.51,0.62,57.41
12193,2019-10-19,23.32,0.32,58.08
12194,2019-10-20,22.71,0.0,57.43
12195,2019-10-21,22.65,0.0,53.02
12196,2019-10-22,22.8,0.0,50.97
12197,2019-10-23,23.78,0.0,45.49
12198,2019-10-24,22.82,0.0,49.49
12199,2019-10-25,22.72,0.0,50.78
12200,2019-10-26,22.48,0.0,52.64
12201,2019-10-27,23.19,0.0,51.7
12202,2019-10-28,23.88,0.0,50.03
12203,2019-10-29,24.01,0.0,47.42
12204,2019-10-30,23.72,0.0,47.68
12205,2019-10-31,23.36,0.0,52.43
12206,2019-11-01,23.57,0.0,52.1
12207,2019-11-02,23.56,0.0,52.87
12208,2019-11-03,19.88,0.01,67.37
12209,2019-11-04,21.16,0.0,61.23
12210,2019-11-05,22.5,0.0,50.34
12211,2019-11-06,22.19,0.0,46.24
12212,2019-11-07,20.44,9.01,58.86
12213,2019-11-08,20.55,1.52,60.07
12214,2019-11-09,19.62,0.0,53.66
12215,2019-11-10,19.1,0.0,44.59
12216,2019-11-11,18.96,0.0,44.91
12217,2019-11-12,19.28,0.0,42.41
12218,2019-11-13,19.14,0.0,51.02
12219,2019-11-14,19.56,0.09,55.87
12220,2019-11-15,17.7,0.09,73.8
12221,2019-11-16,17.89,0.54,71.18
12222,2019-11-17,18.09,0.0,64.68
12223,2019-11-18,18.48,0.0,57.34
12224,2019-11-19,19.17,0.0,49.41
12225,2019-11-20,19.74,0.0,43.23
12226,2019-11-21,17.32,0.0,53.4
12227,2019-11-22,17.49,0.12,57.95
12228,2019-11-23,18.75,0.22,71.17
12229,2019-11-24,18.9,0.0,62.02
12230,2019-11-25,18.23,0.0,50.43
12231,2019-11-26,16.52,6.24,66.16
12232,2019-11-27,15.22,4.78,81.77
12233,2019-11-28,17.64,4.23,77.29
12234,2019-11-29,16.29,0.96,71.25
12235,2019-11-30,15.11,0.0,65.48
12236,2019-12-01,15.83,0.0,52.5
12237,2019-12-02,15.67,0.0,50.66
12238,2019-12-03,15.37,0.0,42.13
12239,2019-12-04,15.9,0.0,37.99
12240,2019-12-05,15.33,0.0,41.84
12241,2019-12-06,14.41,0.0,49.64
12242,2019-12-07,15.39,0.0,47.21
12243,2019-12-08,15.57,0.0,44.55
12244,2019-12-09,14.27,0.0,46.85
12245,2019-12-10,14.53,0.0,42.48
12246,2019-12-11,14.78,0.0,42.93
12247,2019-12-12,12.16,2.7,72.96
12248,2019-12-13,12.65,32.19,90.2
12249,2019-12-14,12.64,0.52,72.41
12250,2019-12-15,11.47,0.0,71.77
12251,2019-12-16,10.58,0.0,70.27
12252,2019-12-17,10.63,0.0,62.61
12253,2019-12-18,11.03,0.0,52.13
12254,2019-12-19,11.66,0.0,48.69
12255,2019-12-20,13.07,0.0,55.83
12256,2019-12-21,12.66,0.03,64.45
12257,2019-12-22,10.84,0.0,64.35
12258,2019-12-23,10.99,0.0,52.63
12259,2019-12-24,9.89,0.0,53.53
12260,2019-12-25,8.89,0.0,58.88
12261,2019-12-26,8.95,0.0,54.55
12262,2019-12-27,8.26,0.0,53.23
12263,2019-12-28,7.55,0.0,50.34
12264,2019-12-29,7.49,0.0,54.72
12265,2019-12-30,8.7,0.0,54.55
12266,2019-12-31,7.87,0.0,57.46
12267,2020-01-01,9.49,0.0,56.4
12268,2020-01-02,11.34,0.0,56.59
12269,2020-01-03,12.2,0.0,59.36
12270,2020-01-04,12.46,0.35,54.75
12271,2020-01-05,11.03,0.09,62.32
12272,2020-01-06,10.4,7.26,79.52
12273,2020-01-07,11.22,8.45,90.47
12274,2020-01-08,10.44,4.31,80.31
12275,2020-01-09,8.21,0.0,69.97
12276,2020-01-10,8.19,0.0,56.6
12277,2020-01-11,10.06,0.0,47.57
12278,2020-01-12,13.04,0.02,49.07
12279,2020-01-13,9.91,23.28,78.14
12280,2020-01-14,9.76,0.03,80.62
12281,2020-01-15,9.5,0.0,75.09
12282,2020-01-16,10.28,0.24,70.58
12283,2020-01-17,11.41,0.02,63.57
12284,2020-01-18,11.25,0.29,70.02
12285,2020-01-19,10.25,0.0,76.34
12286,2020-01-20,10.22,0.02,70.66
12287,2020-01-21,11.05,0.13,64.14
12288,2020-01-22,10.61,0.0,67.15
12289,2020-01-23,9.34,0.0,70.84
12290,2020-01-24,9.64,0.0,60.29
12291,2020-01-25,12.76,0.0,49.62
12292,2020-01-26,13.39,0.0,59.27
12293,2020-01-27,13.21,1.63,72.98
12294,2020-01-28,11.71,10.95,89.51
12295,2020-01-29,11.64,0.52,79.02
12296,2020-01-30,10.6,0.0,75.17
12297,2020-01-31,10.86,0.0,66.49
12298,2020-02-01,10.53,0.03,64.05
12299,2020-02-02,10.66,0.0,68.08
12300,2020-02-03,11.53,0.0,59.76
12301,2020-02-04,10.1,0.0,64.46
12302,2020-02-05,9.95,0.0,70.06
12303,2020-02-06,11.79,0.0,56.11
12304,2020-02-07,11.14,0.0,57.79
12305,2020-02-08,11.94,0.0,57.32
12306,2020-02-09,12.74,0.0,55.17
12307,2020-02-10,13.33,0.0,53.9
12308,2020-02-11,13.81,0.0,56.09
12309,2020-02-12,15.08,0.0,62.73
12310,2020-02-13,17.33,0.0,68.75
12311,2020-02-14,15.46,0.0,64.37
12312,2020-02-15,14.47,0.0,53.68
12313,2020-02-16,16.87,0.0,41.52
12314,2020-02-17,16.25,0.0,40.2
12315,2020-02-18,16.59,0.0,39.05
12316,2020-02-19,16.63,0.0,41.9
12317,2020-02-20,17.85,1.67,50.63
12318,2020-02-21,15.32,0.52,70.75
12319,2020-02-22,16.05,0.0,69.14
12320,2020-02-23,17.3,0.01,64.5
12321,2020-02-24,17.77,0.15,59.66
12322,2020-02-25,18.09,0.0,57.02
12323,2020-02-26,18.65,0.0,56.32
12324,2020-02-27,17.73,0.0,61.42
12325,2020-02-28,18.21,2.7,63.96
12326,2020-02-29,18.11,6.41,69.06
12327,2020-03-01,18.54,0.18,66.05
12328,2020-03-02,19.2,0.0,61.26
12329,2020-03-03,19.61,0.0,55.14
12330,2020-03-04,19.48,0.21,52.74
12331,2020-03-05,17.62,5.19,67.65
12332,2020-03-06,15.38,23.37,89.81
12333,2020-03-07,14.68,3.85,80.32
12334,2020-03-08,16.07,0.09,70.57
12335,2020-03-09,16.21,0.0,65.51
12336,2020-03-10,17.78,0.0,53.14
12337,2020-03-11,16.83,15.76,65.3
12338,2020-03-12,17.81,7.91,73.82
12339,2020-03-13,16.78,5.23,66.13
12340,2020-03-14,15.87,10.8,60.31
12341,2020-03-15,16.52,0.73,63.35
12342,2020-03-16,17.81,0.0,66.76
12343,2020-03-17,19.22,0.0,65.83
12344,2020-03-18,19.7,0.05,69.19
12345,2020-03-19,21.07,0.11,64.84
12346,2020-03-20,21.75,0.0,59.4
12347,2020-03-21,20.68,1.54,67.4
12348,2020-03-22,21.29,0.0,59.87
12349,2020-03-23,21.41,0.04,62.54
12350,2020-03-24,22.22,4.1,61.05
12351,2020-03-25,22.87,0.01,56.82
12352,2020-03-26,21.8,0.04,62.25
12353,2020-03-27,18.78,18.53,84.88
12354,2020-03-28,20.0,0.75,67.81
12355,2020-03-29,20.36,0.0,61.61
12356,2020-03-30,19.74,0.0,65.65
12357,2020-03-31,18.41,1.91,78.07
12358,2020-04-01,22.33,0.0,60.28
12359,2020-04-02,20.47,0.04,64.62
12360,2020-04-03,20.45,0.0,59.46
12361,2020-04-04,22.24,0.0,54.81
12362,2020-04-05,21.12,1.96,58.94
12363,2020-04-06,23.96,0.0,46.96
12364,2020-04-07,21.3,0.55,63.78
12365,2020-04-08,21.91,0.03,60.16
12366,2020-04-09,23.93,0.0,53.45
12367,2020-04-10,26.42,0.0,48.97
12368,2020-04-11,26.51,0.0,51.1
12369,2020-04-12,26.5,0.0,56.69
12370,2020-04-13,28.45,0.0,51.48
12371,2020-04-14,29.49,0.0,49.14
12372,2020-04-15,29.37,0.0,41.52
12373,2020-04-16,28.39,0.01,43.42
12374,2020-04-17,23.74,7.25,53.86
12375,2020-04-18,26.17,2.28,49.4
12376,2020-04-19,25.57,0.4,51.79
12377,2020-04-20,23.3,3.19,61.25
12378,2020-04-21,24.37,1.42,55.01
12379,2020-04-22,26.9,0.0,46.07
12380,2020-04-23,28.34,0.0,44.86
12381,2020-04-24,29.37,0.11,46.17
12382,2020-04-25,27.86,1.75,49.5
12383,2020-04-26,26.12,2.38,59.68
12384,2020-04-27,25.73,3.66,57.34
12385,2020-04-28,27.04,0.0,51.22
12386,2020-04-29,29.35,0.0,49.34
12387,2020-04-30,30.68,0.31,46.67
12388,2020-05-01,31.65,0.0,45.14
12389,2020-05-02,31.49,1.39,43.3
12390,2020-05-03,30.93,3.52,44.01
12391,2020-05-04,29.71,2.7,48.21
12392,2020-05-05,30.05,0.05,42.75
12393,2020-05-06,29.7,0.25,40.45
12394,2020-05-07,28.59,0.28,42.44
12395,2020-05-08,30.86,0.0,37.22
12396,2020-05-09,32.33,0.01,36.27
12397,2020-05-10,31.1,0.42,39.0
12398,2020-05-11,29.34,7.18,47.9
12399,2020-05-12,30.16,0.62,48.16
12400,2020-05-13,30.54,0.89,44.16
12401,2020-05-14,30.18,8.33,50.94
12402,2020-05-15,29.81,0.14,47.96
12403,2020-05-16,30.42,0.0,41.85
12404,2020-05-17,31.03,0.0,33.14
12405,2020-05-18,31.71,0.0,30.05
12406,2020-05-19,31.09,0.0,28.33
12407,2020-05-20,30.68,0.0,31.71
12408,2020-05-21,32.26,0.0,32.48
12409,2020-05-22,35.32,0.0,27.08
12410,2020-05-23,35.96,0.0,25.13
12411,2020-05-24,35.56,0.22,27.44
12412,2020-05-25,35.94,0.0,29.61
12413,2020-05-26,36.84,0.0,27.23
12414,2020-05-27,37.01,0.3,24.76
12415,2020-05-28,35.1,0.68,28.96
12416,2020-05-29,32.9,2.6,39.04
12417,2020-05-30,28.52,25.05,56.96
12418,2020-05-31,28.05,6.05,59.35
12419,2020-06-01,29.18,0.54,50.36
12420,2020-06-02,29.33,4.17,49.84
12421,2020-06-03,30.06,1.47,51.34
12422,2020-06-04,31.83,0.16,41.34
12423,2020-06-05,30.66,4.57,47.66
12424,2020-06-06,28.7,16.25,56.25
12425,2020-06-07,31.05,0.86,45.97
12426,2020-06-08,33.08,0.0,42.9
12427,2020-06-09,34.33,0.04,40.05
12428,2020-06-10,35.33,0.14,37.66
12429,2020-06-11,35.55,0.97,38.26
12430,2020-06-12,35.8,0.0,36.09
12431,2020-06-13,36.26,1.07,33.53
12432,2020-06-14,35.33,0.14,36.42
12433,2020-06-15,35.45,0.0,33.11
12434,2020-06-16,36.14,0.09,27.72
12435,2020-06-17,35.55,0.0,29.08
12436,2020-06-18,36.91,0.2,29.96
12437,2020-06-19,37.28,0.44,29.76
12438,2020-06-20,35.87,5.12,38.11
12439,2020-06-21,35.8,2.17,36.72
12440,2020-06-22,33.71,8.49,49.16
12441,2020-06-23,35.21,0.13,42.0
12442,2020-06-24,34.15,3.83,51.69
12443,2020-06-25,34.21,1.9,51.91
12444,2020-06-26,35.56,0.07,43.99
12445,2020-06-27,37.13,0.19,40.65
12446,2020-06-28,38.22,0.89,37.65
12447,2020-06-29,35.32,1.97,46.15
12448,2020-06-30,36.19,0.0,36.33
12449,2020-07-01,35.94,0.74,42.58
12450,2020-07-02,36.98,2.2,41.22
12451,2020-07-03,38.38,0.0,33.8
12452,2020-07-04,36.82,4.06,42.42
12453,2020-07-05,32.7,24.62,52.92
12454,2020-07-06,33.71,0.0,45.67
12455,2020-07-07,32.72,13.37,54.97
12456,2020-07-08,30.16,24.7,72.59
12457,2020-07-09,32.86,9.33,62.1
12458,2020-07-10,35.77,0.06,47.55
12459,2020-07-11,35.57,1.61,47.27
12460,2020-07-12,31.12,29.96,69.32
12461,2020-07-13,32.82,0.03,60.04
12462,2020-07-14,33.92,6.9,53.7
12463,2020-07-15,33.46,0.13,52.37
12464,2020-07-16,32.31,3.08,61.98
12465,2020-07-17,33.04,1.47,61.42
12466,2020-07-18,33.34,10.97,64.06
12467,2020-07-19,33.12,10.01,63.33
12468,2020-07-20,33.67,1.26,57.34
12469,2020-07-21,30.83,15.53,68.13
12470,2020-07-22,30.46,1.66,62.79
12471,2020-07-23,31.82,0.06,55.25
12472,2020-07-24,31.88,0.1,55.53
12473,2020-07-25,31.87,1.14,62.08
12474,2020-07-26,32.37,4.29,61.6
12475,2020-07-27,33.36,0.73,54.86
12476,2020-07-28,34.56,8.82,53.46
12477,2020-07-29,34.4,12.6,56.66
12478,2020-07-30,30.91,10.36,70.88
12479,2020-07-31,30.81,19.33,74.33
12480,2020-08-01,31.87,5.89,67.9
12481,2020-08-02,31.92,16.56,68.43
12482,2020-08-03,33.57,4.77,61.6
12483,2020-08-04,34.11,6.01,58.36
12484,2020-08-05,32.9,3.24,62.5
12485,2020-08-06,32.1,3.51,67.31
12486,2020-08-07,31.2,0.95,69.35
12487,2020-08-08,31.89,8.57,69.4
12488,2020-08-09,32.13,17.67,71.24
12489,2020-08-10,32.08,16.49,71.42
12490,2020-08-11,31.04,11.85,76.13
12491,2020-08-12,31.75,19.99,74.17
12492,2020-08-13,31.65,12.67,76.14
12493,2020-08-14,30.21,3.48,80.71
12494,2020-08-15,30.37,4.11,77.51
12495,2020-08-16,31.01,1.61,73.32
12496,2020-08-17,30.16,2.91,77.89
12497,2020-08-18,30.29,9.74,81.13
12498,2020-08-19,31.73,7.59,75.07
12499,2020-08-20,27.97,18.19,88.84
12500,2020-08-21,28.23,9.72,80.39
12501,2020-08-22,30.05,4.16,72.97
12502,2020-08-23,29.19,0.01,76.98
12503,2020-08-24,29.2,0.42,78.96
12504,2020-08-25,29.31,1.84,79.79
12505,2020-08-26,29.8,4.11,77.91
12506,2020-08-27,29.88,19.82,75.44
12507,2020-08-28,29.3,11.37,75.57
12508,2020-08-29,29.9,1.4,71.45
12509,2020-08-30,29.3,4.04,76.08
12510,2020-08-31,28.23,1.37,80.02
12511,2020-09-01,29.07,0.22,77.78
12512,2020-09-02,29.3,1.0,76.09
12513,2020-09-03,28.54,8.9,78.77
12514,2020-09-04,29.03,5.63,77.19
12515,2020-09-05,29.14,0.5,74.23
12516,2020-09-06,29.21,2.71,75.62
12517,2020-09-07,29.54,0.04,71.27
12518,2020-09-08,29.04,0.0,74.45
12519,2020-09-09,29.45,0.0,71.69
12520,2020-09-10,29.75,0.0,70.14
12521,2020-09-11,30.25,0.0,66.06
12522,2020-09-12,29.93,0.55,63.21
12523,2020-09-13,29.9,0.0,61.67
12524,2020-09-14,30.07,0.0,60.47
12525,2020-09-15,30.41,0.0,61.09
12526,2020-09-16,31.25,0.0,58.77
12527,2020-09-17,31.32,0.0,60.09
12528,2020-09-18,30.91,0.0,56.94
12529,2020-09-19,30.74,0.01,52.95
12530,2020-09-20,29.96,0.02,57.22
12531,2020-09-21,29.95,0.0,55.9
12532,2020-09-22,30.97,0.03,50.02
12533,2020-09-23,30.37,0.23,58.25
12534,2020-09-24,30.63,0.01,57.42
12535,2020-09-25,30.56,0.0,53.27
12536,2020-09-26,29.27,0.93,52.14
12537,2020-09-27,28.24,0.0,48.16
12538,2020-09-28,28.54,0.0,47.38
12539,2020-09-29,28.4,0.0,45.88
12540,2020-09-30,28.31,0.0,44.8
12541,2020-10-01,27.95,0.0,43.61
12542,2020-10-02,28.12,0.0,44.3
12543,2020-10-03,27.83,0.0,44.4
12544,2020-10-04,27.23,0.0,43.56
12545,2020-10-05,26.98,0.0,41.57
12546,2020-10-06,27.18,0.0,37.61
12547,2020-10-07,26.75,0.0,39.43
12548,2020-10-08,26.86,0.0,38.09
12549,2020-10-09,27.31,0.0,42.11
12550,2020-10-10,27.49,0.0,43.69
12551,2020-10-11,27.27,0.0,40.56
12552,2020-10-12,27.78,0.0,34.92
12553,2020-10-13,27.28,0.0,37.99
12554,2020-10-14,26.67,0.0,38.64
12555,2020-10-15,25.69,0.0,38.21
12556,2020-10-16,25.66,0.0,35.31
12557,2020-10-17,25.51,0.0,35.63
12558,2020-10-18,24.74,0.0,38.16
12559,2020-10-19,24.47,0.0,37.5
12560,2020-10-20,24.7,0.0,31.13
12561,2020-10-21,24.78,0.0,32.92
12562,2020-10-22,24.79,0.0,34.91
12563,2020-10-23,25.04,0.0,33.92
12564,2020-10-24,24.56,0.0,32.77
12565,2020-10-25,23.53,0.0,33.89
12566,2020-10-26,22.54,0.0,35.92
12567,2020-10-27,22.46,0.0,33.93
12568,2020-10-28,23.44,0.0,28.36
12569,2020-10-29,22.53,0.0,29.92
12570,2020-10-30,22.3,0.0,32.93
12571,2020-10-31,20.91,0.0,37.13
12572,2020-11-01,20.49,0.0,32.91
12573,2020-11-02,21.75,0.0,28.31
12574,2020-11-03,22.31,0.03,33.26
12575,2020-11-04,22.35,0.0,33.67
12576,2020-11-05,21.88,0.0,31.99
12577,2020-11-06,21.25,0.0,32.15
12578,2020-11-07,21.2,0.0,33.3
12579,2020-11-08,20.99,0.0,33.72
12580,2020-11-09,20.17,0.0,37.46
12581,2020-11-10,20.92,0.0,38.59
12582,2020-11-11,21.39,0.0,35.19
12583,2020-11-12,20.48,0.0,37.34
12584,2020-11-13,20.54,0.0,38.57
12585,2020-11-14,19.08,0.0,42.19
12586,2020-11-15,19.17,8.21,50.7
12587,2020-11-16,17.29,5.39,70.58
12588,2020-11-17,16.05,0.0,58.15
12589,2020-11-18,15.86,0.0,45.59
12590,2020-11-19,15.61,0.0,40.23
12591,2020-11-20,15.5,0.0,44.16
12592,2020-11-21,13.96,0.0,45.07
12593,2020-11-22,14.51,0.0,35.05
12594,2020-11-23,15.84,0.06,48.85
12595,2020-11-24,15.98,0.4,51.26
12596,2020-11-25,13.93,5.87,68.5
12597,2020-11-26,14.38,0.22,67.64
12598,2020-11-27,14.65,0.0,53.62
12599,2020-11-28,13.74,0.0,48.9
12600,2020-11-29,14.42,0.0,50.76
12601,2020-11-30,14.94,0.0,52.49
12602,2020-12-01,15.97,0.0,52.62
12603,2020-12-02,16.12,0.0,56.13
12604,2020-12-03,17.47,0.0,56.13
12605,2020-12-04,18.46,0.0,45.53
12606,2020-12-05,17.45,0.0,44.1
12607,2020-12-06,17.66,0.0,43.56
12608,2020-12-07,17.45,0.0,48.87
12609,2020-12-08,18.17,0.0,48.33
12610,2020-12-09,18.41,0.26,55.84
12611,2020-12-10,17.31,0.25,66.0
12612,2020-12-11,17.8,3.38,54.83
12613,2020-12-12,15.51,5.03,71.23
12614,2020-12-13,12.5,0.0,68.69
12615,2020-12-14,11.65,0.0,66.95
12616,2020-12-15,10.47,0.0,60.27
12617,2020-12-16,9.69,0.0,58.92
12618,2020-12-17,8.72,0.0,52.31
12619,2020-12-18,8.96,0.0,50.84
12620,2020-12-19,10.07,0.0,42.25
12621,2020-12-20,11.64,0.0,42.41
12622,2020-12-21,12.53,0.0,50.48
12623,2020-12-22,13.14,0.0,50.98
12624,2020-12-23,13.23,0.0,53.24
12625,2020-12-24,12.7,0.0,51.67
12626,2020-12-25,12.03,0.0,53.32
12627,2020-12-26,12.08,0.0,49.96
12628,2020-12-27,12.31,3.84,50.71
12629,2020-12-28,8.02,0.05,63.72
12630,2020-12-29,8.64,0.0,66.82
12631,2020-12-30,8.58,0.0,61.94
12632,2020-12-31,9.35,0.0,51.08
12633,2021-01-01,11.65,0.0,39.5
12634,2021-01-02,10.3,1.72,62.66
12635,2021-01-03,12.48,1.22,92.36
12636,2021-01-04,15.36,1.44,83.61
12637,2021-01-05,14.34,10.87,91.31
12638,2021-01-06,14.84,2.28,80.48
12639,2021-01-07,12.96,0.0,73.04
12640,2021-01-08,12.94,0.0,58.53
12641,2021-01-09,12.2,0.0,66.46
12642,2021-01-10,10.7,0.0,69.03
12643,2021-01-11,10.06,0.0,61.23
12644,2021-01-12,10.44,0.0,56.81
12645,2021-01-13,9.51,0.0,56.63
12646,2021-01-14,11.34,0.0,52.49
12647,2021-01-15,11.55,0.0,51.26
12648,2021-01-16,10.29,0.0,58.13
12649,2021-01-17,10.99,0.0,50.01
12650,2021-01-18,12.51,0.0,44.09
12651,2021-01-19,12.42,0.0,50.06
12652,2021-01-20,11.49,0.0,65.17
12653,2021-01-21,11.84,0.0,60.16
12654,2021-01-22,12.94,0.0,42.43
12655,2021-01-23,13.2,1.05,48.95
12656,2021-01-24,11.53,0.05,58.31
12657,2021-01-25,12.07,0.0,53.45
12658,2021-01-26,11.52,0.0,49.53
12659,2021-01-27,11.19,0.0,46.65
12660,2021-01-28,11.8,0.0,43.9
12661,2021-01-29,10.93,0.0,49.19
12662,2021-01-30,11.3,0.0,49.22
12663,2021-01-31,14.06,0.0,38.84
12664,2021-02-01,14.13,0.0,39.96
12665,2021-02-02,15.09,0.0,44.27
12666,2021-02-03,15.15,0.59,43.5
12667,2021-02-04,12.69,5.02,61.58
12668,2021-02-05,13.0,0.0,60.04
12669,2021-02-06,13.02,0.0,61.54
12670,2021-02-07,13.63,0.0,55.93
12671,2021-02-08,15.21,0.0,50.97
12672,2021-02-09,17.18,0.0,47.18
12673,2021-02-10,16.47,0.0,45.66
12674,2021-02-11,17.01,0.0,52.14
12675,2021-02-12,17.64,0.0,49.43
12676,2021-02-13,17.91,0.0,47.03
12677,2021-02-14,17.95,0.0,46.63
12678,2021-02-15,18.14,0.0,43.88
12679,2021-02-16,18.03,0.0,49.24
12680,2021-02-17,18.46,0.01,46.25
12681,2021-02-18,18.36,0.0,42.68
12682,2021-02-19,17.85,0.0,43.19
12683,2021-02-20,17.83,0.0,42.93
12684,2021-02-21,18.37,0.0,42.88
12685,2021-02-22,20.58,0.0,36.23
12686,2021-02-23,22.53,0.0,30.88
12687,2021-02-24,22.15,0.0,30.98
12688,2021-02-25,22.28,0.0,33.71
12689,2021-02-26,22.94,0.08,38.19
12690,2021-02-27,21.79,0.99,39.91
12691,2021-02-28,19.97,0.01,29.81
12692,2021-03-01,18.88,0.0,36.34
12693,2021-03-02,19.1,0.0,37.49
12694,2021-03-03,21.22,0.0,30.7
12695,2021-03-04,22.22,0.0,26.76
12696,2021-03-05,22.25,0.0,32.39
12697,2021-03-06,22.28,0.0,32.56
12698,2021-03-07,24.31,0.57,35.99
12699,2021-03-08,23.93,0.62,43.31
12700,2021-03-09,25.02,0.0,35.08
12701,2021-03-10,25.18,0.03,32.32
12702,2021-03-11,25.04,0.07,29.66
12703,2021-03-12,24.51,0.04,26.38
12704,2021-03-13,23.6,0.58,36.79
12705,2021-03-14,23.36,0.0,36.26
12706,2021-03-15,23.57,0.0,40.29
12707,2021-03-16,25.16,0.0,37.47
12708,2021-03-17,25.69,0.0,34.18
12709,2021-03-18,25.65,0.0,31.64
12710,2021-03-19,25.18,0.0,33.05
12711,2021-03-20,25.64,0.0,34.75
12712,2021-03-21,25.55,0.47,37.2
12713,2021-03-22,25.95,2.36,37.84
12714,2021-03-23,23.8,4.96,40.27
12715,2021-03-24,22.94,0.0,42.41
12716,2021-03-25,22.11,0.0,42.65
12717,2021-03-26,23.68,0.0,38.05
12718,2021-03-27,26.46,0.0,33.31
12719,2021-03-28,28.35,0.0,33.89
12720,2021-03-29,28.55,0.01,26.34
12721,2021-03-30,27.98,0.04,29.84
12722,2021-03-31,24.83,0.0,23.81
12723,2021-04-01,23.37,0.0,23.6
12724,2021-04-02,22.45,0.0,18.88
12725,2021-04-03,24.1,0.0,16.91
12726,2021-04-04,24.88,0.0,18.68
12727,2021-04-05,26.16,0.01,32.58
12728,2021-04-06,25.0,3.67,48.87
12729,2021-04-07,24.88,1.52,44.39
12730,2021-04-08,24.36,0.0,31.19
12731,2021-04-09,25.95,0.0,22.36
12732,2021-04-10,26.76,0.0,22.59
12733,2021-04-11,28.63,0.0,23.82
12734,2021-04-12,30.07,0.02,24.57
12735,2021-04-13,30.57,0.0,25.25
12736,2021-04-14,31.28,0.0,26.61
12737,2021-04-15,30.77,0.0,24.75
12738,2021-04-16,29.03,0.38,28.77
12739,2021-04-17,26.32,3.13,42.43
12740,2021-04-18,27.31,0.11,39.9
12741,2021-04-19,28.68,0.0,27.77
12742,2021-04-20,24.93,1.22,31.3
12743,2021-04-21,22.14,4.53,57.23
12744,2021-04-22,26.18,0.74,40.4
12745,2021-04-23,21.91,15.07,56.2
12746,2021-04-24,24.48,0.0,39.75
12747,2021-04-25,26.81,0.0,30.52
12748,2021-04-26,29.93,0.0,26.11
12749,2021-04-27,32.02,0.0,26.08
12750,2021-04-28,32.41,0.0,27.73
12751,2021-04-29,32.89,0.0,28.51
12752,2021-04-30,33.07,0.15,27.25
12753,2021-05-01,32.7,0.16,30.36
12754,2021-05-02,33.22,0.42,28.92
12755,2021-05-03,31.92,0.66,32.05
12756,2021-05-04,32.15,2.66,33.27
12757,2021-05-05,31.14,1.1,37.32
12758,2021-05-06,31.68,1.04,33.47
12759,2021-05-07,29.89,1.69,37.72
12760,2021-05-08,31.92,0.0,31.97
12761,2021-05-09,33.0,0.0,26.76
12762,2021-05-10,33.24,2.32,27.54
12763,2021-05-11,32.04,0.52,29.97
12764,2021-05-12,32.9,5.6,32.69
12765,2021-05-13,30.2,1.43,40.63
12766,2021-05-14,30.32,0.01,37.04
12767,2021-05-15,31.8,0.07,30.54
12768,2021-05-16,33.2,0.01,26.85
12769,2021-05-17,34.16,0.0,24.82
12770,2021-05-18,33.55,0.1,24.85
12771,2021-05-19,31.54,0.43,30.97
12772,2021-05-20,32.07,0.25,33.6
12773,2021-05-21,31.03,6.16,39.49
12774,2021-05-22,31.67,0.05,33.92
12775,2021-05-23,31.27,0.0,27.89
12776,2021-05-24,31.75,0.83,26.3
12777,2021-05-25,33.3,0.0,22.94
12778,2021-05-26,35.1,0.0,17.39
12779,2021-05-27,35.61,0.0,15.4
12780,2021-05-28,36.05,0.0,16.49
12781,2021-05-29,36.2,0.0,26.63
12782,2021-05-30,33.99,6.73,41.55
12783,2021-05-31,35.87,2.82,33.68
12784,2021-06-01,32.53,5.25,40.07
12785,2021-06-02,32.8,3.56,36.71
12786,2021-06-03,32.07,6.87,43.06
12787,2021-06-04,32.87,4.19,38.32
12788,2021-06-05,33.57,3.06,35.98
12789,2021-06-06,34.69,0.15,34.15
12790,2021-06-07,36.16,0.09,34.48
12791,2021-06-08,37.71,0.0,29.77
12792,2021-06-09,38.82,0.0,28.65
12793,2021-06-10,38.52,1.78,29.7
12794,2021-06-11,36.51,4.16,37.36
12795,2021-06-12,35.49,6.52,42.87
12796,2021-06-13,33.42,7.97,49.2
12797,2021-06-14,34.23,0.93,36.19
12798,2021-06-15,34.08,2.48,37.13
12799,2021-06-16,28.9,9.34,60.5
12800,2021-06-17,32.78,0.57,44.5
12801,2021-06-18,34.2,0.02,35.45
12802,2021-06-19,33.66,0.23,39.03
12803,2021-06-20,33.75,0.66,38.57
12804,2021-06-21,34.59,0.01,31.28
12805,2021-06-22,35.13,0.0,31.61
12806,2021-06-23,36.09,0.0,27.55
12807,2021-06-24,36.39,0.07,27.0
12808,2021-06-25,35.67,2.63,32.26
12809,2021-06-26,32.29,17.64,50.22
12810,2021-06-27,33.94,0.09,39.59
12811,2021-06-28,35.41,0.0,34.98
12812,2021-06-29,36.42,0.0,31.66
12813,2021-06-30,37.35,0.0,29.39
12814,2021-07-01,36.96,0.0,31.42
12815,2021-07-02,36.83,0.03,30.67
12816,2021-07-03,34.8,10.24,40.52
12817,2021-07-04,35.63,0.0,37.85
12818,2021-07-05,35.87,2.26,38.31
12819,2021-07-06,36.43,0.0,35.76
12820,2021-07-07,37.4,0.0,32.59
12821,2021-07-08,38.06,0.4,31.45
12822,2021-07-09,36.8,1.82,35.33
12823,2021-07-10,36.55,0.68,38.96
12824,2021-07-11,35.48,3.98,44.16
12825,2021-07-12,30.76,41.88,69.91
12826,2021-07-13,31.18,9.71,69.18
12827,2021-07-14,32.16,2.74,62.94
12828,2021-07-15,33.08,0.31,55.53
12829,2021-07-16,34.32,0.01,51.26
12830,2021-07-17,35.75,0.1,47.69
12831,2021-07-18,35.71,6.5,50.39
12832,2021-07-19,31.34,57.06,77.01
12833,2021-07-20,30.17,40.05,79.65
12834,2021-07-21,30.81,9.53,74.3
12835,2021-07-22,32.21,0.07,61.11
12836,2021-07-23,30.92,0.99,68.38
12837,2021-07-24,31.77,2.67,69.49
12838,2021-07-25,33.27,0.38,64.17
12839,2021-07-26,30.47,5.74,76.02
12840,2021-07-27,30.81,16.53,78.62
12841,2021-07-28,30.28,33.45,80.2
12842,2021-07-29,30.05,25.42,79.68
12843,2021-07-30,30.15,3.94,76.92
12844,2021-07-31,30.21,3.04,76.28
12845,2021-08-01,30.89,2.51,74.27
12846,2021-08-02,30.8,1.25,73.93
12847,2021-08-03,30.94,11.69,69.89
12848,2021-08-04,30.72,5.04,73.15
12849,2021-08-05,30.98,11.93,71.78
12850,2021-08-06,30.83,0.45,71.33
12851,2021-08-07,31.01,6.28,69.74
12852,2021-08-08,30.51,1.09,70.66
12853,2021-08-09,30.4,4.77,71.75
12854,2021-08-10,30.76,4.1,72.27
12855,2021-08-11,31.48,0.59,63.79
12856,2021-08-12,31.37,3.49,64.45
12857,2021-08-13,32.14,0.69,61.42
12858,2021-08-14,32.21,2.45,61.16
12859,2021-08-15,31.43,2.48,64.87
12860,2021-08-16,31.31,0.23,64.21
12861,2021-08-17,31.51,0.0,61.82
12862,2021-08-18,31.47,7.84,61.61
12863,2021-08-19,31.8,0.58,59.36
12864,2021-08-20,30.16,3.44,69.6
12865,2021-08-21,28.0,7.73,79.39
12866,2021-08-22,29.3,7.18,74.45
12867,2021-08-23,30.82,0.28,65.92
12868,2021-08-24,31.4,0.76,63.25
12869,2021-08-25,31.97,2.19,58.09
12870,2021-08-26,32.14,1.09,54.2
12871,2021-08-27,32.24,2.31,54.23
12872,2021-08-28,30.99,2.93,59.66
12873,2021-08-29,30.85,0.58,60.74
12874,2021-08-30,29.95,3.76,64.61
12875,2021-08-31,29.04,7.36,71.25
12876,2021-09-01,29.35,1.84,70.35
12877,2021-09-02,29.45,0.36,66.96
12878,2021-09-03,27.98,6.61,72.73
12879,2021-09-04,29.08,3.54,66.7
12880,2021-09-05,29.84,2.37,68.81
12881,2021-09-06,30.99,0.09,64.79
12882,2021-09-07,30.69,1.74,68.76
12883,2021-09-08,30.04,1.91,71.56
12884,2021-09-09,29.61,5.21,73.69
12885,2021-09-10,28.4,17.26,77.89
12886,2021-09-11,27.06,31.6,83.33
12887,2021-09-12,28.08,11.65,75.02
12888,2021-09-13,28.25,2.46,72.32
12889,2021-09-14,29.13,0.08,66.9
12890,2021-09-15,29.77,0.7,68.31
12891,2021-09-16,29.73,2.71,70.19
12892,2021-09-17,28.25,15.63,75.17
12893,2021-09-18,28.69,0.02,72.29
12894,2021-09-19,29.96,0.25,71.88
12895,2021-09-20,29.6,4.37,74.01
12896,2021-09-21,29.45,10.51,73.24
12897,2021-09-22,27.24,23.77,79.66
12898,2021-09-23,25.93,29.44,84.01
12899,2021-09-24,27.24,6.02,76.05
12900,2021-09-25,28.17,0.0,74.35
12901,2021-09-26,28.15,0.23,74.99
12902,2021-09-27,28.42,0.0,72.91
12903,2021-09-28,28.8,1.03,69.12
12904,2021-09-29,28.03,0.4,73.62
12905,2021-09-30,28.65,2.56,74.13
12906,2021-10-01,28.7,5.62,75.43
12907,2021-10-02,28.24,13.05,78.44
12908,2021-10-03,28.36,2.63,77.41
12909,2021-10-04,28.83,1.6,70.8
12910,2021-10-05,27.26,0.96,75.62
12911,2021-10-06,26.85,0.0,76.45
12912,2021-10-07,26.79,0.0,71.34
12913,2021-10-08,27.14,0.0,65.45
12914,2021-10-09,27.09,0.0,64.26
12915,2021-10-10,28.15,0.0,57.49
12916,2021-10-11,26.81,0.0,59.13
12917,2021-10-12,26.52,0.0,59.06
12918,2021-10-13,25.04,0.0,59.01
12919,2021-10-14,24.77,0.0,60.17
12920,2021-10-15,25.58,0.0,53.75
12921,2021-10-16,26.39,0.0,52.97
12922,2021-10-17,24.06,1.63,65.13
12923,2021-10-18,23.8,0.57,75.76
12924,2021-10-19,24.03,0.0,70.1
12925,2021-10-20,24.27,0.0,57.44
12926,2021-10-21,23.99,0.0,49.7
12927,2021-10-22,23.86,0.05,51.4
12928,2021-10-23,23.67,7.25,64.67
12929,2021-10-24,21.49,18.48,81.89
12930,2021-10-25,20.86,0.0,72.69
12931,2021-10-26,19.92,0.01,64.58
12932,2021-10-27,20.55,0.02,62.12
12933,2021-10-28,20.44,0.05,59.37
12934,2021-10-29,21.05,0.0,53.93
12935,2021-10-30,19.96,0.0,59.66
12936,2021-10-31,20.77,0.0,55.34
12937,2021-11-01,21.48,0.0,46.54
12938,2021-11-02,19.95,0.17,56.21
12939,2021-11-03,20.4,0.05,54.74
12940,2021-11-04,20.21,0.0,55.5
12941,2021-11-05,20.32,0.0,49.48
12942,2021-11-06,18.97,0.0,56.95
12943,2021-11-07,19.87,0.0,53.99
12944,2021-11-08,20.66,0.0,48.67
12945,2021-11-09,20.55,0.0,51.53
12946,2021-11-10,20.26,0.0,50.53
12947,2021-11-11,20.02,0.0,46.62
12948,2021-11-12,19.1,0.0,51.04
12949,2021-11-13,18.4,0.0,50.27
12950,2021-11-14,18.19,0.0,46.51
12951,2021-11-15,17.21,0.0,45.66
12952,2021-11-16,16.95,0.0,46.29
12953,2021-11-17,17.06,0.0,45.52
12954,2021-11-18,16.81,0.0,46.67
12955,2021-11-19,16.65,0.0,50.42
12956,2021-11-20,17.41,0.0,48.37
12957,2021-11-21,17.01,0.0,50.0
12958,2021-11-22,16.14,0.0,51.94
12959,2021-11-23,17.17,0.0,45.93
12960,2021-11-24,18.01,0.0,40.87
12961,2021-11-25,15.64,0.0,54.55
12962,2021-11-26,16.8,0.0,48.34
12963,2021-11-27,16.53,0.0,49.27
12964,2021-11-28,15.85,0.0,58.75
12965,2021-11-29,16.14,0.0,58.16
12966,2021-11-30,15.87,0.0,58.62
12967,2021-12-01,15.49,0.0,51.66
12968,2021-12-02,16.11,0.0,50.22
12969,2021-12-03,17.47,0.15,48.71
12970,2021-12-04,18.79,0.0,53.19
12971,2021-12-05,15.82,0.65,67.55
12972,2021-12-06,15.45,0.38,70.59
12973,2021-12-07,14.63,0.0,61.32
12974,2021-12-08,14.87,0.0,49.92
12975,2021-12-09,15.13,0.0,47.21
12976,2021-12-10,14.1,0.0,51.9
12977,2021-12-11,13.73,0.0,46.92
12978,2021-12-12,14.97,0.0,36.21
12979,2021-12-13,13.74,0.0,45.71
12980,2021-12-14,12.47,0.0,66.97
12981,2021-12-15,12.26,0.0,58.23
12982,2021-12-16,10.61,0.0,55.8
12983,2021-12-17,8.55,0.0,55.5
12984,2021-12-18,7.82,0.0,49.63
12985,2021-12-19,7.59,0.0,48.27
12986,2021-12-20,9.67,0.0,42.11
12987,2021-12-21,11.91,0.0,35.21
12988,2021-12-22,12.75,0.0,38.48
12989,2021-12-23,14.35,0.0,42.8
12990,2021-12-24,13.91,0.0,51.25
12991,2021-12-25,14.67,0.0,54.64
12992,2021-12-26,14.13,0.05,56.39
12993,2021-12-27,12.69,0.08,66.28
12994,2021-12-28,12.22,0.0,60.3
12995,2021-12-29,11.43,0.0,54.2
12996,2021-12-30,10.7,0.0,48.59
12997,2021-12-31,11.44,0.0,49.46
12998,2022-01-01,11.75,0.0,49.49
12999,2022-01-02,11.97,0.0,47.93
13000,2022-01-03,13.45,0.0,49.35
13001,2022-01-04,13.53,0.61,59.87
13002,2022-01-05,12.73,28.81,88.7
13003,2022-01-06,14.12,0.97,81.85
13004,2022-01-07,14.57,6.23,86.73
13005,2022-01-08,13.73,36.03,92.38
13006,2022-01-09,12.03,15.51,83.98
13007,2022-01-10,10.85,1.6,78.0
13008,2022-01-11,10.7,0.12,77.31
13009,2022-01-12,11.19,0.0,72.53
13010,2022-01-13,11.78,0.0,69.28
13011,2022-01-14,10.74,0.0,78.64
13012,2022-01-15,10.87,0.0,73.7
13013,2022-01-16,11.56,0.0,63.87
13014,2022-01-17,9.99,0.0,62.72
13015,2022-01-18,10.52,0.0,70.43
13016,2022-01-19,10.91,1.2,78.54
13017,2022-01-20,12.1,1.16,83.44
13018,2022-01-21,12.99,0.53,74.64
13019,2022-01-22,11.21,17.74,86.92
13020,2022-01-23,11.46,14.58,88.85
13021,2022-01-24,11.05,2.04,83.0
13022,2022-01-25,10.19,0.23,84.49
13023,2022-01-26,9.8,0.21,79.64
13024,2022-01-27,9.87,0.0,73.73
13025,2022-01-28,9.55,0.0,71.7
13026,2022-01-29,11.53,0.0,64.04
13027,2022-01-30,11.6,0.0,70.57
13028,2022-01-31,14.47,0.0,60.4
13029,2022-02-01,12.65,0.0,67.74
13030,2022-02-02,13.3,0.0,65.8
13031,2022-02-03,11.53,21.12,88.5
13032,2022-02-04,11.62,2.68,80.16
13033,2022-02-05,11.58,0.0,74.24
13034,2022-02-06,13.41,0.0,59.83
13035,2022-02-07,13.66,0.0,66.76
13036,2022-02-08,13.64,0.0,66.82
13037,2022-02-09,13.16,0.11,65.79
13038,2022-02-10,12.42,0.0,66.42
13039,2022-02-11,11.37,0.0,69.48
13040,2022-02-12,13.13,0.0,60.64
13041,2022-02-13,15.12,0.0,54.63
13042,2022-02-14,14.95,0.0,58.86
13043,2022-02-15,15.11,0.0,63.13
13044,2022-02-16,15.64,0.0,67.4
13045,2022-02-17,16.25,0.0,61.92
13046,2022-02-18,15.65,0.0,58.7
13047,2022-02-19,15.5,0.0,59.37
13048,2022-02-20,14.52,0.0,63.83
13049,2022-02-21,15.92,0.0,51.67
13050,2022-02-22,17.1,0.38,50.7
13051,2022-02-23,17.17,0.17,60.71
13052,2022-02-24,16.51,0.53,67.43
13053,2022-02-25,17.11,0.55,64.92
13054,2022-02-26,15.03,14.01,78.28
13055,2022-02-27,14.69,0.01,69.88
13056,2022-02-28,13.94,0.0,64.96
13057,2022-03-01,17.23,0.0,57.87
13058,2022-03-02,17.94,0.0,60.04
13059,2022-03-03,16.86,2.05,72.16
13060,2022-03-04,16.4,0.24,73.41
13061,2022-03-05,17.19,0.0,65.49
13062,2022-03-06,19.49,0.0,54.23
13063,2022-03-07,20.56,0.0,54.67
13064,2022-03-08,19.85,0.0,55.36
13065,2022-03-09,19.43,0.0,53.8
13066,2022-03-10,20.14,0.0,57.74
13067,2022-03-11,20.8,0.0,56.58
13068,2022-03-12,20.51,0.0,59.33
13069,2022-03-13,23.95,0.0,52.44
13070,2022-03-14,25.57,0.0,49.48
13071,2022-03-15,25.71,0.0,51.54
13072,2022-03-16,24.5,0.0,56.9
13073,2022-03-17,26.22,0.0,48.89
13074,2022-03-18,27.0,0.0,51.61
13075,2022-03-19,27.94,0.0,49.78
13076,2022-03-20,28.09,0.01,42.95
13077,2022-03-21,27.12,0.0,44.37
13078,2022-03-22,25.73,0.0,40.72
13079,2022-03-23,26.81,0.0,34.82
13080,2022-03-24,26.48,0.0,35.72
13081,2022-03-25,25.29,0.02,39.81
13082,2022-03-26,24.98,0.0,38.32
13083,2022-03-27,26.9,0.0,32.42
13084,2022-03-28,28.23,0.0,27.39
13085,2022-03-29,29.07,0.0,26.76
13086,2022-03-30,29.5,0.0,24.87
13087,2022-03-31,28.28,0.0,27.0
13088,2022-04-01,27.9,0.0,29.23
13089,2022-04-02,29.31,0.0,21.86
13090,2022-04-03,28.25,0.0,23.44
13091,2022-04-04,27.83,0.0,28.17
13092,2022-04-05,28.66,0.0,25.8
13093,2022-04-06,29.67,0.0,24.76
13094,2022-04-07,30.46,0.0,25.43
13095,2022-04-08,31.29,0.0,23.25
13096,2022-04-09,31.98,0.0,22.6
13097,2022-04-10,31.72,0.0,24.77
13098,2022-04-11,32.82,0.0,24.04
13099,2022-04-12,31.28,0.0,24.45
13100,2022-04-13,30.47,0.0,23.53
13101,2022-04-14,31.28,0.17,25.29
13102,2022-04-15,30.47,0.04,25.36
13103,2022-04-16,31.32,0.03,23.79
13104,2022-04-17,31.36,0.0,22.17
13105,2022-04-18,33.32,0.0,19.45
13106,2022-04-19,33.5,0.0,20.23
13107,2022-04-20,33.01,0.0,24.1
13108,2022-04-21,30.58,0.0,29.85
13109,2022-04-22,29.82,0.19,29.62
13110,2022-04-23,30.89,0.0,23.41
13111,2022-04-24,31.38,0.0,22.46
13112,2022-04-25,33.08,0.0,21.68
13113,2022-04-26,33.35,0.0,17.94
13114,2022-04-27,33.84,0.0,15.13
13115,2022-04-28,36.16,0.0,13.51
13116,2022-04-29,36.26,0.0,14.57
13117,2022-04-30,36.4,0.01,15.99
13118,2022-05-01,35.68,0.0,14.85
13119,2022-05-02,34.57,0.08,17.29
13120,2022-05-03,34.04,0.17,22.18
13121,2022-05-04,32.03,6.96,32.98
13122,2022-05-05,31.77,1.17,35.92
13123,2022-05-06,32.83,0.0,32.45
13124,2022-05-07,34.18,0.02,25.1
13125,2022-05-08,34.96,0.0,22.1
13126,2022-05-09,34.05,0.0,26.44
13127,2022-05-10,34.72,0.26,28.07
13128,2022-05-11,35.93,0.0,25.66
13129,2022-05-12,37.76,0.22,18.63
13130,2022-05-13,36.98,0.2,16.15
13131,2022-05-14,37.08,0.0,10.85
13132,2022-05-15,38.11,0.0,10.29
13133,2022-05-16,36.79,0.01,13.47
13134,2022-05-17,36.6,0.42,18.84
13135,2022-05-18,36.42,0.22,18.69
13136,2022-05-19,38.02,0.06,16.02
13137,2022-05-20,37.81,0.0,13.31
13138,2022-05-21,36.49,0.47,15.55
13139,2022-05-22,36.0,0.03,17.22
13140,2022-05-23,30.76,13.47,36.65
13141,2022-05-24,25.54,4.52,59.64
13142,2022-05-25,30.23,0.0,42.01
13143,2022-05-26,33.1,0.0,33.95
13144,2022-05-27,35.1,0.0,31.76
13145,2022-05-28,35.86,3.79,34.27
13146,2022-05-29,34.48,2.97,36.54
13147,2022-05-30,34.29,0.32,30.2
13148,2022-05-31,34.8,0.22,29.12
13149,2022-06-01,36.13,0.0,22.64
13150,2022-06-02,35.69,0.0,17.79
13151,2022-06-03,36.25,0.0,15.7
13152,2022-06-04,37.65,0.0,13.2
13153,2022-06-05,37.66,0.0,12.01
13154,2022-06-06,37.77,0.0,12.67
13155,2022-06-07,38.56,0.0,13.74
13156,2022-06-08,38.7,0.0,14.17
13157,2022-06-09,38.75,0.0,15.95
13158,2022-06-10,38.83,0.0,18.5
13159,2022-06-11,39.15,0.01,17.81
13160,2022-06-12,39.08,0.13,20.1
13161,2022-06-13,39.39,0.01,18.05
13162,2022-06-14,39.0,0.0,22.33
13163,2022-06-15,39.41,0.01,27.85
13164,2022-06-16,38.45,4.83,27.88
13165,2022-06-17,33.18,19.02,52.33
13166,2022-06-18,30.7,14.23,56.25
13167,2022-06-19,32.0,0.01,45.06
13168,2022-06-20,32.11,0.93,42.26
13169,2022-06-21,30.89,3.11,44.18
13170,2022-06-22,28.71,11.13,62.84
13171,2022-06-23,31.66,0.08,42.0
13172,2022-06-24,32.41,0.0,35.87
13173,2022-06-25,34.44,0.0,31.51
13174,2022-06-26,35.22,0.0,32.1
13175,2022-06-27,35.53,0.05,38.3
13176,2022-06-28,36.68,0.29,40.22
13177,2022-06-29,37.08,0.74,38.03
13178,2022-06-30,34.07,9.8,51.27
13179,2022-07-01,28.63,34.33,77.19
13180,2022-07-02,33.05,0.77,56.6
13181,2022-07-03,30.99,17.89,70.29
13182,2022-07-04,32.93,1.39,62.0
13183,2022-07-05,34.05,4.59,58.02
13184,2022-07-06,32.97,1.49,59.59
13185,2022-07-07,33.4,6.02,59.96
13186,2022-07-08,34.77,0.53,54.6
13187,2022-07-09,34.15,6.37,56.83
13188,2022-07-10,28.97,30.31,79.12
13189,2022-07-11,32.27,0.89,64.85
13190,2022-07-12,32.68,6.07,60.2
13191,2022-07-13,32.5,2.89,64.39
13192,2022-07-14,31.22,27.11,71.41
13193,2022-07-15,30.68,11.76,73.27
13194,2022-07-16,31.3,23.43,71.17
13195,2022-07-17,31.13,3.91,71.78
13196,2022-07-18,32.18,0.01,67.21
13197,2022-07-19,32.15,5.24,70.24
13198,2022-07-20,31.45,21.46,76.35
13199,2022-07-21,30.04,56.82,81.02
13200,2022-07-22,29.36,3.24,81.79
13201,2022-07-23,29.38,10.19,81.43
13202,2022-07-24,29.05,1.29,83.71
13203,2022-07-25,29.67,1.32,79.76
13204,2022-07-26,29.16,2.8,80.9
13205,2022-07-27,29.4,6.47,80.51
13206,2022-07-28,29.18,4.16,81.25
13207,2022-07-29,28.48,11.54,85.22
13208,2022-07-30,28.39,36.12,86.84
13209,2022-07-31,28.38,28.27,87.27
13210,2022-08-01,28.56,13.07,85.85
13211,2022-08-02,29.5,0.17,83.27
13212,2022-08-03,30.56,0.28,79.3
13213,2022-08-04,29.32,10.02,82.22
13214,2022-08-05,28.54,13.36,86.57
13215,2022-08-06,29.05,5.09,83.55
13216,2022-08-07,29.27,3.24,82.71
13217,2022-08-08,29.29,2.28,82.57
13218,2022-08-09,30.29,8.43,79.79
13219,2022-08-10,30.86,0.97,78.21
13220,2022-08-11,26.77,6.57,88.7
13221,2022-08-12,29.13,0.01,74.01
13222,2022-08-13,30.01,0.0,76.57
13223,2022-08-14,29.78,2.96,81.34
13224,2022-08-15,26.56,13.06,89.42
13225,2022-08-16,28.35,0.17,75.87
13226,2022-08-17,28.53,3.64,81.71
13227,2022-08-18,29.35,4.64,79.66
13228,2022-08-19,28.67,11.61,83.03
13229,2022-08-20,28.1,14.47,82.3
13230,2022-08-21,29.34,3.28,78.66
13231,2022-08-22,30.14,0.28,74.98
13232,2022-08-23,29.71,10.9,81.06
13233,2022-08-24,28.0,3.37,83.9
13234,2022-08-25,28.8,3.5,80.68
13235,2022-08-26,28.9,0.61,76.66
13236,2022-08-27,28.46,0.03,81.19
13237,2022-08-28,28.56,4.07,79.82
13238,2022-08-29,28.61,5.96,78.1
13239,2022-08-30,28.96,0.81,78.67
13240,2022-08-31,29.06,10.81,79.11
13241,2022-09-01,29.86,0.47,73.92
13242,2022-09-02,29.31,22.82,75.22
13243,2022-09-03,28.53,5.07,78.79
13244,2022-09-04,28.88,1.25,74.84
13245,2022-09-05,29.15,0.55,72.47
13246,2022-09-06,28.77,0.37,73.36
13247,2022-09-07,29.25,0.01,68.27
13248,2022-09-08,29.65,0.0,66.21
13249,2022-09-09,29.46,0.06,68.41
13250,2022-09-10,30.05,0.53,67.88
13251,2022-09-11,28.94,9.04,73.65
13252,2022-09-12,28.8,3.1,74.47
13253,2022-09-13,29.34,0.0,71.48
13254,2022-09-14,29.29,4.08,72.35
13255,2022-09-15,28.66,3.22,73.6
13256,2022-09-16,28.32,0.99,72.36
13257,2022-09-17,28.79,0.11,68.86
13258,2022-09-18,28.54,0.0,71.01
13259,2022-09-19,28.99,0.0,70.49
13260,2022-09-20,29.24,1.12,69.62
13261,2022-09-21,28.44,9.64,75.36
13262,2022-09-22,29.4,5.52,71.23
13263,2022-09-23,28.5,13.96,74.86
13264,2022-09-24,26.83,46.97,84.85
13265,2022-09-25,26.2,46.39,85.48
13266,2022-09-26,26.11,0.07,78.28
13267,2022-09-27,26.68,0.39,73.06
13268,2022-09-28,27.0,0.09,71.2
13269,2022-09-29,26.38,0.0,76.28
13270,2022-09-30,26.54,0.0,75.67
13271,2022-10-01,26.81,0.0,68.88
13272,2022-10-02,26.57,0.0,65.48
13273,2022-10-03,26.75,0.0,63.57
13274,2022-10-04,27.37,0.0,62.47
13275,2022-10-05,27.33,0.0,59.8
13276,2022-10-06,24.89,0.0,68.12
13277,2022-10-07,24.97,0.0,76.41
13278,2022-10-08,25.11,0.38,79.51
13279,2022-10-09,25.31,0.36,77.83
13280,2022-10-10,24.7,11.42,80.63
13281,2022-10-11,24.35,11.64,79.46
13282,2022-10-12,23.24,0.14,78.11
13283,2022-10-13,23.18,0.0,76.29
13284,2022-10-14,23.18,0.0,74.24
13285,2022-10-15,24.25,0.0,65.6
13286,2022-10-16,23.82,0.0,63.86
13287,2022-10-17,23.14,0.0,61.69
13288,2022-10-18,23.7,0.0,56.41
13289,2022-10-19,22.62,0.0,58.53
13290,2022-10-20,22.06,0.27,66.44
13291,2022-10-21,22.97,0.04,63.52
13292,2022-10-22,21.97,0.0,56.68
13293,2022-10-23,22.23,0.0,49.48
13294,2022-10-24,22.24,0.0,52.8
13295,2022-10-25,22.51,0.0,54.93
13296,2022-10-26,23.31,0.0,52.99
13297,2022-10-27,23.27,0.0,53.34
13298,2022-10-28,23.41,0.0,52.35
13299,2022-10-29,23.36,0.0,45.82
13300,2022-10-30,22.27,0.0,48.5
13301,2022-10-31,21.71,0.0,57.36
13302,2022-11-01,22.47,0.0,57.59
13303,2022-11-02,22.0,0.0,63.78
13304,2022-11-03,22.57,0.0,60.9
13305,2022-11-04,22.69,0.0,60.77
13306,2022-11-05,21.74,0.01,76.45
13307,2022-11-06,21.82,0.08,78.51
13308,2022-11-07,22.36,0.0,65.85
13309,2022-11-08,22.37,0.01,61.92
13310,2022-11-09,20.96,0.0,59.9
13311,2022-11-10,19.65,0.12,59.12
13312,2022-11-11,18.62,0.0,61.31
13313,2022-11-12,18.5,0.0,52.19
13314,2022-11-13,19.21,0.0,48.03
13315,2022-11-14,18.79,2.25,63.36
13316,2022-11-15,18.78,0.09,71.28
13317,2022-11-16,17.01,0.0,67.59
13318,2022-11-17,17.13,0.0,63.64
13319,2022-11-18,17.03,0.0,52.66
13320,2022-11-19,16.87,0.0,55.1
13321,2022-11-20,16.75,0.0,59.28
13322,2022-11-21,16.66,0.0,58.57
13323,2022-11-22,16.6,0.0,52.82
13324,2022-11-23,16.32,0.0,50.48
13325,2022-11-24,17.01,0.0,44.18
13326,2022-11-25,17.16,0.0,45.9
13327,2022-11-26,16.57,0.0,53.44
13328,2022-11-27,17.4,0.0,46.89
13329,2022-11-28,17.21,0.0,49.42
13330,2022-11-29,17.07,0.0,55.78
13331,2022-11-30,16.82,0.0,54.89
13332,2022-12-01,17.8,0.0,50.66
13333,2022-12-02,18.5,0.0,44.85
13334,2022-12-03,16.86,0.0,50.56
13335,2022-12-04,16.4,0.0,52.5
13336,2022-12-05,16.43,0.0,50.55
13337,2022-12-06,15.13,0.0,54.21
13338,2022-12-07,14.2,0.0,57.2
13339,2022-12-08,16.04,0.0,50.83
13340,2022-12-09,17.47,0.0,50.02
13341,2022-12-10,18.01,0.0,54.0
13342,2022-12-11,17.72,0.0,51.8
13343,2022-12-12,16.34,0.0,52.42
13344,2022-12-13,15.46,0.0,55.28
13345,2022-12-14,13.26,0.0,59.62
13346,2022-12-15,13.45,0.0,52.39
13347,2022-12-16,14.68,0.0,40.31
13348,2022-12-17,15.3,0.0,41.9
13349,2022-12-18,15.06,0.0,46.8
13350,2022-12-19,14.8,0.0,48.57
13351,2022-12-20,13.76,0.0,51.98
13352,2022-12-21,13.16,0.0,53.12
13353,2022-12-22,12.16,0.0,54.64
13354,2022-12-23,12.39,0.0,51.8
13355,2022-12-24,10.13,0.0,53.76
13356,2022-12-25,9.93,0.0,54.81
13357,2022-12-26,10.58,0.0,53.29
13358,2022-12-27,10.74,0.0,54.39
13359,2022-12-28,11.55,0.0,54.51
13360,2022-12-29,15.31,0.98,59.94
13361,2022-12-30,14.66,0.25,70.18
13362,2022-12-31,11.99,0.0,68.61
13363,2023-01-01,12.03,0.0,55.25
13364,2023-01-02,11.55,0.0,51.47
13365,2023-01-03,10.03,0.0,48.99
13366,2023-01-04,9.44,0.0,48.93
13367,2023-01-05,10.05,0.0,45.31
13368,2023-01-06,9.5,0.0,40.55
13369,2023-01-07,11.35,0.0,43.96
13370,2023-01-08,11.74,0.0,54.49
13371,2023-01-09,11.23,0.0,57.48
13372,2023-01-10,12.08,0.0,65.32
13373,2023-01-11,14.86,0.14,60.23
13374,2023-01-12,15.29,0.93,60.9
13375,2023-01-13,13.75,2.02,70.73
13376,2023-01-14,9.08,0.02,47.18
13377,2023-01-15,8.46,0.0,47.05
13378,2023-01-16,9.03,0.0,40.89
13379,2023-01-17,8.71,0.0,40.87
13380,2023-01-18,9.85,0.0,43.17
13381,2023-01-19,12.63,0.17,42.02
13382,2023-01-20,9.82,2.05,80.41
13383,2023-01-21,12.06,0.0,64.77
13384,2023-01-22,12.19,0.0,60.21
13385,2023-01-23,12.98,0.0,54.95
13386,2023-01-24,12.45,12.34,78.86
13387,2023-01-25,13.04,5.67,76.78
13388,2023-01-26,11.62,0.09,65.94
13389,2023-01-27,11.02,0.0,52.55
13390,2023-01-28,12.72,0.0,44.0
13391,2023-01-29,11.26,1.45,62.22
13392,2023-01-30,12.37,3.45,87.82
13393,2023-01-31,13.33,0.87,75.48
13394,2023-02-01,12.27,0.0,63.6
13395,2023-02-02,13.49,0.0,56.12
13396,2023-02-03,14.81,0.0,50.53
13397,2023-02-04,15.56,0.0,59.26
13398,2023-02-05,16.66,0.0,55.55
13399,2023-02-06,17.73,0.11,48.7
13400,2023-02-07,15.75,0.04,53.87
13401,2023-02-08,15.36,0.0,48.21
13402,2023-02-09,16.11,0.24,50.76
13403,2023-02-10,17.14,0.08,50.82
13404,2023-02-11,15.97,0.06,44.99
13405,2023-02-12,12.55,0.0,41.61
13406,2023-02-13,12.33,0.0,41.75
13407,2023-02-14,15.68,0.0,42.18
13408,2023-02-15,18.04,0.0,44.36
13409,2023-02-16,19.79,0.0,48.15
13410,2023-02-17,20.43,0.0,45.15
13411,2023-02-18,21.48,0.0,40.14
13412,2023-02-19,22.16,0.0,32.08
13413,2023-02-20,21.05,0.0,36.8
13414,2023-02-21,20.52,0.47,37.46
13415,2023-02-22,18.3,0.08,37.91
13416,2023-02-23,18.62,0.0,36.61
13417,2023-02-24,20.01,0.0,35.16
13418,2023-02-25,21.32,0.0,33.46
13419,2023-02-26,21.42,0.0,37.93
13420,2023-02-27,21.77,0.0,41.25
13421,2023-02-28,19.82,0.1,47.51
13422,2023-03-01,20.15,1.64,52.69
13423,2023-03-02,20.55,0.0,54.93
13424,2023-03-03,20.58,0.0,55.22
13425,2023-03-04,20.23,0.0,45.68
13426,2023-03-05,21.49,0.0,42.0
13427,2023-03-06,22.22,0.0,41.0
13428,2023-03-07,22.79,0.0,38.01
13429,2023-03-08,23.18,0.1,38.88
13430,2023-03-09,22.67,0.42,39.45
13431,2023-03-10,23.54,0.0,32.72
13432,2023-03-11,23.17,0.0,34.56
13433,2023-03-12,24.26,0.17,38.67
13434,2023-03-13,24.61,0.0,41.8
13435,2023-03-14,25.13,0.32,37.36
13436,2023-03-15,25.03,0.4,37.25
13437,2023-03-16,23.92,1.08,39.08
13438,2023-03-17,21.94,11.86,55.23
13439,2023-03-18,19.49,6.12,72.76
13440,2023-03-19,20.53,0.08,61.13
13441,2023-03-20,20.0,6.42,70.31
13442,2023-03-21,20.15,1.92,66.51
13443,2023-03-22,21.82,0.12,48.59
13444,2023-03-23,22.32,0.36,47.89
13445,2023-03-24,22.31,10.28,59.87
13446,2023-03-25,20.42,11.57,70.76
13447,2023-03-26,20.97,0.37,53.27
13448,2023-03-27,21.05,0.0,47.28
13449,2023-03-28,22.4,0.0,43.51
13450,2023-03-29,23.81,0.0,43.95
13451,2023-03-30,24.93,5.04,46.04
13452,2023-03-31,20.91,7.77,68.73
13453,2023-04-01,20.43,8.5,71.34
13454,2023-04-02,21.54,1.49,61.67
13455,2023-04-03,21.77,0.4,59.17
13456,2023-04-04,22.13,1.73,60.73
13457,2023-04-05,22.89,0.0,48.86
13458,2023-04-06,23.55,0.09,40.59
13459,2023-04-07,23.52,0.0,39.84
13460,2023-04-08,24.83,0.0,34.34
13461,2023-04-09,26.54,0.0,27.65
13462,2023-04-10,26.54,0.0,31.64
13463,2023-04-11,27.56,0.0,35.55
13464,2023-04-12,28.26,0.0,36.54
13465,2023-04-13,28.08,0.0,36.55
13466,2023-04-14,30.31,0.0,31.04
13467,2023-04-15,31.76,0.0,24.9
13468,2023-04-16,31.2,0.0,27.32
13469,2023-04-17,32.1,0.1,28.06
13470,2023-04-18,30.38,6.86,40.69
13471,2023-04-19,26.54,2.09,56.28
13472,2023-04-20,27.02,6.18,52.96
13473,2023-04-21,26.05,0.39,47.9
13474,2023-04-22,26.27,0.05,35.95
13475,2023-04-23,25.72,0.08,36.09
13476,2023-04-24,26.22,0.0,33.8
13477,2023-04-25,26.66,0.22,36.07
13478,2023-04-26,28.86,0.12,34.62
13479,2023-04-27,27.23,0.53,47.79
13480,2023-04-28,25.53,0.25,56.45
13481,2023-04-29,26.19,5.92,53.2
13482,2023-04-30,23.22,0.79,62.16
13483,2023-05-01,22.18,3.11,72.9
13484,2023-05-02,22.73,2.81,71.49
13485,2023-05-03,24.59,2.1,60.91
13486,2023-05-04,26.19,1.21,52.84
13487,2023-05-05,27.88,1.15,44.51
13488,2023-05-06,28.39,2.88,43.94
13489,2023-05-07,28.94,0.01,34.0
13490,2023-05-08,28.68,0.27,29.92
13491,2023-05-09,28.05,0.15,30.08
13492,2023-05-10,27.83,0.06,29.26
13493,2023-05-11,30.01,0.0,24.24
13494,2023-05-12,31.88,0.0,21.82
13495,2023-05-13,33.25,0.0,24.49
13496,2023-05-14,32.71,0.09,27.48
13497,2023-05-15,33.19,0.03,30.01
13498,2023-05-16,33.77,0.0,27.61
13499,2023-05-17,33.75,0.01,31.03
13500,2023-05-18,31.95,4.24,34.79
13501,2023-05-19,31.48,0.0,34.43
13502,2023-05-20,32.95,0.0,25.51
13503,2023-05-21,35.78,0.0,18.12
13504,2023-05-22,37.21,0.0,19.65
13505,2023-05-23,36.13,3.71,28.16
13506,2023-05-24,31.76,7.27,45.95
13507,2023-05-25,30.17,10.02,49.1
13508,2023-05-26,31.21,0.52,40.3
13509,2023-05-27,30.09,1.7,45.07
13510,2023-05-28,30.6,0.03,38.92
13511,2023-05-29,27.83,4.05,54.67
13512,2023-05-30,27.54,8.95,60.72
13513,2023-05-31,24.81,27.08,74.62
13514,2023-06-01,23.82,3.46,67.28
13515,2023-06-02,27.16,2.38,53.72
13516,2023-06-03,30.11,0.0,40.57
13517,2023-06-04,31.5,0.0,38.3
13518,2023-06-05,32.45,0.15,39.83
13519,2023-06-06,31.96,6.08,46.3
13520,2023-06-07,30.37,0.0,45.92
13521,2023-06-08,32.17,0.03,42.85
13522,2023-06-09,34.59,0.03,39.12
13523,2023-06-10,35.67,3.82,41.2
13524,2023-06-11,33.77,2.07,48.89
13525,2023-06-12,34.95,0.0,40.21
13526,2023-06-13,36.61,0.68,38.83
13527,2023-06-14,35.26,2.52,42.99
13528,2023-06-15,30.56,31.57,62.88
13529,2023-06-16,32.59,0.21,54.05
13530,2023-06-17,34.9,0.0,43.45
13531,2023-06-18,34.36,0.1,46.79
13532,2023-06-19,35.39,4.91,44.86
13533,2023-06-20,36.4,1.07,43.54
13534,2023-06-21,36.13,0.47,44.41
13535,2023-06-22,36.47,2.58,46.25
13536,2023-06-23,36.87,1.85,45.1
13537,2023-06-24,36.46,1.81,48.27
13538,2023-06-25,35.34,3.16,52.7
13539,2023-06-26,29.46,33.52,73.52
13540,2023-06-27,32.09,0.67,58.81
13541,2023-06-28,32.62,1.29,59.65
13542,2023-06-29,33.14,4.9,57.97
13543,2023-06-30,32.91,7.52,58.42
13544,2023-07-01,32.5,6.58,58.01
13545,2023-07-02,34.18,0.13,52.97
13546,2023-07-03,34.56,2.66,54.36
13547,2023-07-04,33.8,8.96,56.81
13548,2023-07-05,30.68,60.63,73.16
13549,2023-07-06,29.9,12.34,73.81
13550,2023-07-07,28.74,21.53,81.21
13551,2023-07-08,28.03,65.29,86.24
13552,2023-07-09,28.28,31.75,87.31
13553,2023-07-10,28.03,39.01,88.25
13554,2023-07-11,29.59,0.95,78.31
13555,2023-07-12,30.38,0.25,76.41
13556,2023-07-13,30.1,3.03,79.62
13557,2023-07-14,29.7,4.95,81.22
13558,2023-07-15,29.84,3.64,80.5
13559,2023-07-16,29.07,16.23,85.92
13560,2023-07-17,30.08,4.24,80.64
13561,2023-07-18,29.82,3.33,83.05
13562,2023-07-19,28.27,15.79,90.0
13563,2023-07-20,30.24,1.49,79.54
13564,2023-07-21,30.94,8.13,79.44
13565,2023-07-22,28.35,18.32,90.78
13566,2023-07-23,30.18,4.88,75.28
13567,2023-07-24,30.38,3.54,73.85
13568,2023-07-25,29.11,6.58,81.3
13569,2023-07-26,28.34,16.94,83.34
13570,2023-07-27,28.47,11.7,85.07
13571,2023-07-28,28.59,20.19,84.47
13572,2023-07-29,28.68,5.41,83.42
13573,2023-07-30,29.29,2.41,81.39
13574,2023-07-31,30.32,2.36,76.38
13575,2023-08-01,30.44,16.72,78.17
13576,2023-08-02,30.59,16.91,80.16
13577,2023-08-03,30.38,19.35,81.37
13578,2023-08-04,30.61,3.11,79.25
13579,2023-08-05,30.03,262.61,82.17
13580,2023-08-06,29.72,22.43,83.53
13581,2023-08-07,29.55,4.51,84.84
13582,2023-08-08,29.78,0.48,83.15
13583,2023-08-09,29.63,0.28,83.45
13584,2023-08-10,28.68,19.14,85.73
13585,2023-08-11,28.6,7.32,85.3
13586,2023-08-12,28.95,5.06,82.93
13587,2023-08-13,29.14,4.19,83.58
13588,2023-08-14,28.79,11.5,84.18
13589,2023-08-15,28.86,4.94,82.63
13590,2023-08-16,29.29,2.73,80.45
13591,2023-08-17,29.4,0.9,81.05
13592,2023-08-18,29.84,0.02,76.76
13593,2023-08-19,29.68,1.16,79.05
13594,2023-08-20,30.43,0.63,79.86
13595,2023-08-21,29.73,10.12,80.28
13596,2023-08-22,29.89,11.78,80.26
13597,2023-08-23,29.64,5.19,80.57
13598,2023-08-24,28.44,1.57,81.36
13599,2023-08-25,29.32,5.98,75.2
13600,2023-08-26,28.91,2.97,76.13
13601,2023-08-27,29.0,1.9,76.32
13602,2023-08-28,28.81,20.62,76.81
13603,2023-08-29,28.12,5.12,78.68
13604,2023-08-30,28.28,0.12,77.75
13605,2023-08-31,28.59,1.85,74.56
13606,2023-09-01,28.83,1.34,71.76
13607,2023-09-02,28.02,0.65,71.02
13608,2023-09-03,27.95,0.06,71.57
13609,2023-09-04,28.4,0.2,72.49
13610,2023-09-05,28.14,0.16,74.46
13611,2023-09-06,28.43,0.12,77.12
13612,2023-09-07,28.71,0.0,76.73
13613,2023-09-08,28.27,0.21,78.65
13614,2023-09-09,28.27,1.12,77.62
13615,2023-09-10,28.1,2.62,81.25
13616,2023-09-11,28.56,0.11,79.44
13617,2023-09-12,28.6,8.76,79.23
13618,2023-09-13,29.2,0.56,78.64
13619,2023-09-14,28.45,9.57,83.94
13620,2023-09-15,28.88,5.07,83.45
13621,2023-09-16,27.96,1.9,84.66
13622,2023-09-17,26.79,13.69,88.16
13623,2023-09-18,27.07,12.7,86.15
13624,2023-09-19,27.74,10.52,83.58
13625,2023-09-20,28.24,8.6,80.96
13626,2023-09-21,28.46,6.87,79.36
13627,2023-09-22,28.51,3.76,79.3
13628,2023-09-23,27.8,35.39,82.32
13629,2023-09-24,27.28,0.7,79.43
13630,2023-09-25,26.47,0.0,79.61
13631,2023-09-26,25.94,0.0,81.47
13632,2023-09-27,25.57,0.0,77.67
13633,2023-09-28,25.38,0.0,70.42
13634,2023-09-29,25.2,0.0,67.24
13635,2023-09-30,24.52,0.0,66.57
13636,2023-10-01,25.15,0.01,62.87
13637,2023-10-02,25.24,0.02,49.52
13638,2023-10-03,24.24,0.0,56.19
13639,2023-10-04,24.34,0.0,65.0
13640,2023-10-05,24.46,0.0,67.72
13641,2023-10-06,24.96,0.0,60.61
13642,2023-10-07,24.52,0.0,65.26
13643,2023-10-08,25.68,0.0,68.35
13644,2023-10-09,26.18,0.83,71.15
13645,2023-10-10,24.95,12.9,74.74
13646,2023-10-11,23.9,0.0,69.53
13647,2023-10-12,23.99,0.0,63.55
13648,2023-10-13,23.88,0.0,66.43
13649,2023-10-14,24.46,6.88,67.6
13650,2023-10-15,23.48,1.33,69.46
13651,2023-10-16,21.88,20.6,79.19
13652,2023-10-17,20.89,4.73,82.7
13653,2023-10-18,19.88,0.45,79.58
13654,2023-10-19,20.16,0.0,70.81
13655,2023-10-20,20.58,0.0,66.75
13656,2023-10-21,21.38,0.0,64.3
13657,2023-10-22,21.26,0.11,70.95
13658,2023-10-23,21.08,0.0,76.84
13659,2023-10-24,22.15,0.01,70.29
13660,2023-10-25,21.88,0.0,71.27
13661,2023-10-26,22.05,0.0,62.74
13662,2023-10-27,22.15,0.0,60.3
13663,2023-10-28,22.41,0.0,63.71
13664,2023-10-29,23.05,0.0,66.0
13665,2023-10-30,22.15,0.0,68.56
13666,2023-10-31,22.22,0.0,65.44
13667,2023-11-01,22.44,0.0,63.5
13668,2023-11-02,22.56,0.0,67.29
13669,2023-11-03,21.6,0.0,72.71
13670,2023-11-04,21.39,0.0,67.56
13671,2023-11-05,21.72,0.0,59.93
13672,2023-11-06,20.38,0.0,60.75
13673,2023-11-07,20.54,0.0,69.53
13674,2023-11-08,20.97,0.0,74.1
13675,2023-11-09,22.25,0.0,63.23
13676,2023-11-10,18.78,8.33,79.11
13677,2023-11-11,17.83,0.0,80.94
13678,2023-11-12,17.8,0.0,73.19
13679,2023-11-13,17.85,0.0,64.89
13680,2023-11-14,17.77,0.0,66.7
13681,2023-11-15,18.08,0.0,64.3
13682,2023-11-16,18.98,0.0,61.65
13683,2023-11-17,18.96,0.0,63.47
13684,2023-11-18,18.72,0.0,60.94
13685,2023-11-19,18.94,0.0,60.02
13686,2023-11-20,17.67,0.0,66.55
13687,2023-11-21,17.01,0.0,70.11
13688,2023-11-22,16.33,0.0,68.73
13689,2023-11-23,17.83,0.0,55.47
13690,2023-11-24,16.72,0.0,61.12
13691,2023-11-25,17.24,0.0,64.21
13692,2023-11-26,16.18,0.0,67.28
13693,2023-11-27,16.35,0.0,69.45
13694,2023-11-28,16.79,0.0,66.75
13695,2023-11-29,18.87,0.05,61.44
13696,2023-11-30,17.71,10.91,77.81
13697,2023-12-01,17.36,0.27,74.49
13698,2023-12-02,17.0,0.0,67.78
13699,2023-12-03,16.93,0.0,59.25
13700,2023-12-04,16.65,0.12,61.61
13701,2023-12-05,16.05,0.0,64.94
13702,2023-12-06,15.37,0.0,62.72
13703,2023-12-07,15.92,0.0,56.49
13704,2023-12-08,14.9,0.0,55.86
13705,2023-12-09,14.55,0.0,58.15
13706,2023-12-10,13.81,0.0,58.61
13707,2023-12-11,14.47,0.0,47.12
13708,2023-12-12,12.65,0.0,55.84
13709,2023-12-13,13.36,0.0,57.78
13710,2023-12-14,12.23,0.0,64.23
13711,2023-12-15,13.38,0.0,60.43
13712,2023-12-16,12.58,0.01,63.42
13713,2023-12-17,12.76,0.0,64.14
13714,2023-12-18,11.59,0.0,70.38
13715,2023-12-19,10.81,0.0,62.83
13716,2023-12-20,12.06,0.0,52.03
13717,2023-12-21,12.57,0.0,50.04
13718,2023-12-22,13.07,0.0,51.86
13719,2023-12-23,14.4,0.0,50.8
13720,2023-12-24,12.98,0.0,64.22
13721,2023-12-25,13.24,0.0,68.63
13722,2023-12-26,14.19,0.0,62.57
13723,2023-12-27,13.56,0.0,64.63
13724,2023-12-28,12.9,0.0,62.43
13725,2023-12-29,12.88,0.0,58.4
13726,2023-12-30,12.5,0.0,59.75
13727,2023-12-31,12.18,0.0,60.78
13728,2024-01-01,10.97,0.0,66.05
13729,2024-01-02,10.32,0.0,66.29
13730,2024-01-03,11.19,0.0,61.85
13731,2024-01-04,10.94,0.0,60.32
13732,2024-01-05,11.08,0.0,64.12
13733,2024-01-06,10.63,0.0,69.06
13734,2024-01-07,10.53,0.0,69.89
13735,2024-01-08,11.03,0.0,65.99
13736,2024-01-09,10.33,0.0,66.88
13737,2024-01-10,9.48,0.0,67.88
13738,2024-01-11,9.43,0.0,61.91
13739,2024-01-12,10.31,0.0,57.51
13740,2024-01-13,12.44,0.0,48.88
13741,2024-01-14,10.22,0.0,51.64
13742,2024-01-15,10.76,0.0,48.95
13743,2024-01-16,11.52,0.0,49.59
13744,2024-01-17,11.23,0.0,56.22
13745,2024-01-18,11.85,0.0,59.22
13746,2024-01-19,12.74,0.0,54.72
13747,2024-01-20,11.2,0.0,58.76
13748,2024-01-21,10.03,0.0,59.65
13749,2024-01-22,10.84,0.0,51.36
13750,2024-01-23,10.73,0.0,52.02
13751,2024-01-24,9.96,0.0,56.29
13752,2024-01-25,10.03,0.0,54.78
13753,2024-01-26,12.47,0.0,52.04
13754,2024-01-27,13.66,0.0,56.31
13755,2024-01-28,15.36,0.0,49.89
13756,2024-01-29,13.85,0.0,52.85
13757,2024-01-30,14.5,0.0,53.96
13758,2024-01-31,14.44,3.88,63.87
13759,2024-02-01,12.75,19.4,83.87
13760,2024-02-02,11.25,2.01,67.79
13761,2024-02-03,12.27,0.69,54.61
13762,2024-02-04,13.51,8.83,74.39
13763,2024-02-05,11.49,0.67,68.47
13764,2024-02-06,10.81,0.0,51.83
13765,2024-02-07,11.26,0.0,50.49
13766,2024-02-08,9.76,0.0,54.44
13767,2024-02-09,12.94,0.0,43.05
13768,2024-02-10,14.45,0.0,41.05
13769,2024-02-11,14.28,0.0,46.83
13770,2024-02-12,14.81,0.0,48.32
13771,2024-02-13,15.68,0.0,47.46
13772,2024-02-14,15.23,0.0,52.13
13773,2024-02-15,15.53,0.0,45.17
13774,2024-02-16,16.68,0.0,36.99
13775,2024-02-17,16.97,0.0,37.17
13776,2024-02-18,16.32,0.01,47.22
13777,2024-02-19,18.5,1.45,49.18
13778,2024-02-20,16.4,0.35,63.2
13779,2024-02-21,15.25,0.05,57.42
13780,2024-02-22,14.84,0.05,47.33
13781,2024-02-23,14.41,0.0,40.91
13782,2024-02-24,14.8,0.0,35.59
13783,2024-02-25,14.17,0.07,42.3
13784,2024-02-26,13.68,0.0,45.31
13785,2024-02-27,13.88,0.01,49.43
13786,2024-02-28,15.56,0.0,47.69
13787,2024-02-29,16.65,0.0,52.96
13788,2024-03-01,17.72,4.7,56.59
13789,2024-03-02,17.43,14.59,75.14
13790,2024-03-03,12.68,0.71,52.21
13791,2024-03-04,11.63,0.89,43.42
13792,2024-03-05,12.56,0.0,45.0
13793,2024-03-06,13.92,0.0,44.13
13794,2024-03-07,16.11,0.17,45.38
13795,2024-03-08,16.48,0.04,47.01
13796,2024-03-09,17.62,0.0,45.87
13797,2024-03-10,19.19,0.0,39.39
13798,2024-03-11,20.61,0.0,37.55
13799,2024-03-12,20.99,0.06,40.85
13800,2024-03-13,20.22,0.35,42.23
13801,2024-03-14,19.27,0.07,50.15
13802,2024-03-15,19.1,0.0,46.84
13803,2024-03-16,19.68,0.0,36.93
13804,2024-03-17,20.66,0.0,38.39
13805,2024-03-18,21.93,0.0,38.31
13806,2024-03-19,22.79,0.0,38.27
13807,2024-03-20,24.01,0.0,37.16
13808,2024-03-21,23.85,0.01,34.87
13809,2024-03-22,23.8,0.53,43.72
13810,2024-03-23,24.76,0.03,42.01
13811,2024-03-24,23.59,0.11,39.94
13812,2024-03-25,23.84,0.0,39.73
13813,2024-03-26,25.9,0.01,39.21
13814,2024-03-27,25.59,3.15,44.11
13815,2024-03-28,25.22,0.46,55.72
13816,2024-03-29,27.15,0.76,54.45
13817,2024-03-30,25.52,15.62,58.4
13818,2024-03-31,25.12,0.05,46.48
13819,2024-04-01,23.0,0.03,41.54
13820,2024-04-02,24.06,0.0,36.51
13821,2024-04-03,27.0,0.0,32.96
13822,2024-04-04,25.77,0.01,34.29
13823,2024-04-05,25.21,0.0,35.5
13824,2024-04-06,24.88,0.0,32.83
13825,2024-04-07,26.23,0.0,28.6
13826,2024-04-08,26.86,0.0,27.87
13827,2024-04-09,27.71,0.0,24.89
13828,2024-04-10,27.88,0.0,27.82
13829,2024-04-11,28.57,0.0,31.2
13830,2024-04-12,28.84,0.0,31.28
13831,2024-04-13,29.01,0.49,35.48
13832,2024-04-14,24.93,0.24,53.64
13833,2024-04-15,27.64,1.85,46.9
13834,2024-04-16,27.71,0.03,43.33
13835,2024-04-17,26.18,0.0,40.37
13836,2024-04-18,29.2,0.45,32.53
13837,2024-04-19,28.9,0.57,33.57
13838,2024-04-20,26.99,2.77,45.68
13839,2024-04-21,28.38,0.02,38.9
13840,2024-04-22,28.83,0.08,33.72
13841,2024-04-23,28.77,0.41,35.69
13842,2024-04-24,28.33,0.26,34.54
13843,2024-04-25,30.27,0.01,32.7
13844,2024-04-26,31.92,0.35,28.37
13845,2024-04-27,29.79,3.11,37.42
13846,2024-04-28,29.44,0.95,36.24
13847,2024-04-29,25.35,5.41,47.82
13848,2024-04-30,26.27,0.0,39.21
13849,2024-05-01,24.02,0.0,36.91
13850,2024-05-02,27.06,0.03,28.93
13851,2024-05-03,28.58,0.0,26.98
13852,2024-05-04,30.31,0.0,28.99
13853,2024-05-05,30.98,0.0,32.47
13854,2024-05-06,32.57,0.0,30.11
13855,2024-05-07,34.44,0.0,22.89
13856,2024-05-08,35.36,0.0,20.35
13857,2024-05-09,33.5,0.0,25.66
13858,2024-05-10,34.55,0.39,28.21
13859,2024-05-11,33.54,2.96,34.07
13860,2024-05-12,32.8,0.25,33.5
13861,2024-05-13,32.72,0.76,27.24
13862,2024-05-14,32.18,0.0,20.5
13863,2024-05-15,34.76,0.0,18.08
13864,2024-05-16,35.79,0.0,19.68
13865,2024-05-17,37.25,0.0,23.31
13866,2024-05-18,37.78,0.0,21.69
13867,2024-05-19,37.35,0.0,24.07
13868,2024-05-20,38.59,0.0,19.09
13869,2024-05-21,37.64,0.01,18.41
13870,2024-05-22,38.0,0.0,18.52
13871,2024-05-23,37.18,0.14,20.41
13872,2024-05-24,37.27,0.89,24.45
13873,2024-05-25,37.74,0.32,21.71
13874,2024-05-26,38.0,0.0,19.5
13875,2024-05-27,38.74,0.0,14.67
13876,2024-05-28,39.16,0.0,11.79
13877,2024-05-29,39.32,0.0,10.3
13878,2024-05-30,38.69,0.0,9.42
13879,2024-05-31,38.82,0.04,9.61
13880,2024-06-01,39.18,0.0,14.31
13881,2024-06-02,38.27,0.24,18.45
13882,2024-06-03,38.86,0.02,16.03
13883,2024-06-04,39.23,0.0,18.0
13884,2024-06-05,38.47,4.35,20.76
13885,2024-06-06,35.16,2.02,33.82
13886,2024-06-07,35.85,0.31,29.35
13887,2024-06-08,35.39,0.0,25.3
13888,2024-06-09,35.89,0.0,19.16
13889,2024-06-10,36.54,0.0,16.24
13890,2024-06-11,37.43,0.0,14.93
13891,2024-06-12,38.67,0.0,15.15
13892,2024-06-13,39.36,0.0,17.59
13893,2024-06-14,40.03,0.0,19.79
13894,2024-06-15,40.52,0.0,19.53
13895,2024-06-16,40.03,0.0,20.25
13896,2024-06-17,40.85,0.0,20.74
13897,2024-06-18,40.88,0.58,21.97
13898,2024-06-19,40.92,0.44,23.38
13899,2024-06-20,38.38,4.05,27.78
13900,2024-06-21,35.47,2.71,32.5
13901,2024-06-22,36.01,0.0,32.07
13902,2024-06-23,37.34,0.28,27.87
13903,2024-06-24,38.49,0.17,24.73
13904,2024-06-25,38.18,0.4,29.07
13905,2024-06-26,39.12,1.01,27.57
13906,2024-06-27,35.86,8.17,45.84
13907,2024-06-28,35.6,3.44,51.1
13908,2024-06-29,35.45,8.07,51.52
13909,2024-06-30,36.63,0.25,47.35
13910,2024-07-01,36.99,3.91,46.79
13911,2024-07-02,35.49,33.31,60.35
13912,2024-07-03,34.61,18.0,61.62
13913,2024-07-04,31.3,14.8,69.96
13914,2024-07-05,33.62,12.25,60.53
13915,2024-07-06,30.59,15.8,72.66
13916,2024-07-07,31.78,7.44,68.75
13917,2024-07-08,33.43,0.42,58.67
13918,2024-07-09,33.9,0.02,54.13
13919,2024-07-10,34.65,4.03,53.02
13920,2024-07-11,35.56,0.2,49.97
13921,2024-07-12,34.97,6.91,54.85
13922,2024-07-13,33.61,1.34,54.7
13923,2024-07-14,34.53,0.01,49.69
13924,2024-07-15,35.69,0.34,46.11
13925,2024-07-16,34.83,4.04,55.89
13926,2024-07-17,35.07,3.13,56.0
13927,2024-07-18,34.72,4.63,55.56
13928,2024-07-19,35.63,0.65,48.67
13929,2024-07-20,35.56,1.67,52.29
13930,2024-07-21,35.88,1.42,54.17
13931,2024-07-22,35.73,6.8,55.4
13932,2024-07-23,34.29,7.86,61.57
13933,2024-07-24,33.47,3.71,63.07
13934,2024-07-25,32.71,5.77,66.31
13935,2024-07-26,33.2,15.61,64.17
13936,2024-07-27,34.82,0.93,58.65
13937,2024-07-28,33.21,2.9,58.57
13938,2024-07-29,34.24,2.75,61.63
13939,2024-07-30,33.84,11.35,63.84
13940,2024-07-31,33.51,14.56,70.39
13941,2024-08-01,30.82,16.72,78.09
13942,2024-08-02,32.7,2.62,65.13
13943,2024-08-03,30.89,0.95,73.83
13944,2024-08-04,32.01,0.32,63.92
13945,2024-08-05,32.33,4.07,64.51
13946,2024-08-06,31.97,2.0,69.21
13947,2024-08-07,31.6,3.42,72.66
13948,2024-08-08,31.39,3.74,69.78
13949,2024-08-09,31.36,9.64,71.35
13950,2024-08-10,29.91,25.11,79.05
13951,2024-08-11,28.62,54.25,89.77
13952,2024-08-12,29.23,5.66,82.22
13953,2024-08-13,29.08,1.36,84.38
13954,2024-08-14,30.25,15.17,79.17
13955,2024-08-15,30.31,16.52,79.87
13956,2024-08-16,29.71,7.66,83.85
13957,2024-08-17,28.02,14.93,89.94
13958,2024-08-18,28.56,1.42,85.82
13959,2024-08-19,29.14,19.55,83.68
13960,2024-08-20,30.01,4.13,78.36
13961,2024-08-21,29.78,5.1,81.12
13962,2024-08-22,30.67,1.67,77.41
13963,2024-08-23,30.52,2.48,76.91
13964,2024-08-24,30.0,4.07,77.06
13965,2024-08-25,29.94,1.48,75.97
13966,2024-08-26,29.66,4.7,79.4
13967,2024-08-27,28.34,16.85,86.27
13968,2024-08-28,28.2,22.11,86.83
13969,2024-08-29,27.51,19.2,89.01
13970,2024-08-30,28.81,1.82,80.39
13971,2024-08-31,28.17,0.0,82.12
13972,2024-09-01,29.81,0.28,76.64
13973,2024-09-02,29.41,2.4,81.65
13974,2024-09-03,28.77,22.68,81.26
13975,2024-09-04,28.3,13.3,79.63
13976,2024-09-05,28.28,2.41,77.57
13977,2024-09-06,28.89,8.03,78.57
13978,2024-09-07,28.75,10.76,79.98
13979,2024-09-08,29.09,2.59,79.21
13980,2024-09-09,29.36,2.74,78.9
13981,2024-09-10,29.09,5.31,80.76
13982,2024-09-11,28.54,0.47,80.3
13983,2024-09-12,28.6,1.73,80.42
13984,2024-09-13,28.29,1.39,78.01
13985,2024-09-14,27.87,4.44,76.32
13986,2024-09-15,28.01,1.19,74.42
13987,2024-09-16,27.79,0.07,74.24
13988,2024-09-17,28.49,1.04,72.18
13989,2024-09-18,28.09,0.08,78.05
13990,2024-09-19,27.43,0.21,76.96
13991,2024-09-20,28.45,0.0,74.78
13992,2024-09-21,29.62,0.0,74.59
13993,2024-09-22,29.52,0.0,76.27
13994,2024-09-23,30.37,0.0,74.06
13995,2024-09-24,31.26,0.03,69.9
13996,2024-09-25,30.92,0.44,67.49
13997,2024-09-26,28.91,6.27,80.43
13998,2024-09-27,28.56,5.76,76.05
13999,2024-09-28,28.54,0.59,71.97
14000,2024-09-29,28.3,0.01,70.09
14001,2024-09-30,28.36,0.0,73.15
14002,2024-10-01,28.78,0.0,69.93
